{
  "type": "FeatureCollection",
  "metadata": {
    "dataset": "Mapping Voices: An Open Atlas of Oral-History and Voice-Testimony Collections",
    "version": "0.4.0",
    "released": "2026-09-27",
    "license": "CC-BY-4.0",
    "homepage": "https://adamu.tech/mapping/",
    "methodology": "https://github.com/adab-tech/mapping/blob/main/METHODOLOGY.md",
    "scope_statement": "Counts and statistics describe the collections currently indexed in Mapping Voices, not the global distribution of oral history. Absence of an indexed archive for a place or language is not evidence that no oral-history tradition or collection exists."
  },
  "features": [
    {
      "type": "Feature",
      "id": "MV-000001",
      "geometry": {
        "type": "Point",
        "coordinates": [
          -74.006,
          40.7128
        ]
      },
      "properties": {
        "id": "storycorps-national-archive",
        "mv_id": "MV-000001",
        "title": "StoryCorps Archive",
        "archive": "StoryCorps / Library of Congress American Folklife Center",
        "country": "United States",
        "languages": [
          "English",
          "Spanish"
        ],
        "themes": [
          "everyday life",
          "family history",
          "community memory"
        ],
        "decade_start": 2003,
        "decade_end": null,
        "summary": "Since 2003, StoryCorps has recorded unscripted conversations between everyday Americans about their lives. The full collection is preserved at the Library of Congress, with searchable highlights published in the online StoryCorps Archive.",
        "url": "https://archive.storycorps.org/",
        "citation": "StoryCorps / Library of Congress American Folklife Center. StoryCorps Archive. Retrieved from https://archive.storycorps.org/.",
        "access_notes": "Freely accessible online via the StoryCorps Archive; the full recorded collection is preserved at the Library of Congress.",
        "related_ids": [
          "911-memorial-museum-oral-history",
          "a-people-s-archive-of-police-violence-in-cleveland",
          "moise-a-khayrallah-center-for-lebanese-diaspora",
          "preserve-the-baltimore-uprising",
          "queens-memory-project",
          "the-historymakers",
          "the-outwords-archive"
        ],
        "verification_status": "partially_verified",
        "provenance": "v0.1 seed dataset, maintainer-curated from the holding institution's public page.",
        "date_added": "2026-09-01",
        "iso3166_1_alpha2": "US",
        "region": "Americas",
        "subregion": "Northern America",
        "theme_groups": [
          "Memory & community"
        ]
      }
    },
    {
      "type": "Feature",
      "id": "MV-000002",
      "geometry": {
        "type": "Point",
        "coordinates": [
          -77.0364,
          38.8951
        ]
      },
      "properties": {
        "id": "veterans-history-project",
        "mv_id": "MV-000002",
        "title": "Veterans History Project",
        "archive": "Library of Congress, American Folklife Center",
        "country": "United States",
        "languages": [
          "English"
        ],
        "themes": [
          "war and conflict",
          "military history"
        ],
        "decade_start": 2000,
        "decade_end": null,
        "summary": "A congressionally established program that collects and preserves firsthand video and audio interviews, letters, diaries, and photographs of U.S. wartime veterans from World War I through current conflicts.",
        "url": "https://www.loc.gov/vets/",
        "citation": "Library of Congress, American Folklife Center. Veterans History Project. Retrieved from https://www.loc.gov/vets/.",
        "access_notes": "Many interviews viewable online via the Library of Congress; the full collection is available by research visit.",
        "access": "partial online",
        "related_ids": [
          "iwm-sound-archive",
          "korean-war-legacy-foundation",
          "national-wwii-museum-oral-history",
          "vietnam-center-ttu",
          "west-point-center-for-oral-history"
        ],
        "verification_status": "partially_verified",
        "provenance": "v0.1 seed dataset, maintainer-curated from the holding institution's public page.",
        "date_added": "2026-09-01",
        "iso3166_1_alpha2": "US",
        "region": "Americas",
        "subregion": "Northern America",
        "theme_groups": [
          "War & conflict"
        ]
      }
    },
    {
      "type": "Feature",
      "id": "MV-000003",
      "geometry": {
        "type": "Point",
        "coordinates": [
          -122.3321,
          47.6062
        ]
      },
      "properties": {
        "id": "densho-digital-repository",
        "mv_id": "MV-000003",
        "title": "Densho Digital Repository",
        "archive": "Densho",
        "country": "United States",
        "languages": [
          "English",
          "Japanese"
        ],
        "themes": [
          "migration",
          "incarceration",
          "civil rights"
        ],
        "decade_start": 1996,
        "decade_end": null,
        "historical_period_start": 1942,
        "historical_period_end": 1946,
        "summary": "Densho preserves and freely shares video oral history interviews with Japanese Americans unjustly incarcerated during World War II, alongside primary-source documents and photographs from before, during, and after that period.",
        "url": "https://ddr.densho.org/",
        "citation": "Densho. Densho Digital Repository. Retrieved from https://ddr.densho.org/.",
        "access_notes": "Freely accessible online.",
        "access": "open online",
        "related_ids": [
          "japanese-american-national-museum",
          "the-historymakers"
        ],
        "verification_status": "partially_verified",
        "provenance": "v0.1 seed dataset, maintainer-curated from the holding institution's public page.",
        "date_added": "2026-09-01",
        "iso3166_1_alpha2": "US",
        "region": "Americas",
        "subregion": "Northern America",
        "theme_groups": [
          "Human rights & justice",
          "Migration & displacement"
        ]
      }
    },
    {
      "type": "Feature",
      "id": "MV-000004",
      "geometry": {
        "type": "Point",
        "coordinates": [
          -118.2851,
          34.0224
        ]
      },
      "properties": {
        "id": "usc-shoah-foundation-vha",
        "mv_id": "MV-000004",
        "title": "Visual History Archive",
        "archive": "USC Shoah Foundation",
        "country": "United States",
        "languages": [
          "English",
          "Hebrew",
          "Russian",
          "Polish",
          "Multiple languages"
        ],
        "language_note": "multiple other languages",
        "themes": [
          "genocide",
          "Holocaust",
          "human rights"
        ],
        "decade_start": 1994,
        "decade_end": null,
        "summary": "Founded by Steven Spielberg in 1994, the Visual History Archive holds tens of thousands of video testimonies from survivors and witnesses of the Holocaust and later genocides, including in Rwanda, Armenia, Cambodia, and Nanjing.",
        "url": "https://sfi.usc.edu/vha",
        "citation": "USC Shoah Foundation. Visual History Archive. Retrieved from https://sfi.usc.edu/vha.",
        "access_notes": "Full testimonies require registration through partner institutions or educational access via IWitness; some clips are public.",
        "access": "registration required",
        "related_ids": [
          "a-people-s-archive-of-police-violence-in-cleveland",
          "armenian-film-foundation",
          "fortunoff-video-archive",
          "freedom-collection",
          "preserve-the-baltimore-uprising",
          "the-outwords-archive",
          "yad-vashem-testimonies"
        ],
        "verification_status": "partially_verified",
        "provenance": "v0.1 seed dataset, maintainer-curated from the holding institution's public page.",
        "date_added": "2026-09-01",
        "iso3166_1_alpha2": "US",
        "region": "Americas",
        "subregion": "Northern America",
        "theme_groups": [
          "Genocide & mass violence",
          "Human rights & justice"
        ]
      }
    },
    {
      "type": "Feature",
      "id": "MV-000005",
      "geometry": {
        "type": "Point",
        "coordinates": [
          -77.0364,
          38.8951
        ]
      },
      "properties": {
        "id": "ralph-rinzler-folklife-archives",
        "mv_id": "MV-000005",
        "title": "Ralph Rinzler Folklife Archives and Collections",
        "archive": "Smithsonian Center for Folklife and Cultural Heritage",
        "country": "United States",
        "languages": [
          "English",
          "Multiple languages"
        ],
        "language_note": "multiple",
        "themes": [
          "folklife",
          "music",
          "oral tradition"
        ],
        "decade_start": 1967,
        "decade_end": null,
        "summary": "Holds field recordings, oral history interviews, and documentation connected to the Smithsonian Folklife Festival and Smithsonian Folkways Recordings, spanning traditions from the United States and around the world.",
        "url": "https://folklife.si.edu/archives",
        "citation": "Smithsonian Center for Folklife and Cultural Heritage. Ralph Rinzler Folklife Archives and Collections. Retrieved from https://folklife.si.edu/archives.",
        "related_ids": [
          "association-cultural-equity-lomax",
          "berlin-phonogramm-archiv",
          "oral-history-of-american-music",
          "slave-narratives-a-folk-history-of-slavery-in-the"
        ],
        "verification_status": "partially_verified",
        "provenance": "v0.1 seed dataset, maintainer-curated from the holding institution's public page.",
        "date_added": "2026-09-01",
        "iso3166_1_alpha2": "US",
        "region": "Americas",
        "subregion": "Northern America",
        "theme_groups": [
          "Music, performance & broadcasting",
          "Oral tradition & folklore"
        ]
      }
    },
    {
      "type": "Feature",
      "id": "MV-000006",
      "geometry": {
        "type": "Point",
        "coordinates": [
          -97.1384,
          49.8951
        ]
      },
      "properties": {
        "id": "nctr-residential-schools",
        "mv_id": "MV-000006",
        "title": "National Centre for Truth and Reconciliation",
        "archive": "University of Manitoba",
        "country": "Canada",
        "languages": [
          "English",
          "French",
          "Indigenous languages of the Americas"
        ],
        "language_note": "Indigenous languages",
        "themes": [
          "indigenous history",
          "human rights",
          "residential schools"
        ],
        "decade_start": 2007,
        "decade_end": null,
        "summary": "The permanent home for the statements, documents, and video testimony gathered by Canada's Truth and Reconciliation Commission from Survivors of the residential school system.",
        "url": "https://nctr.ca/",
        "citation": "University of Manitoba. National Centre for Truth and Reconciliation. Retrieved from https://nctr.ca/.",
        "archive_type": "university or research institute",
        "related_ids": [
          "doris-duke-utah-oral-history"
        ],
        "verification_status": "partially_verified",
        "provenance": "v0.1 seed dataset, maintainer-curated from the holding institution's public page.",
        "date_added": "2026-09-01",
        "iso3166_1_alpha2": "CA",
        "region": "Americas",
        "subregion": "Northern America",
        "theme_groups": [
          "Colonialism & Indigenous histories",
          "Human rights & justice"
        ]
      }
    },
    {
      "type": "Feature",
      "id": "MV-000007",
      "geometry": {
        "type": "Point",
        "coordinates": [
          -46.6333,
          -23.5505
        ]
      },
      "properties": {
        "id": "museu-da-pessoa",
        "mv_id": "MV-000007",
        "title": "Museu da Pessoa (Museum of the Person)",
        "archive": "Museu da Pessoa",
        "country": "Brazil",
        "languages": [
          "Portuguese"
        ],
        "themes": [
          "everyday life",
          "migration",
          "labor history"
        ],
        "decade_start": 1991,
        "decade_end": null,
        "summary": "A collaborative virtual museum of life stories founded in Sao Paulo in 1991, holding tens of thousands of personal narratives documenting migration, work, and community memory across Brazil.",
        "url": "https://museudapessoa.org/",
        "citation": "Museu da Pessoa. Museu da Pessoa (Museum of the Person). Retrieved from https://museudapessoa.org/.",
        "archive_type": "museum",
        "related_ids": [
          "cpdoc-fgv-brazil"
        ],
        "verification_status": "partially_verified",
        "provenance": "v0.1 seed dataset, maintainer-curated from the holding institution's public page.",
        "date_added": "2026-09-01",
        "iso3166_1_alpha2": "BR",
        "region": "Americas",
        "subregion": "Latin America and the Caribbean",
        "theme_groups": [
          "Labor",
          "Memory & community",
          "Migration & displacement"
        ]
      }
    },
    {
      "type": "Feature",
      "id": "MV-000008",
      "geometry": {
        "type": "Point",
        "coordinates": [
          -74.0721,
          4.711
        ]
      },
      "properties": {
        "id": "cnmh-colombia",
        "mv_id": "MV-000008",
        "title": "Human Rights and Historical Memory Virtual Archive",
        "archive": "Centro Nacional de Memoria Historica",
        "country": "Colombia",
        "languages": [
          "Spanish"
        ],
        "themes": [
          "war and conflict",
          "human rights",
          "memory and reconciliation"
        ],
        "decade_start": 2011,
        "decade_end": null,
        "summary": "Colombia's national public institution charged with collecting oral testimony and documentation related to the country's decades-long armed conflict, made accessible through its virtual human-rights archive.",
        "url": "https://www.archivodelosddhh.gov.co/",
        "citation": "Centro Nacional de Memoria Historica. Human Rights and Historical Memory Virtual Archive. Retrieved from https://www.archivodelosddhh.gov.co/.",
        "related_ids": [
          "lugar-de-la-memoria-peru",
          "memoria-abierta-argentina",
          "museo-palabra-imagen-el-salvador"
        ],
        "verification_status": "partially_verified",
        "provenance": "v0.1 seed dataset, maintainer-curated from the holding institution's public page.",
        "date_added": "2026-09-01",
        "iso3166_1_alpha2": "CO",
        "region": "Americas",
        "subregion": "Latin America and the Caribbean",
        "theme_groups": [
          "Human rights & justice",
          "War & conflict"
        ]
      }
    },
    {
      "type": "Feature",
      "id": "MV-000009",
      "geometry": {
        "type": "Point",
        "coordinates": [
          -58.3816,
          -34.6037
        ]
      },
      "properties": {
        "id": "memoria-abierta-argentina",
        "mv_id": "MV-000009",
        "title": "Archivo Oral de Memoria Abierta",
        "archive": "Memoria Abierta",
        "country": "Argentina",
        "languages": [
          "Spanish"
        ],
        "themes": [
          "state terrorism",
          "human rights",
          "memory"
        ],
        "decade_start": 1999,
        "decade_end": null,
        "historical_period_start": 1976,
        "historical_period_end": 1983,
        "summary": "An alliance of Argentine human rights organizations whose oral archive gathers testimony from people affected by state terrorism during the 1976-1983 military dictatorship and the resistance to it.",
        "url": "https://memoriaabierta.org.ar/wp/archivo-oral/",
        "citation": "Memoria Abierta. Archivo Oral de Memoria Abierta. Retrieved from https://memoriaabierta.org.ar/wp/archivo-oral/.",
        "related_ids": [
          "cnmh-colombia",
          "museo-memoria-chile",
          "museo-palabra-imagen-el-salvador"
        ],
        "verification_status": "partially_verified",
        "provenance": "v0.1 seed dataset, maintainer-curated from the holding institution's public page.",
        "date_added": "2026-09-01",
        "iso3166_1_alpha2": "AR",
        "region": "Americas",
        "subregion": "Latin America and the Caribbean",
        "theme_groups": [
          "Genocide & mass violence",
          "Human rights & justice",
          "Memory & community"
        ]
      }
    },
    {
      "type": "Feature",
      "id": "MV-000010",
      "geometry": {
        "type": "Point",
        "coordinates": [
          -0.1278,
          51.5074
        ]
      },
      "properties": {
        "id": "bl-national-life-stories",
        "mv_id": "MV-000010",
        "title": "National Life Stories",
        "archive": "British Library",
        "country": "United Kingdom",
        "languages": [
          "English"
        ],
        "themes": [
          "social history",
          "labor history",
          "science"
        ],
        "decade_start": 1987,
        "decade_end": null,
        "summary": "An oral history charity based at the British Library that has recorded in-depth biographical interviews since 1987 across industry, science, the arts, and public life, preserved within the British Library Sound Archive.",
        "url": "https://www.bl.uk/about/projects/national-life-stories",
        "citation": "British Library. National Life Stories. Retrieved from https://www.bl.uk/about/projects/national-life-stories.",
        "related_ids": [
          "iwm-sound-archive",
          "warwick-modern-records-centre"
        ],
        "verification_status": "partially_verified",
        "provenance": "v0.1 seed dataset, maintainer-curated from the holding institution's public page.",
        "date_added": "2026-09-01",
        "iso3166_1_alpha2": "GB",
        "region": "Europe",
        "subregion": "Northern Europe",
        "theme_groups": [
          "History & politics",
          "Labor",
          "Science, environment & disaster"
        ]
      }
    },
    {
      "type": "Feature",
      "id": "MV-000011",
      "geometry": {
        "type": "Point",
        "coordinates": [
          -3.1883,
          55.9533
        ]
      },
      "properties": {
        "id": "tobar-an-dualchais",
        "mv_id": "MV-000011",
        "title": "Tobar an Dualchais / Kist o Riches",
        "archive": "School of Scottish Studies Archives, University of Edinburgh",
        "country": "United Kingdom",
        "languages": [
          "Scottish Gaelic",
          "Scots",
          "English"
        ],
        "themes": [
          "oral tradition",
          "folklore",
          "music"
        ],
        "decade_start": 1930,
        "decade_end": null,
        "summary": "Digitized recordings from the University of Edinburgh's School of Scottish Studies Archives and partner collections, offering thousands of songs, stories, and oral history recorded across Scotland from the 1930s onward.",
        "url": "https://www.tobarandualchais.co.uk/",
        "citation": "School of Scottish Studies Archives, University of Edinburgh. Tobar an Dualchais / Kist o Riches. Retrieved from https://www.tobarandualchais.co.uk/.",
        "archive_type": "university or research institute",
        "related_ids": [
          "association-cultural-equity-lomax",
          "duchas-national-folklore-collection",
          "estonian-folklore-archives",
          "finnish-literature-society-folklore-archive"
        ],
        "verification_status": "partially_verified",
        "provenance": "v0.1 seed dataset, maintainer-curated from the holding institution's public page.",
        "date_added": "2026-09-01",
        "iso3166_1_alpha2": "GB",
        "region": "Europe",
        "subregion": "Northern Europe",
        "theme_groups": [
          "Music, performance & broadcasting",
          "Oral tradition & folklore"
        ]
      }
    },
    {
      "type": "Feature",
      "id": "MV-000012",
      "geometry": {
        "type": "Point",
        "coordinates": [
          -6.2603,
          53.3498
        ]
      },
      "properties": {
        "id": "duchas-national-folklore-collection",
        "mv_id": "MV-000012",
        "title": "National Folklore Collection (Duchas)",
        "archive": "University College Dublin",
        "country": "Ireland",
        "languages": [
          "Irish",
          "English"
        ],
        "themes": [
          "folklore",
          "oral tradition"
        ],
        "decade_start": 1935,
        "decade_end": null,
        "summary": "One of Europe's largest folklore archives, held at University College Dublin and digitized via duchas.ie, including the 1930s Schools' Collection of oral tradition gathered by schoolchildren and thousands of hours of sound recordings.",
        "url": "https://www.duchas.ie/en",
        "citation": "University College Dublin. National Folklore Collection (Duchas). Retrieved from https://www.duchas.ie/en.",
        "archive_type": "university or research institute",
        "related_ids": [
          "finnish-literature-society-folklore-archive",
          "tobar-an-dualchais"
        ],
        "verification_status": "partially_verified",
        "provenance": "v0.1 seed dataset, maintainer-curated from the holding institution's public page.",
        "date_added": "2026-09-01",
        "iso3166_1_alpha2": "IE",
        "region": "Europe",
        "subregion": "Northern Europe",
        "theme_groups": [
          "Oral tradition & folklore"
        ]
      }
    },
    {
      "type": "Feature",
      "id": "MV-000013",
      "geometry": {
        "type": "Point",
        "coordinates": [
          14.4378,
          50.0755
        ]
      },
      "properties": {
        "id": "memory-of-nations-czech",
        "mv_id": "MV-000013",
        "title": "Memory of Nations",
        "archive": "Post Bellum",
        "country": "Czech Republic",
        "languages": [
          "Czech",
          "Slovak",
          "English"
        ],
        "themes": [
          "totalitarianism",
          "war and conflict",
          "political history"
        ],
        "decade_start": 2001,
        "decade_end": null,
        "summary": "Built by the non-profit Post Bellum, this online database holds thousands of testimonies from witnesses of 20th-century totalitarian regimes in Czechoslovakia and the Czech Republic, including WWII, the Holocaust, and communist-era persecution.",
        "url": "https://www.memoryofnations.eu/en",
        "citation": "Post Bellum. Memory of Nations. Retrieved from https://www.memoryofnations.eu/en.",
        "related_ids": [
          "european-solidarity-centre-archive",
          "karta-center-poland",
          "osa-archivum-budapest",
          "yahad-in-unum"
        ],
        "verification_status": "partially_verified",
        "provenance": "v0.1 seed dataset, maintainer-curated from the holding institution's public page.",
        "date_added": "2026-09-01",
        "iso3166_1_alpha2": "CZ",
        "region": "Europe",
        "subregion": "Eastern Europe",
        "theme_groups": [
          "Genocide & mass violence",
          "History & politics",
          "War & conflict"
        ]
      }
    },
    {
      "type": "Feature",
      "id": "MV-000014",
      "geometry": {
        "type": "Point",
        "coordinates": [
          77.209,
          28.6139
        ]
      },
      "properties": {
        "id": "1947-partition-archive",
        "mv_id": "MV-000014",
        "title": "The 1947 Partition Archive",
        "archive": "The 1947 Partition Archive",
        "country": "India",
        "languages": [
          "English",
          "Hindi",
          "Urdu",
          "Punjabi",
          "Bengali",
          "Gujarati",
          "Sindhi"
        ],
        "themes": [
          "migration",
          "Partition",
          "displacement"
        ],
        "decade_start": 2010,
        "decade_end": null,
        "historical_period_start": 1947,
        "historical_period_end": 1947,
        "summary": "A crowd-sourced oral history project, founded in Berkeley in 2010, that has recorded over 12,000 witness accounts of the 1947 Partition of British India from survivors across India, Pakistan, Bangladesh, and the diaspora.",
        "url": "https://www.1947partitionarchive.org/",
        "citation": "The 1947 Partition Archive. The 1947 Partition Archive. Retrieved from https://www.1947partitionarchive.org/.",
        "related_ids": [
          "citizens-archive-pakistan",
          "nehru-memorial-oral-history"
        ],
        "verification_status": "partially_verified",
        "provenance": "v0.1 seed dataset, maintainer-curated from the holding institution's public page.",
        "date_added": "2026-09-01",
        "iso3166_1_alpha2": "IN",
        "region": "Asia",
        "subregion": "Southern Asia",
        "theme_groups": [
          "Migration & displacement"
        ]
      }
    },
    {
      "type": "Feature",
      "id": "MV-000015",
      "geometry": {
        "type": "Point",
        "coordinates": [
          132.4536,
          34.3955
        ]
      },
      "properties": {
        "id": "hiroshima-peace-memorial-testimony",
        "mv_id": "MV-000015",
        "title": "A-bomb Survivor Testimony Archive",
        "archive": "Hiroshima Peace Memorial Museum",
        "country": "Japan",
        "languages": [
          "Japanese",
          "English"
        ],
        "themes": [
          "war and conflict",
          "nuclear history",
          "peace"
        ],
        "decade_start": 1986,
        "decade_end": null,
        "historical_period_start": 1945,
        "historical_period_end": 1945,
        "summary": "Video testimonies of hibakusha (atomic bomb survivors) recorded by the Hiroshima Peace Memorial Museum since 1986, documenting firsthand accounts of the 1945 atomic bombing and its aftermath.",
        "url": "https://hpmm-db.jp/testify_en/",
        "citation": "Hiroshima Peace Memorial Museum. A-bomb Survivor Testimony Archive. Retrieved from https://hpmm-db.jp/testify_en/.",
        "archive_type": "museum",
        "related_ids": [
          "nagasaki-peace-memorial-testimonies",
          "okinawa-peace-memorial-museum"
        ],
        "verification_status": "partially_verified",
        "provenance": "v0.1 seed dataset, maintainer-curated from the holding institution's public page.",
        "date_added": "2026-09-01",
        "iso3166_1_alpha2": "JP",
        "region": "Asia",
        "subregion": "Eastern Asia",
        "theme_groups": [
          "War & conflict"
        ]
      }
    },
    {
      "type": "Feature",
      "id": "MV-000016",
      "geometry": {
        "type": "Point",
        "coordinates": [
          104.9282,
          11.5564
        ]
      },
      "properties": {
        "id": "dccam-oral-history",
        "mv_id": "MV-000016",
        "title": "Documentation Center of Cambodia Oral History Project",
        "archive": "Documentation Center of Cambodia (DC-Cam)",
        "country": "Cambodia",
        "languages": [
          "Khmer",
          "English"
        ],
        "themes": [
          "genocide",
          "war and conflict",
          "transitional justice"
        ],
        "decade_start": 1995,
        "decade_end": null,
        "historical_period_start": 1975,
        "historical_period_end": 1979,
        "summary": "DC-Cam documents the history of the Khmer Rouge regime (1975-1979) through survivor and perpetrator testimony, including an oral history project tied to the Extraordinary Chambers in the Courts of Cambodia.",
        "url": "https://www.dccam.org/",
        "citation": "Documentation Center of Cambodia (DC-Cam). Documentation Center of Cambodia Oral History Project. Retrieved from https://www.dccam.org/.",
        "related_ids": [
          "genocide-archive-rwanda",
          "khmer-legacies"
        ],
        "verification_status": "partially_verified",
        "provenance": "v0.1 seed dataset, maintainer-curated from the holding institution's public page.",
        "date_added": "2026-09-01",
        "iso3166_1_alpha2": "KH",
        "region": "Asia",
        "subregion": "South-eastern Asia",
        "theme_groups": [
          "Genocide & mass violence",
          "Human rights & justice",
          "War & conflict"
        ]
      }
    },
    {
      "type": "Feature",
      "id": "MV-000017",
      "geometry": {
        "type": "Point",
        "coordinates": [
          35.5018,
          33.8938
        ]
      },
      "properties": {
        "id": "palestinian-oral-history-archive",
        "mv_id": "MV-000017",
        "title": "Palestinian Oral History Archive (POHA)",
        "archive": "American University of Beirut, Issam Fares Institute",
        "country": "Lebanon",
        "languages": [
          "Arabic"
        ],
        "themes": [
          "displacement",
          "refugees",
          "Nakba"
        ],
        "decade_start": 2011,
        "decade_end": null,
        "summary": "Based at the American University of Beirut, POHA holds over 1,000 hours of testimony from first-generation Palestinian refugees living in Lebanon, documenting memories of pre-1948 Palestine and subsequent displacement.",
        "url": "https://www.aub.edu.lb/ifi/Pages/poha.aspx",
        "citation": "American University of Beirut, Issam Fares Institute. Palestinian Oral History Archive (POHA). Retrieved from https://www.aub.edu.lb/ifi/Pages/poha.aspx.",
        "archive_type": "university or research institute",
        "related_ids": [
          "ips-narrating-palestine",
          "umam-documentation-research",
          "zochrot-nakba-testimonies"
        ],
        "verification_status": "partially_verified",
        "provenance": "v0.1 seed dataset, maintainer-curated from the holding institution's public page.",
        "date_added": "2026-09-01",
        "iso3166_1_alpha2": "LB",
        "region": "Asia",
        "subregion": "Western Asia",
        "theme_groups": [
          "Migration & displacement"
        ]
      }
    },
    {
      "type": "Feature",
      "id": "MV-000018",
      "geometry": {
        "type": "Point",
        "coordinates": [
          149.13,
          -35.2809
        ]
      },
      "properties": {
        "id": "aiatsis-collection",
        "mv_id": "MV-000018",
        "title": "AIATSIS Collection",
        "archive": "Australian Institute of Aboriginal and Torres Strait Islander Studies",
        "country": "Australia",
        "languages": [
          "English",
          "Aboriginal and Torres Strait Islander languages"
        ],
        "themes": [
          "indigenous history",
          "oral tradition",
          "language documentation"
        ],
        "decade_start": 1964,
        "decade_end": null,
        "summary": "Australia's national collection of Aboriginal and Torres Strait Islander cultural heritage, including decades of oral history interviews and language recordings gathered in partnership with Indigenous communities.",
        "url": "https://aiatsis.gov.au/collection",
        "citation": "Australian Institute of Aboriginal and Torres Strait Islander Studies. AIATSIS Collection. Retrieved from https://aiatsis.gov.au/collection.",
        "archive_type": "university or research institute",
        "related_ids": [
          "nga-taonga-sound-vision",
          "paradisec-archive"
        ],
        "verification_status": "partially_verified",
        "provenance": "v0.1 seed dataset, maintainer-curated from the holding institution's public page.",
        "date_added": "2026-09-01",
        "iso3166_1_alpha2": "AU",
        "region": "Oceania",
        "subregion": "Australia and New Zealand",
        "theme_groups": [
          "Colonialism & Indigenous histories",
          "Language & linguistics",
          "Oral tradition & folklore"
        ]
      }
    },
    {
      "type": "Feature",
      "id": "MV-000019",
      "geometry": {
        "type": "Point",
        "coordinates": [
          174.7762,
          -41.2865
        ]
      },
      "properties": {
        "id": "nga-taonga-sound-vision",
        "mv_id": "MV-000019",
        "title": "Nga Taonga Sound & Vision",
        "archive": "Nga Taonga Sound & Vision",
        "country": "New Zealand",
        "languages": [
          "English",
          "Māori"
        ],
        "themes": [
          "broadcast history",
          "oral tradition",
          "national memory"
        ],
        "decade_start": 1988,
        "decade_end": null,
        "summary": "Aotearoa New Zealand's audiovisual archive, formed from the merger of the Nga Taonga Korero sound archive, the Television New Zealand Archive, and the New Zealand Film Archive, preserving over a century of recorded sound and moving image.",
        "url": "https://www.ngataonga.org.nz/",
        "citation": "Nga Taonga Sound & Vision. Nga Taonga Sound & Vision. Retrieved from https://www.ngataonga.org.nz/.",
        "related_ids": [
          "aiatsis-collection"
        ],
        "verification_status": "partially_verified",
        "provenance": "v0.1 seed dataset, maintainer-curated from the holding institution's public page.",
        "date_added": "2026-09-01",
        "iso3166_1_alpha2": "NZ",
        "region": "Oceania",
        "subregion": "Australia and New Zealand",
        "theme_groups": [
          "Memory & community",
          "Music, performance & broadcasting",
          "Oral tradition & folklore"
        ]
      }
    },
    {
      "type": "Feature",
      "id": "MV-000020",
      "geometry": {
        "type": "Point",
        "coordinates": [
          28.0473,
          -26.2041
        ]
      },
      "properties": {
        "id": "saha-oral-history",
        "mv_id": "MV-000020",
        "title": "SAHA Oral History Collections",
        "archive": "South African History Archive",
        "country": "South Africa",
        "languages": [
          "English",
          "Afrikaans",
          "Zulu",
          "Xhosa"
        ],
        "themes": [
          "apartheid",
          "human rights",
          "resistance history"
        ],
        "decade_start": 1988,
        "decade_end": null,
        "historical_period_start": 1948,
        "historical_period_end": 1994,
        "summary": "An independent archive founded by anti-apartheid activists, SAHA holds oral history interviews and documents relating to the struggle against apartheid and South Africa's Truth and Reconciliation Commission.",
        "url": "https://www.saha.org.za/collections/oral_history.htm",
        "citation": "South African History Archive. SAHA Oral History Collections. Retrieved from https://www.saha.org.za/collections/oral_history.htm.",
        "related_ids": [
          "district-six-museum",
          "gala-queer-archive"
        ],
        "verification_status": "partially_verified",
        "provenance": "v0.1 seed dataset, maintainer-curated from the holding institution's public page.",
        "date_added": "2026-09-01",
        "iso3166_1_alpha2": "ZA",
        "region": "Africa",
        "subregion": "Sub-Saharan Africa",
        "theme_groups": [
          "Human rights & justice",
          "War & conflict"
        ]
      }
    },
    {
      "type": "Feature",
      "id": "MV-000021",
      "geometry": {
        "type": "Point",
        "coordinates": [
          18.4241,
          -33.9249
        ]
      },
      "properties": {
        "id": "district-six-museum",
        "mv_id": "MV-000021",
        "title": "District Six Museum Sound Archive",
        "archive": "District Six Museum",
        "country": "South Africa",
        "languages": [
          "English",
          "Afrikaans"
        ],
        "themes": [
          "forced removal",
          "urban history",
          "memory"
        ],
        "decade_start": 1994,
        "decade_end": null,
        "summary": "The District Six Museum's Sound Archive collects recorded interviews with former residents forcibly removed from Cape Town's District Six under apartheid's Group Areas Act, preserving memories of the destroyed community.",
        "url": "https://www.districtsix.co.za/collections/",
        "citation": "District Six Museum. District Six Museum Sound Archive. Retrieved from https://www.districtsix.co.za/collections/.",
        "archive_type": "museum",
        "related_ids": [
          "saha-oral-history"
        ],
        "verification_status": "partially_verified",
        "provenance": "v0.1 seed dataset, maintainer-curated from the holding institution's public page.",
        "date_added": "2026-09-01",
        "iso3166_1_alpha2": "ZA",
        "region": "Africa",
        "subregion": "Sub-Saharan Africa",
        "theme_groups": [
          "Memory & community",
          "Migration & displacement"
        ]
      }
    },
    {
      "type": "Feature",
      "id": "MV-000022",
      "geometry": {
        "type": "Point",
        "coordinates": [
          29.8739,
          -1.9403
        ]
      },
      "properties": {
        "id": "genocide-archive-rwanda",
        "mv_id": "MV-000022",
        "title": "Genocide Archive of Rwanda",
        "archive": "Aegis Trust / National Commission for the Fight Against Genocide",
        "country": "Rwanda",
        "languages": [
          "Kinyarwanda",
          "French",
          "English"
        ],
        "themes": [
          "genocide",
          "transitional justice",
          "human rights"
        ],
        "decade_start": 2010,
        "decade_end": null,
        "historical_period_start": 1994,
        "historical_period_end": 1994,
        "summary": "A digital archive holding over 8,000 survivor and witness testimonies, Gacaca court records, and memorial documentation of the 1994 genocide against the Tutsi, built with the University of Texas Libraries.",
        "url": "https://genocidearchiverwanda.org.rw/",
        "citation": "Aegis Trust / National Commission for the Fight Against Genocide. Genocide Archive of Rwanda. Retrieved from https://genocidearchiverwanda.org.rw/.",
        "access_notes": "Freely accessible online with a searchable video player.",
        "access": "open online",
        "related_ids": [
          "dccam-oral-history",
          "khmer-legacies"
        ],
        "preview_url": "https://genocidearchiverwanda.org.rw/index.php/Category:Survivor_Testimonies",
        "verification_status": "partially_verified",
        "provenance": "v0.1 seed dataset, maintainer-curated from the holding institution's public page.",
        "date_added": "2026-09-01",
        "iso3166_1_alpha2": "RW",
        "region": "Africa",
        "subregion": "Sub-Saharan Africa",
        "theme_groups": [
          "Genocide & mass violence",
          "Human rights & justice"
        ]
      }
    },
    {
      "type": "Feature",
      "id": "MV-000023",
      "geometry": {
        "type": "Point",
        "coordinates": [
          2.1128,
          13.5127
        ]
      },
      "properties": {
        "id": "celhto-oral-tradition-archive",
        "mv_id": "MV-000023",
        "title": "CELHTO Oral Tradition Archive",
        "archive": "Centre d'Etudes Linguistiques et Historiques par Tradition Orale (African Union)",
        "country": "Niger",
        "languages": [
          "Hausa",
          "Zarma",
          "Fulfulde",
          "Tamasheq",
          "French"
        ],
        "themes": [
          "oral tradition",
          "history",
          "linguistics"
        ],
        "decade_start": 1968,
        "decade_end": null,
        "summary": "An African Union research center based in Niamey since 1968 (created with UNESCO support as the Regional Center for Oral Tradition), CELHTO collects, studies, and preserves oral traditions and languages from across Africa on audio, video, and written media.",
        "url": "https://www.celhto.org/",
        "citation": "Centre d'Etudes Linguistiques et Historiques par Tradition Orale (African Union). CELHTO Oral Tradition Archive. Retrieved from https://www.celhto.org/.",
        "archive_type": "intergovernmental body",
        "related_ids": [
          "fondation-hampate-ba",
          "irsh-niamey-boubou-hama",
          "sahel-sounds-field-recordings"
        ],
        "verification_status": "partially_verified",
        "provenance": "v0.1 seed dataset, maintainer-curated from the holding institution's public page.",
        "date_added": "2026-09-01",
        "iso3166_1_alpha2": "NE",
        "region": "Africa",
        "subregion": "Sub-Saharan Africa",
        "theme_groups": [
          "History & politics",
          "Language & linguistics",
          "Oral tradition & folklore"
        ]
      }
    },
    {
      "type": "Feature",
      "id": "MV-000024",
      "geometry": {
        "type": "Point",
        "coordinates": [
          2.1128,
          13.5127
        ]
      },
      "properties": {
        "id": "irsh-niamey-boubou-hama",
        "mv_id": "MV-000024",
        "title": "Institut de Recherches en Sciences Humaines",
        "archive": "Universite Abdou Moumouni de Niamey",
        "country": "Niger",
        "languages": [
          "Hausa",
          "Zarma",
          "French",
          "Arabic"
        ],
        "themes": [
          "oral tradition",
          "manuscripts",
          "history"
        ],
        "decade_start": 1944,
        "decade_end": null,
        "summary": "Niger's oldest research institution, IRSH grew out of a regional branch of IFAN and continues the documentation work begun by historian Boubou Hama, whose collection of oral sources and manuscripts helped found Niger's tradition of oral-history-based scholarship.",
        "url": "https://irsh-uam.com/",
        "citation": "Universite Abdou Moumouni de Niamey. Institut de Recherches en Sciences Humaines. Retrieved from https://irsh-uam.com/.",
        "archive_type": "university or research institute",
        "related_ids": [
          "celhto-oral-tradition-archive"
        ],
        "verification_status": "partially_verified",
        "provenance": "v0.1 seed dataset, maintainer-curated from the holding institution's public page.",
        "date_added": "2026-09-01",
        "iso3166_1_alpha2": "NE",
        "region": "Africa",
        "subregion": "Sub-Saharan Africa",
        "theme_groups": [
          "History & politics",
          "Oral tradition & folklore"
        ]
      }
    },
    {
      "type": "Feature",
      "id": "MV-000025",
      "geometry": {
        "type": "Point",
        "coordinates": [
          -8.0029,
          12.6392
        ]
      },
      "properties": {
        "id": "bird-mali-collections",
        "mv_id": "MV-000025",
        "title": "Charles S. Bird Mali Collections",
        "archive": "Archives of Traditional Music, Indiana University",
        "country": "Mali",
        "languages": [
          "Bambara"
        ],
        "themes": [
          "oral tradition",
          "epic performance",
          "music"
        ],
        "decade_start": 1960,
        "decade_end": 2000,
        "summary": "Field recordings made by linguist Charles S. Bird together with Malian collaborators, capturing griot performances of the Epic of Sunjata, kora and donso ngoni music, and hunters' songs unavailable in any other archive.",
        "url": "https://libraries.indiana.edu/bird-mali",
        "citation": "Archives of Traditional Music, Indiana University. Charles S. Bird Mali Collections. Retrieved from https://libraries.indiana.edu/bird-mali.",
        "archive_type": "university or research institute",
        "related_ids": [
          "fondation-hampate-ba",
          "sahel-sounds-field-recordings"
        ],
        "verification_status": "partially_verified",
        "provenance": "v0.1 seed dataset, maintainer-curated from the holding institution's public page.",
        "date_added": "2026-09-01",
        "iso3166_1_alpha2": "ML",
        "region": "Africa",
        "subregion": "Sub-Saharan Africa",
        "theme_groups": [
          "Music, performance & broadcasting",
          "Oral tradition & folklore"
        ]
      }
    },
    {
      "type": "Feature",
      "id": "MV-000026",
      "geometry": {
        "type": "Point",
        "coordinates": [
          -9.16,
          11.42
        ]
      },
      "properties": {
        "id": "sosso-bala-cultural-space",
        "mv_id": "MV-000026",
        "title": "Cultural Space of Sosso-Bala",
        "archive": "UNESCO Intangible Cultural Heritage / Ministry of Culture of Guinea",
        "country": "Guinea",
        "languages": [
          "Maninka",
          "French"
        ],
        "themes": [
          "oral tradition",
          "griot heritage",
          "music"
        ],
        "decade_start": 2001,
        "decade_end": null,
        "summary": "UNESCO-recognized heritage centered on the Sosso-Bala, a sacred 13th-century balafon kept in the village of Nyagassola, whose annual ceremonial playing carries the oral epic tradition of the Sunjata story through griot performance.",
        "url": "https://ich.unesco.org/en/RL/cultural-space-of-sosso-bala-00009",
        "citation": "UNESCO Intangible Cultural Heritage / Ministry of Culture of Guinea. Cultural Space of Sosso-Bala. Retrieved from https://ich.unesco.org/en/RL/cultural-space-of-sosso-bala-00009.",
        "related_ids": [
          "ifa-divination-system",
          "moorish-epic-theydinn"
        ],
        "verification_status": "partially_verified",
        "provenance": "v0.1 seed dataset, maintainer-curated from the holding institution's public page.",
        "date_added": "2026-09-01",
        "iso3166_1_alpha2": "GN",
        "region": "Africa",
        "subregion": "Sub-Saharan Africa",
        "theme_groups": [
          "Music, performance & broadcasting",
          "Oral tradition & folklore"
        ]
      }
    },
    {
      "type": "Feature",
      "id": "MV-000027",
      "geometry": {
        "type": "Point",
        "coordinates": [
          4.5521,
          7.4905
        ]
      },
      "properties": {
        "id": "ifa-divination-system",
        "mv_id": "MV-000027",
        "title": "Ifa Divination System",
        "archive": "UNESCO Intangible Cultural Heritage / Yoruba babalawo tradition",
        "country": "Nigeria",
        "languages": [
          "Yoruba"
        ],
        "themes": [
          "oral tradition",
          "divination",
          "religion"
        ],
        "decade_start": 2005,
        "decade_end": null,
        "summary": "A UNESCO-listed oral literary corpus (the Odu Ifa) of the Yoruba people of southwestern Nigeria: an enormous body of verses transmitted orally by babalawo priests and drawn upon in divination practice.",
        "url": "https://ich.unesco.org/en/RL/ifa-divination-system-00146",
        "citation": "UNESCO Intangible Cultural Heritage / Yoruba babalawo tradition. Ifa Divination System. Retrieved from https://ich.unesco.org/en/RL/ifa-divination-system-00146.",
        "archive_type": "intergovernmental body",
        "related_ids": [
          "gelede-oral-heritage",
          "sosso-bala-cultural-space"
        ],
        "verification_status": "partially_verified",
        "provenance": "v0.1 seed dataset, maintainer-curated from the holding institution's public page.",
        "date_added": "2026-09-01",
        "iso3166_1_alpha2": "NG",
        "region": "Africa",
        "subregion": "Sub-Saharan Africa",
        "theme_groups": [
          "Oral tradition & folklore",
          "Religion & belief"
        ]
      }
    },
    {
      "type": "Feature",
      "id": "MV-000028",
      "geometry": {
        "type": "Point",
        "coordinates": [
          2.6,
          7.3667
        ]
      },
      "properties": {
        "id": "gelede-oral-heritage",
        "mv_id": "MV-000028",
        "title": "Oral Heritage of Gelede",
        "archive": "UNESCO Intangible Cultural Heritage / Yoruba-Nago communities",
        "country": "Benin",
        "languages": [
          "Yoruba"
        ],
        "themes": [
          "oral tradition",
          "masquerade",
          "women's history"
        ],
        "decade_start": 2001,
        "decade_end": null,
        "summary": "A UNESCO-listed oral and performance tradition of the Yoruba-Nago communities spanning Benin, Nigeria, and Togo, combining masked dance with sung epic and satirical verse that honors women's role in social life.",
        "url": "https://ich.unesco.org/en/RL/oral-heritage-of-gelede-00002",
        "citation": "UNESCO Intangible Cultural Heritage / Yoruba-Nago communities. Oral Heritage of Gelede. Retrieved from https://ich.unesco.org/en/RL/oral-heritage-of-gelede-00002.",
        "archive_type": "intergovernmental body",
        "related_ids": [
          "ifa-divination-system"
        ],
        "verification_status": "partially_verified",
        "provenance": "v0.1 seed dataset, maintainer-curated from the holding institution's public page.",
        "date_added": "2026-09-01",
        "iso3166_1_alpha2": "BJ",
        "region": "Africa",
        "subregion": "Sub-Saharan Africa",
        "theme_groups": [
          "Gender & sexuality",
          "Oral tradition & folklore"
        ]
      }
    },
    {
      "type": "Feature",
      "id": "MV-000029",
      "geometry": {
        "type": "Point",
        "coordinates": [
          -17.4467,
          14.6928
        ]
      },
      "properties": {
        "id": "ifan-dakar-sound-archives",
        "mv_id": "MV-000029",
        "title": "IFAN Sound Archives",
        "archive": "Institut Fondamental d'Afrique Noire, Universite Cheikh Anta Diop",
        "country": "Senegal",
        "languages": [
          "Wolof",
          "French",
          "Multiple languages"
        ],
        "language_note": "multiple Senegalese languages",
        "themes": [
          "oral tradition",
          "music",
          "colonial history"
        ],
        "decade_start": 1938,
        "decade_end": null,
        "summary": "Founded in Dakar in 1938, IFAN holds a large sound archive of West African oral traditions, songs, and epics, including over 1,400 digitized cassette recordings and historic WWI-era recordings of Senegalese soldiers.",
        "url": "https://ifan.ucad.sn/",
        "citation": "Institut Fondamental d'Afrique Noire, Universite Cheikh Anta Diop. IFAN Sound Archives. Retrieved from https://ifan.ucad.sn/.",
        "archive_type": "university or research institute",
        "related_ids": [
          "nketia-archives-ghana",
          "sahel-sounds-field-recordings"
        ],
        "verification_status": "partially_verified",
        "provenance": "v0.1 seed dataset, maintainer-curated from the holding institution's public page.",
        "date_added": "2026-09-01",
        "iso3166_1_alpha2": "SN",
        "region": "Africa",
        "subregion": "Sub-Saharan Africa",
        "theme_groups": [
          "Colonialism & Indigenous histories",
          "Music, performance & broadcasting",
          "Oral tradition & folklore"
        ]
      }
    },
    {
      "type": "Feature",
      "id": "MV-000030",
      "geometry": {
        "type": "Point",
        "coordinates": [
          -0.187,
          5.6494
        ]
      },
      "properties": {
        "id": "nketia-archives-ghana",
        "mv_id": "MV-000030",
        "title": "J.H. Kwabena Nketia Archives",
        "archive": "Institute of African Studies, University of Ghana",
        "country": "Ghana",
        "languages": [
          "Twi",
          "Ga",
          "Ewe",
          "English",
          "Multiple languages"
        ],
        "language_note": "multiple Ghanaian languages",
        "themes": [
          "oral tradition",
          "music",
          "ethnomusicology"
        ],
        "decade_start": 1952,
        "decade_end": null,
        "summary": "Named for ethnomusicologist J.H. Kwabena Nketia, this archive at the University of Ghana holds the largest and most systematic set of recordings by any African ethnomusicologist: over six decades of field recordings documenting music, oral tradition, and performance across Ghana.",
        "url": "https://ias.ug.edu.gh/content/jh-kwabena-nketia-archives",
        "citation": "Institute of African Studies, University of Ghana. J.H. Kwabena Nketia Archives. Retrieved from https://ias.ug.edu.gh/content/jh-kwabena-nketia-archives.",
        "archive_type": "university or research institute",
        "related_ids": [
          "ifan-dakar-sound-archives"
        ],
        "verification_status": "partially_verified",
        "provenance": "v0.1 seed dataset, maintainer-curated from the holding institution's public page.",
        "date_added": "2026-09-01",
        "iso3166_1_alpha2": "GH",
        "region": "Africa",
        "subregion": "Sub-Saharan Africa",
        "theme_groups": [
          "Music, performance & broadcasting",
          "Oral tradition & folklore"
        ]
      }
    },
    {
      "type": "Feature",
      "id": "MV-000031",
      "geometry": {
        "type": "Point",
        "coordinates": [
          2.1128,
          13.5127
        ]
      },
      "properties": {
        "id": "sahel-sounds-field-recordings",
        "mv_id": "MV-000031",
        "title": "Sahel Sounds Field Recordings Archive",
        "archive": "Sahel Sounds",
        "country": "Niger",
        "languages": [
          "Hausa",
          "Zarma",
          "Tamasheq",
          "French",
          "Arabic"
        ],
        "themes": [
          "oral tradition",
          "music",
          "griot heritage"
        ],
        "decade_start": 2009,
        "decade_end": null,
        "summary": "An independent record label and blog run by ethnomusicologist Christopher Kirkley since 2009, documenting music and everyday sound across Niger, Mali, and Mauritania, including cellphone-shared recordings, radio broadcasts, and village field recordings published openly online.",
        "url": "https://blog.sahelsounds.com/",
        "citation": "Sahel Sounds. Field Recordings from the Sahel. Retrieved from https://blog.sahelsounds.com/.",
        "access_notes": "Freely accessible online via blog and Bandcamp releases.",
        "access": "open online",
        "related_ids": [
          "bird-mali-collections",
          "celhto-oral-tradition-archive",
          "ifan-dakar-sound-archives"
        ],
        "verification_status": "partially_verified",
        "provenance": "v0.1 seed dataset, maintainer-curated from the holding institution's public page.",
        "date_added": "2026-09-01",
        "iso3166_1_alpha2": "NE",
        "region": "Africa",
        "subregion": "Sub-Saharan Africa",
        "theme_groups": [
          "Music, performance & broadcasting",
          "Oral tradition & folklore"
        ]
      }
    },
    {
      "type": "Feature",
      "id": "MV-000032",
      "geometry": {
        "type": "Point",
        "coordinates": [
          3.947,
          7.3775
        ]
      },
      "properties": {
        "id": "ibadan-african-studies-audiovisual",
        "mv_id": "MV-000032",
        "title": "African Studies Ibadan Audiovisual and Arabic Manuscripts Archive",
        "archive": "Institute of African Studies, University of Ibadan",
        "country": "Nigeria",
        "languages": [
          "Yoruba",
          "Hausa",
          "English",
          "Arabic"
        ],
        "themes": [
          "oral tradition",
          "history",
          "language documentation"
        ],
        "decade_start": 1962,
        "decade_end": null,
        "summary": "Founded in 1962, the Institute has long recorded festivals, songs, and oral traditions across Nigeria; a 2021 Arcadia-funded project is digitizing its audiovisual and Arabic-manuscript holdings from West Africa's decolonization period.",
        "url": "https://ui.edu.ng/content/institute-african-studies",
        "citation": "Institute of African Studies, University of Ibadan. African Studies Ibadan Audiovisual and Arabic Manuscripts Archive. Retrieved from https://ui.edu.ng/content/institute-african-studies.",
        "access_notes": "In-person access at the Institute; digitized portions being released via the Endangered Archives Programme.",
        "archive_type": "university or research institute",
        "related_ids": [
          "endangered-archives-programme"
        ],
        "verification_status": "partially_verified",
        "provenance": "v0.1 seed dataset, maintainer-curated from the holding institution's public page.",
        "date_added": "2026-09-01",
        "iso3166_1_alpha2": "NG",
        "region": "Africa",
        "subregion": "Sub-Saharan Africa",
        "theme_groups": [
          "History & politics",
          "Language & linguistics",
          "Oral tradition & folklore"
        ]
      }
    },
    {
      "type": "Feature",
      "id": "MV-000033",
      "geometry": {
        "type": "Point",
        "coordinates": [
          31.0522,
          -17.8292
        ]
      },
      "properties": {
        "id": "zimbabwe-archives-oral-history",
        "mv_id": "MV-000033",
        "title": "Oral History Programme",
        "archive": "National Archives of Zimbabwe",
        "country": "Zimbabwe",
        "languages": [
          "Shona",
          "Ndebele",
          "English"
        ],
        "themes": [
          "oral tradition",
          "war and conflict",
          "national memory"
        ],
        "decade_start": 1935,
        "decade_end": null,
        "summary": "Zimbabwe's National Archives, established in 1935, runs an Oral History programme with the National Museums and Monuments and the University of Zimbabwe recording testimony of the First and Second Chimurenga liberation struggles in English and local languages.",
        "url": "https://www.archives.gov.zw/",
        "citation": "National Archives of Zimbabwe. Oral History Programme. Retrieved from https://www.archives.gov.zw/.",
        "access_notes": "In-person/reading-room access; some liberation-history recordings referenced in public reporting.",
        "access": "on site only",
        "archive_type": "national archive or library",
        "verification_status": "partially_verified",
        "provenance": "v0.1 seed dataset, maintainer-curated from the holding institution's public page.",
        "date_added": "2026-09-01",
        "iso3166_1_alpha2": "ZW",
        "region": "Africa",
        "subregion": "Sub-Saharan Africa",
        "theme_groups": [
          "Memory & community",
          "Oral tradition & folklore",
          "War & conflict"
        ]
      }
    },
    {
      "type": "Feature",
      "id": "MV-000034",
      "geometry": {
        "type": "Point",
        "coordinates": [
          36.8167,
          -1.2833
        ]
      },
      "properties": {
        "id": "kenya-national-archives-oral-history",
        "mv_id": "MV-000034",
        "title": "Oral History Collections",
        "archive": "Kenya National Archives and Documentation Service",
        "country": "Kenya",
        "languages": [
          "Swahili",
          "English",
          "Multiple languages"
        ],
        "language_note": "multiple Kenyan languages",
        "themes": [
          "oral tradition",
          "colonial history",
          "national memory"
        ],
        "decade_start": 1965,
        "decade_end": null,
        "summary": "Kenya's national archive, established by Act of Parliament in 1965, holds audio cassette recordings of oral histories and folk songs alongside colonial records, government files, and papers of prominent Kenyans.",
        "url": "https://www.archives.go.ke/homepage",
        "citation": "Kenya National Archives and Documentation Service. Oral History Collections. Retrieved from https://www.archives.go.ke/homepage.",
        "archive_type": "national archive or library",
        "verification_status": "partially_verified",
        "provenance": "v0.1 seed dataset, maintainer-curated from the holding institution's public page.",
        "date_added": "2026-09-01",
        "iso3166_1_alpha2": "KE",
        "region": "Africa",
        "subregion": "Sub-Saharan Africa",
        "theme_groups": [
          "Colonialism & Indigenous histories",
          "Memory & community",
          "Oral tradition & folklore"
        ]
      }
    },
    {
      "type": "Feature",
      "id": "MV-000035",
      "geometry": {
        "type": "Point",
        "coordinates": [
          38.7633,
          9.03
        ]
      },
      "properties": {
        "id": "institute-ethiopian-studies",
        "mv_id": "MV-000035",
        "title": "Institute of Ethiopian Studies Audiovisual Archive",
        "archive": "Addis Ababa University",
        "country": "Ethiopia",
        "languages": [
          "Amharic",
          "Ge'ez",
          "Oromo",
          "Multiple languages"
        ],
        "language_note": "multiple Ethiopian languages",
        "themes": [
          "oral tradition",
          "ethnomusicology",
          "manuscripts"
        ],
        "decade_start": 1963,
        "decade_end": null,
        "summary": "Established in 1963, the Institute holds the world's largest single collection of Ethiopian manuscripts alongside an Audiovisual Materials section with ethnomusicological field recordings documenting Ethiopia's oral and musical traditions.",
        "url": "https://aau.edu.et/institute/IES",
        "citation": "Institute of Ethiopian Studies, Addis Ababa University. Audiovisual Archive. Retrieved from https://aau.edu.et/institute/IES.",
        "archive_type": "university or research institute",
        "verification_status": "partially_verified",
        "provenance": "v0.1 seed dataset, maintainer-curated from the holding institution's public page.",
        "date_added": "2026-09-01",
        "iso3166_1_alpha2": "ET",
        "region": "Africa",
        "subregion": "Sub-Saharan Africa",
        "theme_groups": [
          "Music, performance & broadcasting",
          "Oral tradition & folklore"
        ]
      }
    },
    {
      "type": "Feature",
      "id": "MV-000036",
      "geometry": {
        "type": "Point",
        "coordinates": [
          31.2357,
          30.0444
        ]
      },
      "properties": {
        "id": "mosireen-858-archive",
        "mv_id": "MV-000036",
        "title": "858: An Archive of Resistance",
        "archive": "Mosireen Collective",
        "country": "Egypt",
        "languages": [
          "Arabic",
          "English"
        ],
        "themes": [
          "war and conflict",
          "human rights",
          "political history"
        ],
        "decade_start": 2011,
        "decade_end": null,
        "summary": "A video collective formed during the 2011 Egyptian revolution released 858 hours of raw, timestamped footage of protests and state violence, freely licensed and published as a public archive of firsthand documentation and voice.",
        "url": "https://858.ma/",
        "citation": "Mosireen Collective. 858: An Archive of Resistance. Retrieved from https://858.ma/.",
        "access_notes": "Freely accessible online, indexed and searchable video.",
        "access": "open online",
        "archive_type": "community or independent project",
        "verification_status": "partially_verified",
        "provenance": "v0.1 seed dataset, maintainer-curated from the holding institution's public page.",
        "date_added": "2026-09-01",
        "iso3166_1_alpha2": "EG",
        "region": "Africa",
        "subregion": "Northern Africa",
        "theme_groups": [
          "History & politics",
          "Human rights & justice",
          "War & conflict"
        ]
      }
    },
    {
      "type": "Feature",
      "id": "MV-000037",
      "geometry": {
        "type": "Point",
        "coordinates": [
          -6.8416,
          34.0209
        ]
      },
      "properties": {
        "id": "ircam-amazigh-culture",
        "mv_id": "MV-000037",
        "title": "Institut Royal de la Culture Amazighe",
        "archive": "Institut Royal de la Culture Amazighe (IRCAM)",
        "country": "Morocco",
        "languages": [
          "Tamazight",
          "Arabic",
          "French"
        ],
        "themes": [
          "oral tradition",
          "language documentation",
          "history"
        ],
        "decade_start": 2001,
        "decade_end": null,
        "summary": "Founded by royal decree in 2001, IRCAM researches and promotes Amazigh (Berber) language and culture across Morocco, including documentation of oral literature and dialects through its research centres in Rabat.",
        "url": "https://www.ircam.ma/",
        "citation": "Institut Royal de la Culture Amazighe. Retrieved from https://www.ircam.ma/.",
        "verification_status": "partially_verified",
        "provenance": "v0.1 seed dataset, maintainer-curated from the holding institution's public page.",
        "date_added": "2026-09-01",
        "iso3166_1_alpha2": "MA",
        "region": "Africa",
        "subregion": "Northern Africa",
        "theme_groups": [
          "History & politics",
          "Language & linguistics",
          "Oral tradition & folklore"
        ]
      }
    },
    {
      "type": "Feature",
      "id": "MV-000038",
      "geometry": {
        "type": "Point",
        "coordinates": [
          -3.9906,
          5.3599
        ]
      },
      "properties": {
        "id": "fondation-hampate-ba",
        "mv_id": "MV-000038",
        "title": "Fondation Amadou Hampâté Bâ",
        "archive": "Fondation Amadou Hampâté Bâ",
        "country": "Côte d'Ivoire",
        "languages": [
          "French",
          "Fulfulde",
          "Bambara"
        ],
        "themes": [
          "oral tradition",
          "history",
          "griot heritage"
        ],
        "decade_start": 2002,
        "decade_end": null,
        "summary": "Based in Abidjan, this foundation preserves the personal archive of Malian writer and ethnologist Amadou Hampate Ba, a lifelong advocate for African oral tradition, including audiovisual recordings and manuscripts now being digitized with UNESCO support.",
        "url": "https://www.unesco.org/en/memory-world/amadou-hampate-ba",
        "citation": "Fondation Amadou Hampâté Bâ. Retrieved via UNESCO Memory of the World: https://www.unesco.org/en/memory-world/amadou-hampate-ba.",
        "access_notes": "In-person access in Abidjan; digitization and online access underway via UNESCO partnership.",
        "access": "on site only",
        "archive_type": "foundation or nonprofit",
        "related_ids": [
          "bird-mali-collections",
          "celhto-oral-tradition-archive"
        ],
        "verification_status": "partially_verified",
        "provenance": "v0.1 seed dataset, maintainer-curated from the holding institution's public page.",
        "date_added": "2026-09-01",
        "iso3166_1_alpha2": "CI",
        "region": "Africa",
        "subregion": "Sub-Saharan Africa",
        "theme_groups": [
          "History & politics",
          "Oral tradition & folklore"
        ]
      }
    },
    {
      "type": "Feature",
      "id": "MV-000039",
      "geometry": {
        "type": "Point",
        "coordinates": [
          -15.9582,
          18.0735
        ]
      },
      "properties": {
        "id": "moorish-epic-theydinn",
        "mv_id": "MV-000039",
        "title": "Moorish Epic T'heydinn",
        "archive": "UNESCO Intangible Cultural Heritage / Mauritanian griot (iggawin) tradition",
        "country": "Mauritania",
        "languages": [
          "Hassaniya Arabic"
        ],
        "themes": [
          "oral tradition",
          "griot heritage",
          "history"
        ],
        "decade_start": 2011,
        "decade_end": null,
        "summary": "A UNESCO-listed oral epic tradition of Mauritania's Moorish tribes, recited by griot (iggawin) families accompanied by lute, harp, and kettledrum, functioning as each tribe's sung and spoken oral history handed down through generations.",
        "url": "https://ich.unesco.org/en/USL/moorish-epic-t-heydinn-00524",
        "citation": "UNESCO Intangible Cultural Heritage. Moorish Epic T'heydinn. Retrieved from https://ich.unesco.org/en/USL/moorish-epic-t-heydinn-00524.",
        "archive_type": "intergovernmental body",
        "related_ids": [
          "sosso-bala-cultural-space"
        ],
        "verification_status": "partially_verified",
        "provenance": "v0.1 seed dataset, maintainer-curated from the holding institution's public page.",
        "date_added": "2026-09-01",
        "iso3166_1_alpha2": "MR",
        "region": "Africa",
        "subregion": "Sub-Saharan Africa",
        "theme_groups": [
          "History & politics",
          "Oral tradition & folklore"
        ]
      }
    },
    {
      "type": "Feature",
      "id": "MV-000040",
      "geometry": {
        "type": "Point",
        "coordinates": [
          32.5825,
          0.3476
        ]
      },
      "properties": {
        "id": "refugee-law-project-uganda",
        "mv_id": "MV-000040",
        "title": "Documentation of War-Affected Communities",
        "archive": "Refugee Law Project, Makerere University",
        "country": "Uganda",
        "languages": [
          "English",
          "Acholi",
          "Luo"
        ],
        "themes": [
          "war and conflict",
          "transitional justice",
          "human rights"
        ],
        "decade_start": 1999,
        "decade_end": null,
        "summary": "Founded in 1999 as an outreach project of Makerere University's law school, the Refugee Law Project documents testimony and advocates for transitional justice for communities affected by conflict with the Lord's Resistance Army in northern Uganda.",
        "url": "https://www.refugeelawproject.org/",
        "citation": "Refugee Law Project, Makerere University. Retrieved from https://www.refugeelawproject.org/.",
        "archive_type": "university or research institute",
        "verification_status": "partially_verified",
        "provenance": "v0.1 seed dataset, maintainer-curated from the holding institution's public page.",
        "date_added": "2026-09-01",
        "iso3166_1_alpha2": "UG",
        "region": "Africa",
        "subregion": "Sub-Saharan Africa",
        "theme_groups": [
          "Human rights & justice",
          "War & conflict"
        ]
      }
    },
    {
      "type": "Feature",
      "id": "MV-000041",
      "geometry": {
        "type": "Point",
        "coordinates": [
          34.7818,
          32.0853
        ]
      },
      "properties": {
        "id": "zochrot-nakba-testimonies",
        "mv_id": "MV-000041",
        "title": "Nakba Survivor Testimonies",
        "archive": "Zochrot",
        "country": "Israel",
        "languages": [
          "Arabic",
          "Hebrew"
        ],
        "themes": [
          "Nakba",
          "displacement",
          "memory and reconciliation"
        ],
        "decade_start": 2002,
        "decade_end": null,
        "historical_period_start": 1948,
        "historical_period_end": 1948,
        "summary": "An Israeli NGO founded in 2002 that collects and publishes video testimonies from Palestinian refugees who witnessed the 1948 Nakba, alongside accounts from Israelis who took part in the 1948 war, to promote public accountability and the right of return.",
        "url": "https://www.zochrot.org/testimonies/all/en",
        "citation": "Zochrot. Nakba Survivor Testimonies. Retrieved from https://www.zochrot.org/testimonies/all/en.",
        "access_notes": "Freely accessible online, video testimonies with searchable database.",
        "access": "open online",
        "related_ids": [
          "ips-narrating-palestine",
          "palestinian-oral-history-archive"
        ],
        "preview_url": "https://www.zochrot.org/testimonies/all/en",
        "verification_status": "partially_verified",
        "provenance": "v0.1 seed dataset, maintainer-curated from the holding institution's public page.",
        "date_added": "2026-09-01",
        "iso3166_1_alpha2": "IL",
        "region": "Asia",
        "subregion": "Western Asia",
        "theme_groups": [
          "Human rights & justice",
          "Migration & displacement"
        ]
      }
    },
    {
      "type": "Feature",
      "id": "MV-000042",
      "geometry": {
        "type": "Point",
        "coordinates": [
          35.4936,
          33.8464
        ]
      },
      "properties": {
        "id": "umam-documentation-research",
        "mv_id": "MV-000042",
        "title": "UMAM Documentation & Research",
        "archive": "UMAM Documentation & Research",
        "country": "Lebanon",
        "languages": [
          "Arabic",
          "French",
          "English"
        ],
        "themes": [
          "war and conflict",
          "memory and reconciliation",
          "human rights"
        ],
        "decade_start": 2004,
        "decade_end": null,
        "historical_period_start": 1975,
        "historical_period_end": 1990,
        "summary": "A nonprofit founded in 2004 in Beirut's southern suburbs that collects documents, interviews, and narratives relating to the 1975-1990 Lebanese Civil War, working to break cycles of blame through public engagement with contested memory.",
        "url": "https://www.umam-dr.org/",
        "citation": "UMAM Documentation & Research. Retrieved from https://www.umam-dr.org/.",
        "related_ids": [
          "palestinian-oral-history-archive"
        ],
        "verification_status": "partially_verified",
        "provenance": "v0.1 seed dataset, maintainer-curated from the holding institution's public page.",
        "date_added": "2026-09-01",
        "iso3166_1_alpha2": "LB",
        "region": "Asia",
        "subregion": "Western Asia",
        "theme_groups": [
          "Human rights & justice",
          "War & conflict"
        ]
      }
    },
    {
      "type": "Feature",
      "id": "MV-000043",
      "geometry": {
        "type": "Point",
        "coordinates": [
          35.5018,
          33.8938
        ]
      },
      "properties": {
        "id": "ips-narrating-palestine",
        "mv_id": "MV-000043",
        "title": "Narrating Palestine: The Palestinian Oral History Archive Project",
        "archive": "Institute for Palestine Studies",
        "country": "Lebanon",
        "languages": [
          "Arabic",
          "English"
        ],
        "themes": [
          "Nakba",
          "displacement",
          "oral tradition"
        ],
        "decade_start": 2011,
        "decade_end": null,
        "summary": "Launched in 2011, this project of the Beirut-based Institute for Palestine Studies digitizes and catalogs Palestinian oral history testimonies gathered by researchers across the region, from Ramallah and Haifa to Beirut, Damascus, and Amman.",
        "url": "https://www.palestine-studies.org/en/node/227700",
        "citation": "Institute for Palestine Studies. Narrating Palestine: The Palestinian Oral History Archive Project. Retrieved from https://www.palestine-studies.org/en/node/227700.",
        "archive_type": "university or research institute",
        "related_ids": [
          "palestinian-oral-history-archive",
          "zochrot-nakba-testimonies"
        ],
        "verification_status": "partially_verified",
        "provenance": "v0.1 seed dataset, maintainer-curated from the holding institution's public page.",
        "date_added": "2026-09-01",
        "iso3166_1_alpha2": "LB",
        "region": "Asia",
        "subregion": "Western Asia",
        "theme_groups": [
          "Migration & displacement",
          "Oral tradition & folklore"
        ]
      }
    },
    {
      "type": "Feature",
      "id": "MV-000044",
      "geometry": {
        "type": "Point",
        "coordinates": [
          2.3522,
          48.8566
        ]
      },
      "properties": {
        "id": "institut-kurde-paris",
        "mv_id": "MV-000044",
        "title": "Kurdish Digital Library and Audio Archive",
        "archive": "Institut kurde de Paris",
        "country": "France",
        "languages": [
          "Kurdish",
          "French"
        ],
        "language_note": "Kurdish (Kurmanji, Sorani)",
        "themes": [
          "language documentation",
          "oral tradition",
          "history"
        ],
        "decade_start": 1983,
        "decade_end": null,
        "summary": "An independent Kurdish cultural foundation created in Paris in 1983 that maintains a library and audio archive of Kurdish music, spoken recordings, and periodicals aimed at preserving Kurdish language and cultural memory.",
        "url": "https://www.institutkurde.org/",
        "citation": "Institut kurde de Paris. Retrieved from https://www.institutkurde.org/.",
        "related_ids": [
          "pangloss-collection"
        ],
        "verification_status": "partially_verified",
        "provenance": "v0.1 seed dataset, maintainer-curated from the holding institution's public page.",
        "date_added": "2026-09-01",
        "iso3166_1_alpha2": "FR",
        "region": "Europe",
        "subregion": "Western Europe",
        "theme_groups": [
          "History & politics",
          "Language & linguistics",
          "Oral tradition & folklore"
        ]
      }
    },
    {
      "type": "Feature",
      "id": "MV-000045",
      "geometry": {
        "type": "Point",
        "coordinates": [
          35.175,
          31.7736
        ]
      },
      "properties": {
        "id": "yad-vashem-testimonies",
        "mv_id": "MV-000045",
        "title": "Survivor Testimonies Collection",
        "archive": "Yad Vashem",
        "country": "Israel",
        "languages": [
          "Hebrew",
          "English",
          "Multiple languages"
        ],
        "language_note": "multiple languages",
        "themes": [
          "Holocaust",
          "genocide",
          "human rights"
        ],
        "decade_start": 1953,
        "decade_end": null,
        "historical_period_start": 1933,
        "historical_period_end": 1945,
        "summary": "Israel's official Holocaust remembrance authority, established by law in 1953, holds over 125,000 survivor testimonies (written, audio, and video) among more than 210 million pages of Holocaust documentation, with thousands available online.",
        "url": "https://www.yadvashem.org/archive/about/testimonies.html",
        "citation": "Yad Vashem. Survivor Testimonies Collection. Retrieved from https://www.yadvashem.org/archive/about/testimonies.html.",
        "access_notes": "Thousands of full testimonies freely viewable online; broader archive by researcher request.",
        "access": "partial online",
        "related_ids": [
          "armenian-film-foundation",
          "david-boder-voices-of-holocaust",
          "fortunoff-video-archive",
          "usc-shoah-foundation-vha",
          "yahad-in-unum"
        ],
        "preview_url": "https://www.yadvashem.org/holocaust/video-testimonies.html",
        "verification_status": "partially_verified",
        "provenance": "v0.1 seed dataset, maintainer-curated from the holding institution's public page.",
        "date_added": "2026-09-01",
        "iso3166_1_alpha2": "IL",
        "region": "Asia",
        "subregion": "Western Asia",
        "theme_groups": [
          "Genocide & mass violence",
          "Human rights & justice"
        ]
      }
    },
    {
      "type": "Feature",
      "id": "MV-000046",
      "geometry": {
        "type": "Point",
        "coordinates": [
          51.389,
          35.6892
        ]
      },
      "properties": {
        "id": "harvard-iranian-oral-history",
        "mv_id": "MV-000046",
        "title": "Iranian Oral History Project",
        "archive": "Harvard University Center for Middle Eastern Studies",
        "country": "Iran",
        "languages": [
          "Persian",
          "English"
        ],
        "themes": [
          "political history",
          "history",
          "memory and reconciliation"
        ],
        "decade_start": 1981,
        "decade_end": null,
        "summary": "Launched at Harvard in 1981 by historian Habib Ladjevardi, this project recorded personal accounts of 134 political leaders and eyewitnesses to major events in Iranian history from the 1920s through the 1980s, now digitized and streamed publicly.",
        "url": "https://cmes.fas.harvard.edu/projects/iohp",
        "citation": "Harvard University Center for Middle Eastern Studies. Iranian Oral History Project. Retrieved from https://cmes.fas.harvard.edu/projects/iohp.",
        "archive_type": "university or research institute",
        "related_ids": [
          "fis-oral-history-of-iran"
        ],
        "verification_status": "partially_verified",
        "provenance": "v0.1 seed dataset, maintainer-curated from the holding institution's public page.",
        "date_added": "2026-09-01",
        "iso3166_1_alpha2": "IR",
        "region": "Asia",
        "subregion": "Southern Asia",
        "theme_groups": [
          "History & politics",
          "Human rights & justice"
        ]
      }
    },
    {
      "type": "Feature",
      "id": "MV-000047",
      "geometry": {
        "type": "Point",
        "coordinates": [
          2.3522,
          48.8566
        ]
      },
      "properties": {
        "id": "odysseo-generiques-oral-archives",
        "mv_id": "MV-000047",
        "title": "Oral Archives of Immigration History (Odysseo)",
        "archive": "Genériques / Les Amis de Génériques",
        "country": "France",
        "languages": [
          "French",
          "Arabic",
          "Multiple languages"
        ],
        "language_note": "multiple immigrant languages",
        "themes": [
          "migration",
          "displacement",
          "labor history"
        ],
        "decade_start": 1987,
        "decade_end": null,
        "summary": "Founded in 1987, the association Genériques built the Odysseo portal cataloguing sources on immigration to France since 1800, including an oral-history campaign recording dozens of witnesses to 1968-1988 immigrant mobilization and anti-discrimination struggles.",
        "url": "https://www.lesamisdegeneriques.org/",
        "citation": "Genériques. Oral Archives of Immigration History. Retrieved from https://www.lesamisdegeneriques.org/.",
        "access_notes": "Digitized sources freely searchable online via the Odysseo portal.",
        "related_ids": [
          "domid-migration-museum"
        ],
        "verification_status": "partially_verified",
        "provenance": "v0.1 seed dataset, maintainer-curated from the holding institution's public page.",
        "date_added": "2026-09-01",
        "iso3166_1_alpha2": "FR",
        "region": "Europe",
        "subregion": "Western Europe",
        "theme_groups": [
          "Labor",
          "Migration & displacement"
        ]
      }
    },
    {
      "type": "Feature",
      "id": "MV-000048",
      "geometry": {
        "type": "Point",
        "coordinates": [
          -0.1098,
          51.4954
        ]
      },
      "properties": {
        "id": "iwm-sound-archive",
        "mv_id": "MV-000048",
        "title": "Sound Archive",
        "archive": "Imperial War Museums",
        "country": "United Kingdom",
        "languages": [
          "English",
          "Multiple languages"
        ],
        "language_note": "multiple languages",
        "themes": [
          "war and conflict",
          "military history",
          "oral tradition"
        ],
        "decade_start": 1972,
        "decade_end": null,
        "summary": "Established in 1972 as the Department of Sound Records, IWM's Sound Archive is the world's largest oral history archive of its kind, with over 60,000 hours of interviews covering conflicts since 1914 in more than 15 languages.",
        "url": "https://www.iwm.org.uk/collections/sound",
        "citation": "Imperial War Museums. Sound Archive. Retrieved from https://www.iwm.org.uk/collections/sound.",
        "access_notes": "Many recordings streamable online; full collection via research room visit.",
        "access": "partial online",
        "archive_type": "museum",
        "related_ids": [
          "bl-national-life-stories",
          "fortunoff-video-archive",
          "national-wwii-museum-oral-history",
          "veterans-history-project"
        ],
        "verification_status": "partially_verified",
        "provenance": "v0.1 seed dataset, maintainer-curated from the holding institution's public page.",
        "date_added": "2026-09-01",
        "iso3166_1_alpha2": "GB",
        "region": "Europe",
        "subregion": "Northern Europe",
        "theme_groups": [
          "Oral tradition & folklore",
          "War & conflict"
        ]
      }
    },
    {
      "type": "Feature",
      "id": "MV-000049",
      "geometry": {
        "type": "Point",
        "coordinates": [
          -5.9301,
          54.5973
        ]
      },
      "properties": {
        "id": "prisons-memory-archive",
        "mv_id": "MV-000049",
        "title": "Prisons Memory Archive",
        "archive": "Prisons Memory Archive / Public Record Office of Northern Ireland",
        "country": "United Kingdom",
        "languages": [
          "English"
        ],
        "themes": [
          "war and conflict",
          "memory and reconciliation",
          "human rights"
        ],
        "decade_start": 2006,
        "decade_end": 2007,
        "historical_period_start": 1968,
        "historical_period_end": 1998,
        "summary": "Between 2006 and 2007, filmmakers recorded 161 filmed oral histories with former prisoners, officers, chaplains, and visitors inside Armagh Gaol and the Maze and Long Kesh Prison, capturing life-storytelling about Northern Ireland's Troubles.",
        "url": "https://prisonsmemoryarchive.com/",
        "citation": "Prisons Memory Archive. Retrieved from https://prisonsmemoryarchive.com/.",
        "access_notes": "Selected extracts online; full collection held at the Public Record Office of Northern Ireland.",
        "access": "partial online",
        "verification_status": "partially_verified",
        "provenance": "v0.1 seed dataset, maintainer-curated from the holding institution's public page.",
        "date_added": "2026-09-01",
        "iso3166_1_alpha2": "GB",
        "region": "Europe",
        "subregion": "Northern Europe",
        "theme_groups": [
          "Human rights & justice",
          "War & conflict"
        ]
      }
    },
    {
      "type": "Feature",
      "id": "MV-000050",
      "geometry": {
        "type": "Point",
        "coordinates": [
          -0.1278,
          51.5074
        ]
      },
      "properties": {
        "id": "ajr-refugee-voices",
        "mv_id": "MV-000050",
        "title": "AJR Refugee Voices Testimony Archive",
        "archive": "Association of Jewish Refugees",
        "country": "United Kingdom",
        "languages": [
          "English",
          "German"
        ],
        "themes": [
          "Holocaust",
          "migration",
          "displacement"
        ],
        "decade_start": 2003,
        "decade_end": null,
        "summary": "Commissioned in 2003, this UK archive holds 310 filmed interviews totalling 450 hours with Jewish refugees and survivors of Nazi Europe who rebuilt their lives in Britain, with summaries and clips available and full interviews via research partners.",
        "url": "https://www.ajrrefugeevoices.org.uk/",
        "citation": "Association of Jewish Refugees. Refugee Voices Testimony Archive. Retrieved from https://www.ajrrefugeevoices.org.uk/.",
        "access_notes": "Summaries and short clips online; full unedited interviews via institutional partners.",
        "access": "partial online",
        "archive_type": "foundation or nonprofit",
        "verification_status": "partially_verified",
        "provenance": "v0.1 seed dataset, maintainer-curated from the holding institution's public page.",
        "date_added": "2026-09-01",
        "iso3166_1_alpha2": "GB",
        "region": "Europe",
        "subregion": "Northern Europe",
        "theme_groups": [
          "Genocide & mass violence",
          "Migration & displacement"
        ]
      }
    },
    {
      "type": "Feature",
      "id": "MV-000051",
      "geometry": {
        "type": "Point",
        "coordinates": [
          -1.561,
          52.3793
        ]
      },
      "properties": {
        "id": "warwick-modern-records-centre",
        "mv_id": "MV-000051",
        "title": "Working Class and Labour Oral History Archive",
        "archive": "Modern Records Centre, University of Warwick",
        "country": "United Kingdom",
        "languages": [
          "English"
        ],
        "themes": [
          "labor history",
          "social history",
          "political history"
        ],
        "decade_start": 1973,
        "decade_end": null,
        "summary": "Established in 1973, the Modern Records Centre holds Britain's largest archive of trade union records and industrial relations history, including oral history recordings documenting the working-class labour movement.",
        "url": "https://warwick.ac.uk/services/library/mrc/",
        "citation": "Modern Records Centre, University of Warwick. Retrieved from https://warwick.ac.uk/services/library/mrc/.",
        "archive_type": "university or research institute",
        "related_ids": [
          "bl-national-life-stories",
          "walter-reuther-library"
        ],
        "verification_status": "partially_verified",
        "provenance": "v0.1 seed dataset, maintainer-curated from the holding institution's public page.",
        "date_added": "2026-09-01",
        "iso3166_1_alpha2": "GB",
        "region": "Europe",
        "subregion": "Northern Europe",
        "theme_groups": [
          "History & politics",
          "Labor"
        ]
      }
    },
    {
      "type": "Feature",
      "id": "MV-000052",
      "geometry": {
        "type": "Point",
        "coordinates": [
          -4.0829,
          52.4153
        ]
      },
      "properties": {
        "id": "national-library-wales-sound-archive",
        "mv_id": "MV-000052",
        "title": "Screen and Sound Archive",
        "archive": "National Library of Wales",
        "country": "United Kingdom",
        "languages": [
          "Welsh",
          "English"
        ],
        "themes": [
          "oral tradition",
          "migration",
          "social history"
        ],
        "decade_start": 1898,
        "decade_end": null,
        "summary": "The National Library of Wales's Screen and Sound Archive preserves recordings of Welsh life dating from 1898 onward, including oral history interviews with Welsh migrants to North America and Patagonia, dialect recordings, and industrial-community testimony.",
        "url": "https://www.library.wales/catalogues-searching/about-our-collections/screen-sound-archive",
        "citation": "National Library of Wales. Screen and Sound Archive. Retrieved from https://www.library.wales/catalogues-searching/about-our-collections/screen-sound-archive.",
        "archive_type": "national archive or library",
        "verification_status": "partially_verified",
        "provenance": "v0.1 seed dataset, maintainer-curated from the holding institution's public page.",
        "date_added": "2026-09-01",
        "iso3166_1_alpha2": "GB",
        "region": "Europe",
        "subregion": "Northern Europe",
        "theme_groups": [
          "History & politics",
          "Migration & displacement",
          "Oral tradition & folklore"
        ]
      }
    },
    {
      "type": "Feature",
      "id": "MV-000053",
      "geometry": {
        "type": "Point",
        "coordinates": [
          18.6466,
          54.352
        ]
      },
      "properties": {
        "id": "european-solidarity-centre-archive",
        "mv_id": "MV-000053",
        "title": "European Solidarity Centre Archive",
        "archive": "European Solidarity Centre",
        "country": "Poland",
        "languages": [
          "Polish",
          "English"
        ],
        "themes": [
          "labor history",
          "political history",
          "totalitarianism"
        ],
        "decade_start": 2008,
        "decade_end": null,
        "historical_period_start": 1970,
        "historical_period_end": 1989,
        "summary": "Operating since 2008 in Gdansk, this archive collects documents, photographs, and personal testimony documenting Poland's Solidarity trade union movement and the wider anti-communist opposition in Eastern Europe from 1970 to 1989.",
        "url": "https://ecs.gda.pl/en/archive/",
        "citation": "European Solidarity Centre. Archive. Retrieved from https://ecs.gda.pl/en/archive/.",
        "related_ids": [
          "karta-center-poland",
          "memory-of-nations-czech"
        ],
        "verification_status": "partially_verified",
        "provenance": "v0.1 seed dataset, maintainer-curated from the holding institution's public page.",
        "date_added": "2026-09-01",
        "iso3166_1_alpha2": "PL",
        "region": "Europe",
        "subregion": "Eastern Europe",
        "theme_groups": [
          "Genocide & mass violence",
          "History & politics",
          "Labor"
        ]
      }
    },
    {
      "type": "Feature",
      "id": "MV-000054",
      "geometry": {
        "type": "Point",
        "coordinates": [
          21.0128,
          52.2148
        ]
      },
      "properties": {
        "id": "karta-center-poland",
        "mv_id": "MV-000054",
        "title": "Ośrodek KARTA Oral History Collections",
        "archive": "KARTA Center Foundation",
        "country": "Poland",
        "languages": [
          "Polish",
          "Russian",
          "Ukrainian"
        ],
        "themes": [
          "totalitarianism",
          "war and conflict",
          "political history"
        ],
        "decade_start": 1982,
        "decade_end": null,
        "summary": "Growing out of an underground publishing project launched in early 1982 during martial law, Poland's largest community archive now holds oral history recordings and biographical accounts documenting Nazi and Soviet occupation, deportation, and communist-era persecution.",
        "url": "https://karta.org.pl/",
        "citation": "KARTA Center Foundation. Retrieved from https://karta.org.pl/.",
        "archive_type": "foundation or nonprofit",
        "related_ids": [
          "european-solidarity-centre-archive",
          "memory-of-nations-czech",
          "osa-archivum-budapest"
        ],
        "verification_status": "partially_verified",
        "provenance": "v0.1 seed dataset, maintainer-curated from the holding institution's public page.",
        "date_added": "2026-09-01",
        "iso3166_1_alpha2": "PL",
        "region": "Europe",
        "subregion": "Eastern Europe",
        "theme_groups": [
          "Genocide & mass violence",
          "History & politics",
          "War & conflict"
        ]
      }
    },
    {
      "type": "Feature",
      "id": "MV-000055",
      "geometry": {
        "type": "Point",
        "coordinates": [
          19.0402,
          47.4979
        ]
      },
      "properties": {
        "id": "osa-archivum-budapest",
        "mv_id": "MV-000055",
        "title": "Blinken OSA Archivum",
        "archive": "Central European University",
        "country": "Hungary",
        "languages": [
          "English",
          "Hungarian",
          "Russian"
        ],
        "themes": [
          "totalitarianism",
          "human rights",
          "political history"
        ],
        "decade_start": 1995,
        "decade_end": null,
        "summary": "Founded by George Soros in 1995, this Budapest archive holds Cold War-era records including Radio Free Europe/Radio Liberty materials and oral history interviews with former Soviet dissidents and Communist Party officials.",
        "url": "https://archivum.org/",
        "citation": "Blinken OSA Archivum, Central European University. Retrieved from https://archivum.org/.",
        "archive_type": "university or research institute",
        "related_ids": [
          "karta-center-poland",
          "memory-of-nations-czech"
        ],
        "verification_status": "partially_verified",
        "provenance": "v0.1 seed dataset, maintainer-curated from the holding institution's public page.",
        "date_added": "2026-09-01",
        "iso3166_1_alpha2": "HU",
        "region": "Europe",
        "subregion": "Eastern Europe",
        "theme_groups": [
          "Genocide & mass violence",
          "History & politics",
          "Human rights & justice"
        ]
      }
    },
    {
      "type": "Feature",
      "id": "MV-000056",
      "geometry": {
        "type": "Point",
        "coordinates": [
          18.4131,
          43.8563
        ]
      },
      "properties": {
        "id": "pcrc-ordinary-heroes",
        "mv_id": "MV-000056",
        "title": "Ordinary Heroes Digital Archive",
        "archive": "Post-Conflict Research Center",
        "country": "Bosnia and Herzegovina",
        "languages": [
          "Bosnian"
        ],
        "themes": [
          "war and conflict",
          "memory and reconciliation",
          "human rights"
        ],
        "decade_start": 2011,
        "decade_end": null,
        "historical_period_start": 1992,
        "historical_period_end": 1995,
        "summary": "Founded in Sarajevo in 2011, the Post-Conflict Research Center collects testimony of rescuers and survivors from the 1992-95 Bosnian War through its Ordinary Heroes peacebuilding programme, preserving oral testimonies, letters, and diaries.",
        "url": "https://p-crc.org/our-work/post-conflict-research/rescue-and-survivor-testemonials/ordinary-heroes-digital-archive/",
        "citation": "Post-Conflict Research Center. Ordinary Heroes Digital Archive. Retrieved from https://p-crc.org/our-work/post-conflict-research/rescue-and-survivor-testemonials/ordinary-heroes-digital-archive/.",
        "verification_status": "partially_verified",
        "provenance": "v0.1 seed dataset, maintainer-curated from the holding institution's public page.",
        "date_added": "2026-09-01",
        "iso3166_1_alpha2": "BA",
        "region": "Europe",
        "subregion": "Southern Europe",
        "theme_groups": [
          "Human rights & justice",
          "War & conflict"
        ]
      }
    },
    {
      "type": "Feature",
      "id": "MV-000057",
      "geometry": {
        "type": "Point",
        "coordinates": [
          2.3522,
          48.8566
        ]
      },
      "properties": {
        "id": "yahad-in-unum",
        "mv_id": "MV-000057",
        "title": "Holocaust by Bullets Testimony Archive",
        "archive": "Yahad-In Unum",
        "country": "France",
        "languages": [
          "French",
          "Ukrainian",
          "Russian",
          "Polish",
          "Multiple languages"
        ],
        "language_note": "multiple languages",
        "themes": [
          "Holocaust",
          "genocide",
          "war and conflict"
        ],
        "decade_start": 2004,
        "decade_end": null,
        "historical_period_start": 1933,
        "historical_period_end": 1945,
        "summary": "Founded in 2004 by Father Patrick Desbois, this Paris-based organization has recorded over 7,000 eyewitness interviews across Central and Eastern Europe documenting mass shootings of Jews during the Holocaust, identifying more than 3,000 execution sites.",
        "url": "https://www.yahadinunum.org/",
        "citation": "Yahad-In Unum. Holocaust by Bullets Testimony Archive. Retrieved from https://www.yahadinunum.org/.",
        "access_notes": "Archive being transferred to Yad Vashem for public research access.",
        "related_ids": [
          "memory-of-nations-czech",
          "yad-vashem-testimonies"
        ],
        "verification_status": "partially_verified",
        "provenance": "v0.1 seed dataset, maintainer-curated from the holding institution's public page.",
        "date_added": "2026-09-01",
        "iso3166_1_alpha2": "FR",
        "region": "Europe",
        "subregion": "Western Europe",
        "theme_groups": [
          "Genocide & mass violence",
          "War & conflict"
        ]
      }
    },
    {
      "type": "Feature",
      "id": "MV-000058",
      "geometry": {
        "type": "Point",
        "coordinates": [
          13.2066,
          52.5063
        ]
      },
      "properties": {
        "id": "berlin-phonogramm-archiv",
        "mv_id": "MV-000058",
        "title": "Berliner Phonogramm-Archiv",
        "archive": "Ethnologisches Museum, Staatliche Museen zu Berlin",
        "country": "Germany",
        "languages": [
          "Multiple languages"
        ],
        "language_note": "multiple world languages",
        "themes": [
          "oral tradition",
          "ethnomusicology",
          "music"
        ],
        "decade_start": 1893,
        "decade_end": 1954,
        "summary": "One of the world's oldest sound archives, the Berlin Phonogramm-Archiv preserves about 30,000 wax cylinder recordings made between 1893 and 1954 documenting music and spoken traditions from cultures around the globe, inscribed on UNESCO's Memory of the World register.",
        "url": "https://www.smb.museum/en/museums-institutions/ethnologisches-museum/collection-research/research/sound-recordings-made-by-the-prussian-phonographic-commission/",
        "citation": "Ethnologisches Museum, Staatliche Museen zu Berlin. Berliner Phonogramm-Archiv. Retrieved from https://www.smb.museum/en/museums-institutions/ethnologisches-museum/collection-research/research/sound-recordings-made-by-the-prussian-phonographic-commission/.",
        "archive_type": "museum",
        "related_ids": [
          "association-cultural-equity-lomax",
          "austria-phonogrammarchiv",
          "ralph-rinzler-folklife-archives"
        ],
        "verification_status": "partially_verified",
        "provenance": "v0.1 seed dataset, maintainer-curated from the holding institution's public page.",
        "date_added": "2026-09-01",
        "iso3166_1_alpha2": "DE",
        "region": "Europe",
        "subregion": "Western Europe",
        "theme_groups": [
          "Music, performance & broadcasting",
          "Oral tradition & folklore"
        ]
      }
    },
    {
      "type": "Feature",
      "id": "MV-000059",
      "geometry": {
        "type": "Point",
        "coordinates": [
          13.405,
          52.52
        ]
      },
      "properties": {
        "id": "romarchive",
        "mv_id": "MV-000059",
        "title": "RomArchive",
        "archive": "RomArchive e.V.",
        "country": "Germany",
        "languages": [
          "Romani",
          "German",
          "English"
        ],
        "themes": [
          "oral tradition",
          "genocide",
          "human rights"
        ],
        "decade_start": 2019,
        "decade_end": null,
        "summary": "Launched online in January 2019 after a five-year international project, RomArchive is a digital archive of Roma and Sinti arts and history told by Roma and Sinti themselves, including a dedicated section of oral testimonies from victims of Nazi persecution.",
        "url": "https://www.romarchive.eu/en/",
        "citation": "RomArchive. Retrieved from https://www.romarchive.eu/en/.",
        "access_notes": "Freely accessible online.",
        "access": "open online",
        "archive_type": "foundation or nonprofit",
        "related_ids": [
          "austria-phonogrammarchiv"
        ],
        "verification_status": "partially_verified",
        "provenance": "v0.1 seed dataset, maintainer-curated from the holding institution's public page.",
        "date_added": "2026-09-01",
        "iso3166_1_alpha2": "DE",
        "region": "Europe",
        "subregion": "Western Europe",
        "theme_groups": [
          "Genocide & mass violence",
          "Human rights & justice",
          "Oral tradition & folklore"
        ]
      }
    },
    {
      "type": "Feature",
      "id": "MV-000060",
      "geometry": {
        "type": "Point",
        "coordinates": [
          24.9384,
          60.1699
        ]
      },
      "properties": {
        "id": "finnish-literature-society-folklore-archive",
        "mv_id": "MV-000060",
        "title": "Folklore Archives of the Finnish Literature Society",
        "archive": "Finnish Literature Society (SKS)",
        "country": "Finland",
        "languages": [
          "Finnish",
          "Karelian"
        ],
        "themes": [
          "oral tradition",
          "folklife",
          "music"
        ],
        "decade_start": 1937,
        "decade_end": null,
        "summary": "Consolidated in 1937 from folklore collections begun when the Society was founded in 1831, this archive holds around 4 million folklore items and 30,000 hours of sound and video, including the field poetry that formed the basis of the Finnish epic Kalevala.",
        "url": "https://www.finlit.fi/en/archives/",
        "citation": "Finnish Literature Society (SKS). Folklore Archives. Retrieved from https://www.finlit.fi/en/archives/.",
        "archive_type": "foundation or nonprofit",
        "related_ids": [
          "duchas-national-folklore-collection",
          "estonian-folklore-archives",
          "tobar-an-dualchais"
        ],
        "verification_status": "partially_verified",
        "provenance": "v0.1 seed dataset, maintainer-curated from the holding institution's public page.",
        "date_added": "2026-09-01",
        "iso3166_1_alpha2": "FI",
        "region": "Europe",
        "subregion": "Northern Europe",
        "theme_groups": [
          "Music, performance & broadcasting",
          "Oral tradition & folklore"
        ]
      }
    },
    {
      "type": "Feature",
      "id": "MV-000061",
      "geometry": {
        "type": "Point",
        "coordinates": [
          26.729,
          58.3776
        ]
      },
      "properties": {
        "id": "estonian-folklore-archives",
        "mv_id": "MV-000061",
        "title": "Estonian Folklore Archives",
        "archive": "Estonian Literary Museum",
        "country": "Estonia",
        "languages": [
          "Estonian",
          "Võro",
          "Seto"
        ],
        "themes": [
          "oral tradition",
          "folklife",
          "language documentation"
        ],
        "decade_start": 1927,
        "decade_end": null,
        "summary": "Founded in Tartu in 1927, Estonia's central folklore archive holds roughly 1.5 million manuscript pages, 188,000 sound recordings, and 1,700 films documenting Estonian and Seto folk song, storytelling, and oral tradition.",
        "url": "https://www.kirmus.ee/en/about-us/departments/estonian-folklore-archives",
        "citation": "Estonian Literary Museum. Estonian Folklore Archives. Retrieved from https://www.kirmus.ee/en/about-us/departments/estonian-folklore-archives.",
        "archive_type": "museum",
        "related_ids": [
          "finnish-literature-society-folklore-archive",
          "tobar-an-dualchais"
        ],
        "verification_status": "partially_verified",
        "provenance": "v0.1 seed dataset, maintainer-curated from the holding institution's public page.",
        "date_added": "2026-09-01",
        "iso3166_1_alpha2": "EE",
        "region": "Europe",
        "subregion": "Northern Europe",
        "theme_groups": [
          "Language & linguistics",
          "Oral tradition & folklore"
        ]
      }
    },
    {
      "type": "Feature",
      "id": "MV-000062",
      "geometry": {
        "type": "Point",
        "coordinates": [
          44.79,
          41.71
        ]
      },
      "properties": {
        "id": "georgia-traditional-polyphony-center",
        "mv_id": "MV-000062",
        "title": "International Research Center for Traditional Polyphony",
        "archive": "Tbilisi Vano Sarajishvili State Conservatoire",
        "country": "Georgia",
        "languages": [
          "Georgian"
        ],
        "themes": [
          "oral tradition",
          "music",
          "ethnomusicology"
        ],
        "decade_start": 2002,
        "decade_end": null,
        "summary": "Established with UNESCO support in 2002-2003, this Tbilisi research centre studies and documents Georgian traditional vocal polyphony, an oral musical tradition inscribed on UNESCO's list of the Intangible Cultural Heritage of Humanity.",
        "url": "https://polyphony.ge/en/home-2/",
        "citation": "International Research Center for Traditional Polyphony, Tbilisi State Conservatoire. Retrieved from https://polyphony.ge/en/home-2/.",
        "archive_type": "university or research institute",
        "verification_status": "partially_verified",
        "provenance": "v0.1 seed dataset, maintainer-curated from the holding institution's public page.",
        "date_added": "2026-09-01",
        "iso3166_1_alpha2": "GE",
        "region": "Asia",
        "subregion": "Western Asia",
        "theme_groups": [
          "Music, performance & broadcasting",
          "Oral tradition & folklore"
        ]
      }
    },
    {
      "type": "Feature",
      "id": "MV-000063",
      "geometry": {
        "type": "Point",
        "coordinates": [
          -2.935,
          43.263
        ]
      },
      "properties": {
        "id": "ahotsak-basque-oral-archive",
        "mv_id": "MV-000063",
        "title": "Ahotsak.eus Basque Oral Archive",
        "archive": "Badihardugu Association",
        "country": "Spain",
        "languages": [
          "Basque",
          "Spanish",
          "French"
        ],
        "themes": [
          "oral tradition",
          "language documentation",
          "social history"
        ],
        "decade_start": 2003,
        "decade_end": null,
        "summary": "Since 2003, this project has video-recorded interviews with more than 6,000 Basque speakers over age 75 across Spain and France, documenting Basque dialects, local history, and 20th-century historical memory.",
        "url": "https://ahotsak.eus/english/",
        "citation": "Badihardugu Association. Ahotsak.eus Basque Oral Archive. Retrieved from https://ahotsak.eus/english/.",
        "access_notes": "Freely accessible online, catalogued by topic and town.",
        "access": "open online",
        "archive_type": "foundation or nonprofit",
        "verification_status": "partially_verified",
        "provenance": "v0.1 seed dataset, maintainer-curated from the holding institution's public page.",
        "date_added": "2026-09-01",
        "iso3166_1_alpha2": "ES",
        "region": "Europe",
        "subregion": "Southern Europe",
        "theme_groups": [
          "History & politics",
          "Language & linguistics",
          "Oral tradition & folklore"
        ]
      }
    },
    {
      "type": "Feature",
      "id": "MV-000064",
      "geometry": {
        "type": "Point",
        "coordinates": [
          17.6389,
          59.8586
        ]
      },
      "properties": {
        "id": "isof-sweden-folklore",
        "mv_id": "MV-000064",
        "title": "Dialect, Name, and Folklore Archives",
        "archive": "Institutet för sprak och folkminnen (Isof)",
        "country": "Sweden",
        "languages": [
          "Swedish",
          "Sámi languages",
          "Finnish"
        ],
        "language_note": "Sami",
        "themes": [
          "oral tradition",
          "folklife",
          "language documentation"
        ],
        "decade_start": 2006,
        "decade_end": null,
        "summary": "Sweden's government agency for language and folklore, in its current form since a 2006 institutional merger, holds archives of dialect recordings, folk music, and folklore gathered from across the country and Swedish-speaking areas abroad.",
        "url": "https://www.isof.se/",
        "citation": "Institutet för sprak och folkminnen (Isof). Retrieved from https://www.isof.se/.",
        "verification_status": "partially_verified",
        "provenance": "v0.1 seed dataset, maintainer-curated from the holding institution's public page.",
        "date_added": "2026-09-01",
        "iso3166_1_alpha2": "SE",
        "region": "Europe",
        "subregion": "Northern Europe",
        "theme_groups": [
          "Language & linguistics",
          "Oral tradition & folklore"
        ]
      }
    },
    {
      "type": "Feature",
      "id": "MV-000065",
      "geometry": {
        "type": "Point",
        "coordinates": [
          16.3738,
          48.2082
        ]
      },
      "properties": {
        "id": "austria-phonogrammarchiv",
        "mv_id": "MV-000065",
        "title": "Phonogrammarchiv",
        "archive": "Austrian Academy of Sciences",
        "country": "Austria",
        "languages": [
          "Multiple languages"
        ],
        "language_note": "multiple world languages",
        "themes": [
          "oral tradition",
          "ethnomusicology",
          "language documentation"
        ],
        "decade_start": 1899,
        "decade_end": null,
        "summary": "Founded in 1899, the Vienna Phonogrammarchiv is the world's oldest audiovisual research archive, holding field recordings of languages, dialects, and non-European music made chiefly by Austrian scholars, many inscribed on UNESCO's Memory of the World register.",
        "url": "https://www.oeaw.ac.at/en/phonogrammarchiv/phonogrammarchiv/history-of-the-pha",
        "citation": "Austrian Academy of Sciences. Phonogrammarchiv. Retrieved from https://www.oeaw.ac.at/en/phonogrammarchiv/phonogrammarchiv/history-of-the-pha.",
        "archive_type": "university or research institute",
        "related_ids": [
          "berlin-phonogramm-archiv",
          "romarchive"
        ],
        "verification_status": "partially_verified",
        "provenance": "v0.1 seed dataset, maintainer-curated from the holding institution's public page.",
        "date_added": "2026-09-01",
        "iso3166_1_alpha2": "AT",
        "region": "Europe",
        "subregion": "Western Europe",
        "theme_groups": [
          "Language & linguistics",
          "Music, performance & broadcasting",
          "Oral tradition & folklore"
        ]
      }
    },
    {
      "type": "Feature",
      "id": "MV-000066",
      "geometry": {
        "type": "Point",
        "coordinates": [
          23.0412,
          69.0125
        ]
      },
      "properties": {
        "id": "sami-archives-norway",
        "mv_id": "MV-000066",
        "title": "The Sami Archives",
        "archive": "National Archival Services of Norway",
        "country": "Norway",
        "languages": [
          "Northern Sámi",
          "Norwegian"
        ],
        "themes": [
          "indigenous history",
          "oral tradition",
          "language documentation"
        ],
        "decade_start": 1988,
        "decade_end": null,
        "summary": "Located at the Sami academic park Diehtosiida in Kautokeino, the Sami Archives has preserved material relating to the Sami people since 1988, and since 2005 operates as part of Norway's National Archival Services.",
        "url": "https://www.arkivverket.no/om-oss/samisk-arkiv",
        "citation": "National Archival Services of Norway. The Sami Archives. Retrieved from https://www.arkivverket.no/om-oss/samisk-arkiv.",
        "archive_type": "national archive or library",
        "verification_status": "partially_verified",
        "provenance": "v0.1 seed dataset, maintainer-curated from the holding institution's public page.",
        "date_added": "2026-09-01",
        "iso3166_1_alpha2": "NO",
        "region": "Europe",
        "subregion": "Northern Europe",
        "theme_groups": [
          "Colonialism & Indigenous histories",
          "Language & linguistics",
          "Oral tradition & folklore"
        ]
      }
    },
    {
      "type": "Feature",
      "id": "MV-000067",
      "geometry": {
        "type": "Point",
        "coordinates": [
          103.85,
          1.2833
        ]
      },
      "properties": {
        "id": "singapore-oral-history-centre",
        "mv_id": "MV-000067",
        "title": "Oral History Centre",
        "archive": "National Archives of Singapore",
        "country": "Singapore",
        "languages": [
          "English",
          "Mandarin Chinese",
          "Malay",
          "Tamil"
        ],
        "themes": [
          "national memory",
          "everyday life",
          "social history"
        ],
        "decade_start": 1979,
        "decade_end": null,
        "summary": "Set up in 1979, Singapore's Oral History Centre records life stories and eyewitness accounts documenting the nation's diverse voices, from leaders and innovators to ordinary residents who witnessed historical change.",
        "url": "https://www.nas.gov.sg/archivesonline/oral_history_interviews/about-us",
        "citation": "National Archives of Singapore. Oral History Centre. Retrieved from https://www.nas.gov.sg/archivesonline/oral_history_interviews/about-us.",
        "access_notes": "Interviews searchable online; full recordings subject to interviewee consent.",
        "archive_type": "national archive or library",
        "verification_status": "partially_verified",
        "provenance": "v0.1 seed dataset, maintainer-curated from the holding institution's public page.",
        "date_added": "2026-09-01",
        "iso3166_1_alpha2": "SG",
        "region": "Asia",
        "subregion": "South-eastern Asia",
        "theme_groups": [
          "History & politics",
          "Memory & community"
        ]
      }
    },
    {
      "type": "Feature",
      "id": "MV-000068",
      "geometry": {
        "type": "Point",
        "coordinates": [
          67.0011,
          24.8607
        ]
      },
      "properties": {
        "id": "citizens-archive-pakistan",
        "mv_id": "MV-000068",
        "title": "Oral History Project",
        "archive": "Citizens Archive of Pakistan",
        "country": "Pakistan",
        "languages": [
          "Urdu",
          "English",
          "Punjabi",
          "Sindhi"
        ],
        "themes": [
          "Partition",
          "displacement",
          "migration"
        ],
        "decade_start": 2007,
        "decade_end": null,
        "summary": "Founded in 2007 in Karachi, this nonprofit's Oral History Project has recorded over 5,000 testimonies, beginning with survivors of the 1947 Partition and expanding to broader South Asian historical narratives.",
        "url": "https://citizensarchive.org/portfolio-item/oral-history-project/",
        "citation": "Citizens Archive of Pakistan. Oral History Project. Retrieved from https://citizensarchive.org/portfolio-item/oral-history-project/.",
        "related_ids": [
          "1947-partition-archive"
        ],
        "verification_status": "partially_verified",
        "provenance": "v0.1 seed dataset, maintainer-curated from the holding institution's public page.",
        "date_added": "2026-09-01",
        "iso3166_1_alpha2": "PK",
        "region": "Asia",
        "subregion": "Southern Asia",
        "theme_groups": [
          "Migration & displacement"
        ]
      }
    },
    {
      "type": "Feature",
      "id": "MV-000069",
      "geometry": {
        "type": "Point",
        "coordinates": [
          77.1998,
          28.5921
        ]
      },
      "properties": {
        "id": "nehru-memorial-oral-history",
        "mv_id": "MV-000069",
        "title": "Oral History Division",
        "archive": "Nehru Memorial Museum and Library",
        "country": "India",
        "languages": [
          "Hindi",
          "English"
        ],
        "themes": [
          "political history",
          "history",
          "national memory"
        ],
        "decade_start": 1966,
        "decade_end": null,
        "summary": "Organized beginning in 1966, this division of India's Nehru Memorial Museum and Library recorded reminiscences of figures connected to Gandhi and Nehru and participants in India's freedom struggle, later expanding to economic and cultural history; 838 transcripts are held.",
        "url": "https://nehruportal.nic.in/oral-history",
        "citation": "Nehru Memorial Museum and Library. Oral History Division. Retrieved from https://nehruportal.nic.in/oral-history.",
        "archive_type": "museum",
        "related_ids": [
          "1947-partition-archive"
        ],
        "verification_status": "partially_verified",
        "provenance": "v0.1 seed dataset, maintainer-curated from the holding institution's public page.",
        "date_added": "2026-09-01",
        "iso3166_1_alpha2": "IN",
        "region": "Asia",
        "subregion": "Southern Asia",
        "theme_groups": [
          "History & politics",
          "Memory & community"
        ]
      }
    },
    {
      "type": "Feature",
      "id": "MV-000070",
      "geometry": {
        "type": "Point",
        "coordinates": [
          72.8493,
          19.2183
        ]
      },
      "properties": {
        "id": "sparrow-india",
        "mv_id": "MV-000070",
        "title": "SPARROW: Sound & Picture Archives for Research on Women",
        "archive": "SPARROW",
        "country": "India",
        "languages": [
          "Hindi",
          "Tamil",
          "English",
          "Multiple languages"
        ],
        "language_note": "multiple Indian languages",
        "themes": [
          "women's history",
          "oral tradition",
          "everyday life"
        ],
        "decade_start": 1988,
        "decade_end": null,
        "summary": "Founded in Mumbai in 1988 by writer C.S. Lakshmi, SPARROW is India's largest archive of women's history, holding oral history recordings, personal papers, photographs, and documentary films centering women's own accounts of social change.",
        "url": "https://www.sparrowonline.org/",
        "citation": "SPARROW. Sound & Picture Archives for Research on Women. Retrieved from https://www.sparrowonline.org/.",
        "related_ids": [
          "sophia-smith-voices-of-feminism"
        ],
        "verification_status": "partially_verified",
        "provenance": "v0.1 seed dataset, maintainer-curated from the holding institution's public page.",
        "date_added": "2026-09-01",
        "iso3166_1_alpha2": "IN",
        "region": "Asia",
        "subregion": "Southern Asia",
        "theme_groups": [
          "Gender & sexuality",
          "Memory & community",
          "Oral tradition & folklore"
        ]
      }
    },
    {
      "type": "Feature",
      "id": "MV-000071",
      "geometry": {
        "type": "Point",
        "coordinates": [
          114.1694,
          22.3193
        ]
      },
      "properties": {
        "id": "hong-kong-memory-project",
        "mv_id": "MV-000071",
        "title": "Hong Kong Memory Project",
        "archive": "Hong Kong University of Science and Technology",
        "country": "Hong Kong",
        "languages": [
          "Cantonese",
          "English"
        ],
        "themes": [
          "oral tradition",
          "everyday life",
          "national memory"
        ],
        "decade_start": 2006,
        "decade_end": null,
        "summary": "Begun in 2006, this digital repository gathers oral history and multimedia documentation of Hong Kong's history and culture, covering topics from Kai Tak Airport's neighbourhood to village life and traditional festivals.",
        "url": "https://www.hkmemory.hk/en/index.html",
        "citation": "Hong Kong Memory Project. Retrieved from https://www.hkmemory.hk/en/index.html.",
        "access_notes": "Freely accessible online.",
        "access": "open online",
        "archive_type": "university or research institute",
        "verification_status": "partially_verified",
        "provenance": "v0.1 seed dataset, maintainer-curated from the holding institution's public page.",
        "date_added": "2026-09-01",
        "iso3166_1_alpha2": "HK",
        "region": "Asia",
        "subregion": "Eastern Asia",
        "theme_groups": [
          "Memory & community",
          "Oral tradition & folklore"
        ]
      }
    },
    {
      "type": "Feature",
      "id": "MV-000072",
      "geometry": {
        "type": "Point",
        "coordinates": [
          121.4184,
          31.1631
        ]
      },
      "properties": {
        "id": "shanghai-comfort-women-museum",
        "mv_id": "MV-000072",
        "title": "Chinese \"Comfort Women\" History Museum and Research Center",
        "archive": "Shanghai Normal University",
        "country": "China",
        "languages": [
          "Mandarin Chinese"
        ],
        "themes": [
          "war and conflict",
          "women's history",
          "human rights"
        ],
        "decade_start": 1999,
        "decade_end": null,
        "summary": "Since founding a research center in 1999, historian Su Zhiliang and colleagues have recorded testimony from more than 100 Chinese survivors of Japan's wartime military sexual slavery system, opening a dedicated museum on campus in 2016.",
        "url": "https://www.shnu.edu.cn/",
        "citation": "Shanghai Normal University. Chinese \"Comfort Women\" History Museum and Research Center. Retrieved from https://www.shnu.edu.cn/.",
        "archive_type": "university or research institute",
        "related_ids": [
          "house-of-sharing-korea"
        ],
        "verification_status": "partially_verified",
        "provenance": "v0.1 seed dataset, maintainer-curated from the holding institution's public page.",
        "date_added": "2026-09-01",
        "iso3166_1_alpha2": "CN",
        "region": "Asia",
        "subregion": "Eastern Asia",
        "theme_groups": [
          "Gender & sexuality",
          "Human rights & justice",
          "War & conflict"
        ]
      }
    },
    {
      "type": "Feature",
      "id": "MV-000073",
      "geometry": {
        "type": "Point",
        "coordinates": [
          126.5312,
          33.4996
        ]
      },
      "properties": {
        "id": "jeju43-peace-foundation",
        "mv_id": "MV-000073",
        "title": "Jeju 4.3 Archives",
        "archive": "Jeju 4.3 Peace Foundation",
        "country": "South Korea",
        "languages": [
          "Korean"
        ],
        "themes": [
          "war and conflict",
          "human rights",
          "memory and reconciliation"
        ],
        "decade_start": 2008,
        "decade_end": null,
        "historical_period_start": 1947,
        "historical_period_end": 1954,
        "summary": "Established in 2008, this foundation manages Jeju's Peace Memorial Hall and an archive of over 14,600 victim and bereaved-family testimonies documenting the 1947-54 Jeju uprising and massacre, inscribed on UNESCO's Memory of the World Register in 2025.",
        "url": "http://jeju43peace.org/",
        "citation": "Jeju 4.3 Peace Foundation. Jeju 4.3 Archives. Retrieved from http://jeju43peace.org/.",
        "archive_type": "foundation or nonprofit",
        "verification_status": "partially_verified",
        "provenance": "v0.1 seed dataset, maintainer-curated from the holding institution's public page.",
        "date_added": "2026-09-01",
        "iso3166_1_alpha2": "KR",
        "region": "Asia",
        "subregion": "Eastern Asia",
        "theme_groups": [
          "Human rights & justice",
          "War & conflict"
        ]
      }
    },
    {
      "type": "Feature",
      "id": "MV-000074",
      "geometry": {
        "type": "Point",
        "coordinates": [
          127.2145,
          37.4292
        ]
      },
      "properties": {
        "id": "house-of-sharing-korea",
        "mv_id": "MV-000074",
        "title": "Museum of Sexual Slavery by the Japanese Military",
        "archive": "House of Sharing",
        "country": "South Korea",
        "languages": [
          "Korean",
          "English",
          "Japanese"
        ],
        "themes": [
          "war and conflict",
          "women's history",
          "human rights"
        ],
        "decade_start": 1992,
        "decade_end": null,
        "summary": "Founded in 1992 as a residence for surviving Korean 'comfort women,' the House of Sharing includes the world's first museum devoted to wartime sexual slavery, preserving the testimonies, belongings, and artwork of its former residents.",
        "url": "http://www.nanum.org/",
        "citation": "House of Sharing. Museum of Sexual Slavery by the Japanese Military. Retrieved from http://www.nanum.org/.",
        "related_ids": [
          "shanghai-comfort-women-museum"
        ],
        "verification_status": "partially_verified",
        "provenance": "v0.1 seed dataset, maintainer-curated from the holding institution's public page.",
        "date_added": "2026-09-01",
        "iso3166_1_alpha2": "KR",
        "region": "Asia",
        "subregion": "Eastern Asia",
        "theme_groups": [
          "Gender & sexuality",
          "Human rights & justice",
          "War & conflict"
        ]
      }
    },
    {
      "type": "Feature",
      "id": "MV-000075",
      "geometry": {
        "type": "Point",
        "coordinates": [
          -76.1474,
          43.0481
        ]
      },
      "properties": {
        "id": "korean-war-legacy-foundation",
        "mv_id": "MV-000075",
        "title": "Korean War Legacy Foundation Interview Archive",
        "archive": "Korean War Legacy Foundation",
        "country": "United States",
        "languages": [
          "English",
          "Korean",
          "Multiple languages"
        ],
        "language_note": "multiple UN-participant languages",
        "themes": [
          "war and conflict",
          "military history"
        ],
        "decade_start": 2005,
        "decade_end": null,
        "historical_period_start": 1950,
        "historical_period_end": 1953,
        "summary": "Growing from a 2005 encounter with Syracuse-area veterans, this foundation built the world's largest archive of Korean War oral histories, with over 1,500 recorded interviews of veterans from dozens of participating countries.",
        "url": "https://koreanwarlegacy.org/interactive-library/",
        "citation": "Korean War Legacy Foundation. Interview Archive. Retrieved from https://koreanwarlegacy.org/interactive-library/.",
        "access_notes": "Freely accessible online, searchable video library.",
        "access": "open online",
        "archive_type": "foundation or nonprofit",
        "related_ids": [
          "veterans-history-project"
        ],
        "preview_url": "https://koreanwarlegacy.org/interactive-library/",
        "verification_status": "partially_verified",
        "provenance": "v0.1 seed dataset, maintainer-curated from the holding institution's public page.",
        "date_added": "2026-09-01",
        "iso3166_1_alpha2": "US",
        "region": "Americas",
        "subregion": "Northern America",
        "theme_groups": [
          "War & conflict"
        ]
      }
    },
    {
      "type": "Feature",
      "id": "MV-000076",
      "geometry": {
        "type": "Point",
        "coordinates": [
          121.5398,
          24.9737
        ]
      },
      "properties": {
        "id": "taiwan-human-rights-museum-white-terror",
        "mv_id": "MV-000076",
        "title": "White Terror Oral History Archive",
        "archive": "National Human Rights Museum",
        "country": "Taiwan",
        "languages": [
          "Mandarin Chinese",
          "Taiwanese Hokkien"
        ],
        "themes": [
          "political history",
          "human rights",
          "memory and reconciliation"
        ],
        "decade_start": 2011,
        "decade_end": null,
        "historical_period_start": 1949,
        "historical_period_end": 1987,
        "summary": "A preparatory office founded in 2011 (formally established as a museum in 2018) has recorded oral history interviews with more than 500 political prisoners and their families, documenting Taiwan's 1949-1987 White Terror era of martial-law repression.",
        "url": "https://www.nhrm.gov.tw/w/nhrmEN/About",
        "citation": "National Human Rights Museum. White Terror Oral History Archive. Retrieved from https://www.nhrm.gov.tw/w/nhrmEN/About.",
        "archive_type": "museum",
        "verification_status": "partially_verified",
        "provenance": "v0.1 seed dataset, maintainer-curated from the holding institution's public page.",
        "date_added": "2026-09-01",
        "iso3166_1_alpha2": "TW",
        "region": "Asia",
        "subregion": "Eastern Asia",
        "theme_groups": [
          "History & politics",
          "Human rights & justice"
        ]
      }
    },
    {
      "type": "Feature",
      "id": "MV-000077",
      "geometry": {
        "type": "Point",
        "coordinates": [
          -101.8552,
          33.5779
        ]
      },
      "properties": {
        "id": "vietnam-center-ttu",
        "mv_id": "MV-000077",
        "title": "Oral History Project",
        "archive": "The Vietnam Center and Sam Johnson Vietnam Archive, Texas Tech University",
        "country": "United States",
        "languages": [
          "English",
          "Vietnamese"
        ],
        "themes": [
          "war and conflict",
          "military history",
          "migration"
        ],
        "decade_start": 1999,
        "decade_end": null,
        "historical_period_start": 1955,
        "historical_period_end": 1975,
        "summary": "Since 1999, this project of the world's largest nongovernmental Vietnam War archive has collected over 1,100 oral history interviews with American veterans, Vietnamese allies and opponents, protesters, and family members, available via its Virtual Vietnam Archive.",
        "url": "https://www.vietnam.ttu.edu/oralhistory/",
        "citation": "The Vietnam Center and Sam Johnson Vietnam Archive, Texas Tech University. Oral History Project. Retrieved from https://www.vietnam.ttu.edu/oralhistory/.",
        "archive_type": "university or research institute",
        "related_ids": [
          "veterans-history-project"
        ],
        "verification_status": "partially_verified",
        "provenance": "v0.1 seed dataset, maintainer-curated from the holding institution's public page.",
        "date_added": "2026-09-01",
        "iso3166_1_alpha2": "US",
        "region": "Americas",
        "subregion": "Northern America",
        "theme_groups": [
          "Migration & displacement",
          "War & conflict"
        ]
      }
    },
    {
      "type": "Feature",
      "id": "MV-000078",
      "geometry": {
        "type": "Point",
        "coordinates": [
          90.3639,
          23.7797
        ]
      },
      "properties": {
        "id": "liberation-war-museum-bangladesh",
        "mv_id": "MV-000078",
        "title": "Liberation War Museum Oral History Archive",
        "archive": "Liberation War Museum",
        "country": "Bangladesh",
        "languages": [
          "Bengali",
          "English"
        ],
        "themes": [
          "war and conflict",
          "national memory",
          "displacement"
        ],
        "decade_start": 1996,
        "decade_end": null,
        "historical_period_start": 1971,
        "historical_period_end": 1971,
        "summary": "Established in Dhaka in 1996, the Liberation War Museum has coordinated student-led oral history collection nationwide, gathering some 70,000 eyewitness accounts of Bangladesh's 1971 Liberation War alongside its collection of wartime artifacts.",
        "url": "https://www.liberationwarmuseumbd.org/",
        "citation": "Liberation War Museum. Oral History Archive. Retrieved from https://www.liberationwarmuseumbd.org/.",
        "archive_type": "museum",
        "verification_status": "partially_verified",
        "provenance": "v0.1 seed dataset, maintainer-curated from the holding institution's public page.",
        "date_added": "2026-09-01",
        "iso3166_1_alpha2": "BD",
        "region": "Asia",
        "subregion": "Southern Asia",
        "theme_groups": [
          "Memory & community",
          "Migration & displacement",
          "War & conflict"
        ]
      }
    },
    {
      "type": "Feature",
      "id": "MV-000079",
      "geometry": {
        "type": "Point",
        "coordinates": [
          129.8636,
          32.7736
        ]
      },
      "properties": {
        "id": "nagasaki-peace-memorial-testimonies",
        "mv_id": "MV-000079",
        "title": "Testimonies of the Atomic Bomb Survivors",
        "archive": "Nagasaki National Peace Memorial Hall for the Atomic Bomb Victims",
        "country": "Japan",
        "languages": [
          "Japanese",
          "English"
        ],
        "themes": [
          "war and conflict",
          "nuclear history",
          "peace"
        ],
        "decade_start": 2003,
        "decade_end": null,
        "historical_period_start": 1945,
        "historical_period_end": 1945,
        "summary": "Opened in 2003, this Nagasaki memorial hall records and preserves video testimony from hibakusha (atomic bomb survivors), documenting firsthand accounts of the 1945 atomic bombing and postwar life, alongside a searchable photograph and record database.",
        "url": "https://www.peace-nagasaki.go.jp/en/",
        "citation": "Nagasaki National Peace Memorial Hall for the Atomic Bomb Victims. Testimonies of the Atomic Bomb Survivors. Retrieved from https://www.peace-nagasaki.go.jp/en/.",
        "related_ids": [
          "hiroshima-peace-memorial-testimony",
          "okinawa-peace-memorial-museum"
        ],
        "verification_status": "partially_verified",
        "provenance": "v0.1 seed dataset, maintainer-curated from the holding institution's public page.",
        "date_added": "2026-09-01",
        "iso3166_1_alpha2": "JP",
        "region": "Asia",
        "subregion": "Eastern Asia",
        "theme_groups": [
          "War & conflict"
        ]
      }
    },
    {
      "type": "Feature",
      "id": "MV-000080",
      "geometry": {
        "type": "Point",
        "coordinates": [
          127.7128,
          26.0908
        ]
      },
      "properties": {
        "id": "okinawa-peace-memorial-museum",
        "mv_id": "MV-000080",
        "title": "Battle of Okinawa Survivor Testimonies",
        "archive": "Okinawa Prefectural Peace Memorial Museum",
        "country": "Japan",
        "languages": [
          "Japanese",
          "Okinawan",
          "English"
        ],
        "themes": [
          "war and conflict",
          "peace",
          "memory and reconciliation"
        ],
        "decade_start": 1975,
        "decade_end": null,
        "historical_period_start": 1945,
        "historical_period_end": 1945,
        "summary": "Established in 1975 in Itoman, this museum has documented written and video testimonies of Battle of Okinawa survivors since its founding, honoring the memory of all who perished in the 1945 battle regardless of nationality or military status.",
        "url": "https://www.peace-museum.okinawa.jp/english/",
        "citation": "Okinawa Prefectural Peace Memorial Museum. Battle of Okinawa Survivor Testimonies. Retrieved from https://www.peace-museum.okinawa.jp/english/.",
        "archive_type": "museum",
        "related_ids": [
          "hiroshima-peace-memorial-testimony",
          "nagasaki-peace-memorial-testimonies"
        ],
        "verification_status": "partially_verified",
        "provenance": "v0.1 seed dataset, maintainer-curated from the holding institution's public page.",
        "date_added": "2026-09-01",
        "iso3166_1_alpha2": "JP",
        "region": "Asia",
        "subregion": "Eastern Asia",
        "theme_groups": [
          "Human rights & justice",
          "War & conflict"
        ]
      }
    },
    {
      "type": "Feature",
      "id": "MV-000081",
      "geometry": {
        "type": "Point",
        "coordinates": [
          140.8694,
          38.2682
        ]
      },
      "properties": {
        "id": "michinoku-shinrokuden",
        "mv_id": "MV-000081",
        "title": "Michinoku Shinrokuden",
        "archive": "International Research Institute of Disaster Science, Tohoku University",
        "country": "Japan",
        "languages": [
          "Japanese",
          "English"
        ],
        "themes": [
          "disaster and survivor testimony",
          "everyday life",
          "memory and reconciliation"
        ],
        "decade_start": 2011,
        "decade_end": null,
        "historical_period_start": 2011,
        "historical_period_end": 2011,
        "summary": "Launched in September 2011, this Tohoku University digital archive collects photographs, records, and firsthand testimonies and stories of the thoughts and memories of survivors of the 2011 Great East Japan Earthquake and tsunami, with civic contributions welcomed.",
        "url": "https://search.shinrokuden.irides.tohoku.ac.jp/shinrokuden/",
        "citation": "International Research Institute of Disaster Science, Tohoku University. Michinoku Shinrokuden. Retrieved from https://search.shinrokuden.irides.tohoku.ac.jp/shinrokuden/.",
        "access_notes": "Freely accessible online; open to public contributions.",
        "access": "open online",
        "archive_type": "university or research institute",
        "related_ids": [
          "hurricane-digital-memory-bank"
        ],
        "verification_status": "partially_verified",
        "provenance": "v0.1 seed dataset, maintainer-curated from the holding institution's public page.",
        "date_added": "2026-09-01",
        "iso3166_1_alpha2": "JP",
        "region": "Asia",
        "subregion": "Eastern Asia",
        "theme_groups": [
          "Human rights & justice",
          "Memory & community",
          "Science, environment & disaster"
        ]
      }
    },
    {
      "type": "Feature",
      "id": "MV-000082",
      "geometry": {
        "type": "Point",
        "coordinates": [
          142.0158,
          42.6939
        ]
      },
      "properties": {
        "id": "ainu-museum-nibutani",
        "mv_id": "MV-000082",
        "title": "Nibutani Ainu Culture Museum",
        "archive": "Nibutani Ainu Culture Museum, Biratori Town",
        "country": "Japan",
        "languages": [
          "Ainu",
          "Japanese"
        ],
        "themes": [
          "indigenous history",
          "oral tradition",
          "language documentation"
        ],
        "decade_start": 1992,
        "decade_end": null,
        "summary": "Opened in 1992 in the Ainu community of Nibutani, Hokkaido, this museum preserves and screens recordings of yukar (heroic epics) and other Ainu oral traditions passed down by word of mouth for generations.",
        "url": "https://www.town.biratori.hokkaido.jp/",
        "citation": "Nibutani Ainu Culture Museum, Biratori Town. Retrieved from https://www.town.biratori.hokkaido.jp/.",
        "archive_type": "museum",
        "verification_status": "partially_verified",
        "provenance": "v0.1 seed dataset, maintainer-curated from the holding institution's public page.",
        "date_added": "2026-09-01",
        "iso3166_1_alpha2": "JP",
        "region": "Asia",
        "subregion": "Eastern Asia",
        "theme_groups": [
          "Colonialism & Indigenous histories",
          "Language & linguistics",
          "Oral tradition & folklore"
        ]
      }
    },
    {
      "type": "Feature",
      "id": "MV-000083",
      "geometry": {
        "type": "Point",
        "coordinates": [
          168.3167,
          -17.7333
        ]
      },
      "properties": {
        "id": "vanuatu-cultural-centre-archive",
        "mv_id": "MV-000083",
        "title": "Film and Audio Archive",
        "archive": "Vanuatu Cultural Centre",
        "country": "Vanuatu",
        "languages": [
          "Bislama",
          "English",
          "French",
          "Multiple languages"
        ],
        "language_note": "multiple ni-Vanuatu languages",
        "themes": [
          "oral tradition",
          "folklife",
          "indigenous history"
        ],
        "decade_start": 1955,
        "decade_end": null,
        "summary": "Vanuatu's national cultural institution, tracing its origins to 1955, maintains a Film and Audio Archive and a national heritage registry documenting kastom (customary) oral traditions, ceremonies, and languages across the archipelago's many communities.",
        "url": "https://vanuatuculturalcentre.gov.vu/",
        "citation": "Vanuatu Cultural Centre. Film and Audio Archive. Retrieved from https://vanuatuculturalcentre.gov.vu/.",
        "verification_status": "partially_verified",
        "provenance": "v0.1 seed dataset, maintainer-curated from the holding institution's public page.",
        "date_added": "2026-09-01",
        "iso3166_1_alpha2": "VU",
        "region": "Oceania",
        "subregion": "Melanesia",
        "theme_groups": [
          "Colonialism & Indigenous histories",
          "Oral tradition & folklore"
        ]
      }
    },
    {
      "type": "Feature",
      "id": "MV-000084",
      "geometry": {
        "type": "Point",
        "coordinates": [
          178.4501,
          -18.1248
        ]
      },
      "properties": {
        "id": "itaukei-institute-fiji",
        "mv_id": "MV-000084",
        "title": "iTaukei Institute of Language and Culture",
        "archive": "iTaukei Affairs Board",
        "country": "Fiji",
        "languages": [
          "Fijian",
          "English"
        ],
        "themes": [
          "oral tradition",
          "language documentation",
          "indigenous history"
        ],
        "decade_start": 1974,
        "decade_end": null,
        "summary": "Evolving from a Fijian dictionary project begun in 1974, this institute is custodian of iTaukei dialects and oral traditions across Fiji's fourteen provinces, running a Cultural Mapping Programme recording traditional knowledge village by village.",
        "url": "https://www.itaukeiaffairs.gov.fj/index.php/divisions/tilc",
        "citation": "iTaukei Affairs Board. iTaukei Institute of Language and Culture. Retrieved from https://www.itaukeiaffairs.gov.fj/index.php/divisions/tilc.",
        "archive_type": "government agency",
        "verification_status": "partially_verified",
        "provenance": "v0.1 seed dataset, maintainer-curated from the holding institution's public page.",
        "date_added": "2026-09-01",
        "iso3166_1_alpha2": "FJ",
        "region": "Oceania",
        "subregion": "Melanesia",
        "theme_groups": [
          "Colonialism & Indigenous histories",
          "Language & linguistics",
          "Oral tradition & folklore"
        ]
      }
    },
    {
      "type": "Feature",
      "id": "MV-000085",
      "geometry": {
        "type": "Point",
        "coordinates": [
          151.1873,
          -33.8886
        ]
      },
      "properties": {
        "id": "paradisec-archive",
        "mv_id": "MV-000085",
        "title": "PARADISEC",
        "archive": "Pacific and Regional Archive for Digital Sources in Endangered Cultures",
        "country": "Australia",
        "languages": [
          "Multiple languages"
        ],
        "language_note": "multiple Pacific and Southeast Asian languages",
        "themes": [
          "language documentation",
          "oral tradition",
          "indigenous history"
        ],
        "decade_start": 2003,
        "decade_end": null,
        "summary": "Established in 2003, this digital archive preserves endangered field recordings from Oceania and Southeast Asia, holding 20,500 hours of audio and 4,000 hours of video documenting 1,291 languages that would otherwise risk being lost.",
        "url": "https://www.paradisec.org.au/",
        "citation": "PARADISEC. Retrieved from https://www.paradisec.org.au/.",
        "related_ids": [
          "aiatsis-collection",
          "ailla-archive",
          "elar-soas"
        ],
        "verification_status": "partially_verified",
        "provenance": "v0.1 seed dataset, maintainer-curated from the holding institution's public page.",
        "date_added": "2026-09-01",
        "iso3166_1_alpha2": "AU",
        "region": "Oceania",
        "subregion": "Australia and New Zealand",
        "theme_groups": [
          "Colonialism & Indigenous histories",
          "Language & linguistics",
          "Oral tradition & folklore"
        ]
      }
    },
    {
      "type": "Feature",
      "id": "MV-000086",
      "geometry": {
        "type": "Point",
        "coordinates": [
          144.9749,
          -37.8567
        ]
      },
      "properties": {
        "id": "australian-queer-archives",
        "mv_id": "MV-000086",
        "title": "Australian Queer Archives",
        "archive": "Australian Queer Archives (AQuA)",
        "country": "Australia",
        "languages": [
          "English"
        ],
        "themes": [
          "LGBTQ+ history",
          "social history",
          "community memory"
        ],
        "decade_start": 1978,
        "decade_end": null,
        "summary": "Established in Melbourne in 1978 as the Australian Lesbian and Gay Archives, AQuA holds over 500,000 items including oral history and audio recordings, the largest collection relating to LGBTQI+ Australians.",
        "url": "https://queerarchives.org.au/",
        "citation": "Australian Queer Archives (AQuA). Retrieved from https://queerarchives.org.au/.",
        "related_ids": [
          "gala-queer-archive",
          "one-archives-usc"
        ],
        "verification_status": "partially_verified",
        "provenance": "v0.1 seed dataset, maintainer-curated from the holding institution's public page.",
        "date_added": "2026-09-01",
        "iso3166_1_alpha2": "AU",
        "region": "Oceania",
        "subregion": "Australia and New Zealand",
        "theme_groups": [
          "Gender & sexuality",
          "History & politics",
          "Memory & community"
        ]
      }
    },
    {
      "type": "Feature",
      "id": "MV-000087",
      "geometry": {
        "type": "Point",
        "coordinates": [
          28.0305,
          -26.1929
        ]
      },
      "properties": {
        "id": "gala-queer-archive",
        "mv_id": "MV-000087",
        "title": "GALA Queer Archive",
        "archive": "GALA Queer Archive",
        "country": "South Africa",
        "languages": [
          "English",
          "Afrikaans",
          "Zulu",
          "Xhosa"
        ],
        "themes": [
          "LGBTQ+ history",
          "human rights",
          "community memory"
        ],
        "decade_start": 1997,
        "decade_end": null,
        "summary": "Founded in Johannesburg in 1997 as Gay and Lesbian Memory in Action, GALA documents LGBTQIA+ history and culture in South Africa and the region, including oral history projects on lesbian narratives and African women's queer experience.",
        "url": "https://gala.co.za/",
        "citation": "GALA Queer Archive. Retrieved from https://gala.co.za/.",
        "related_ids": [
          "australian-queer-archives",
          "one-archives-usc",
          "saha-oral-history"
        ],
        "verification_status": "partially_verified",
        "provenance": "v0.1 seed dataset, maintainer-curated from the holding institution's public page.",
        "date_added": "2026-09-01",
        "iso3166_1_alpha2": "ZA",
        "region": "Africa",
        "subregion": "Sub-Saharan Africa",
        "theme_groups": [
          "Gender & sexuality",
          "Human rights & justice",
          "Memory & community"
        ]
      }
    },
    {
      "type": "Feature",
      "id": "MV-000088",
      "geometry": {
        "type": "Point",
        "coordinates": [
          -118.2851,
          34.0224
        ]
      },
      "properties": {
        "id": "one-archives-usc",
        "mv_id": "MV-000088",
        "title": "ONE Archives at the USC Libraries",
        "archive": "University of Southern California Libraries",
        "country": "United States",
        "languages": [
          "English"
        ],
        "themes": [
          "LGBTQ+ history",
          "social history",
          "community memory"
        ],
        "decade_start": 1952,
        "decade_end": null,
        "summary": "Founded in 1952 and housed at USC Libraries since 2010, ONE Archives is the largest LGBTQ archive in the world, holding over two million items including thousands of oral history video and audio recordings.",
        "url": "https://one.usc.edu/",
        "citation": "ONE Archives at the USC Libraries. Retrieved from https://one.usc.edu/.",
        "archive_type": "university or research institute",
        "related_ids": [
          "a-people-s-archive-of-police-violence-in-cleveland",
          "australian-queer-archives",
          "gala-queer-archive",
          "glbt-historical-society",
          "lesbian-herstory-archives",
          "preserve-the-baltimore-uprising",
          "the-outwords-archive"
        ],
        "verification_status": "partially_verified",
        "provenance": "v0.1 seed dataset, maintainer-curated from the holding institution's public page.",
        "date_added": "2026-09-01",
        "iso3166_1_alpha2": "US",
        "region": "Americas",
        "subregion": "Northern America",
        "theme_groups": [
          "Gender & sexuality",
          "History & politics",
          "Memory & community"
        ]
      }
    },
    {
      "type": "Feature",
      "id": "MV-000089",
      "geometry": {
        "type": "Point",
        "coordinates": [
          -73.9814,
          40.671
        ]
      },
      "properties": {
        "id": "lesbian-herstory-archives",
        "mv_id": "MV-000089",
        "title": "Lesbian Herstory Archives",
        "archive": "Lesbian Herstory Archives",
        "country": "United States",
        "languages": [
          "English"
        ],
        "themes": [
          "LGBTQ+ history",
          "women's history",
          "community memory"
        ],
        "decade_start": 1974,
        "decade_end": null,
        "summary": "Founded in 1974 by members of New York's Gay Academic Union, the Lesbian Herstory Archives in Brooklyn holds the world's largest collection of lesbian history, including roughly 3,000 oral history cassette recordings and 950 videotapes.",
        "url": "https://lesbianherstoryarchives.org/",
        "citation": "Lesbian Herstory Archives. Retrieved from https://lesbianherstoryarchives.org/.",
        "related_ids": [
          "activist-women-s-voices",
          "glbt-historical-society",
          "one-archives-usc"
        ],
        "verification_status": "partially_verified",
        "provenance": "v0.1 seed dataset, maintainer-curated from the holding institution's public page.",
        "date_added": "2026-09-01",
        "iso3166_1_alpha2": "US",
        "region": "Americas",
        "subregion": "Northern America",
        "theme_groups": [
          "Gender & sexuality",
          "Memory & community"
        ]
      }
    },
    {
      "type": "Feature",
      "id": "MV-000090",
      "geometry": {
        "type": "Point",
        "coordinates": [
          -122.4194,
          37.7749
        ]
      },
      "properties": {
        "id": "glbt-historical-society",
        "mv_id": "MV-000090",
        "title": "GLBT Historical Society Archives",
        "archive": "GLBT Historical Society",
        "country": "United States",
        "languages": [
          "English"
        ],
        "themes": [
          "LGBTQ+ history",
          "social history",
          "community memory"
        ],
        "decade_start": 1985,
        "decade_end": null,
        "summary": "Founded in San Francisco in 1985, the GLBT Historical Society holds an oral history collection begun in 1992 and later projects including the San Francisco ACT UP Oral History Project chronicling AIDS-era direct-action organizing.",
        "url": "https://www.glbthistory.org/archives-about-visitor-info",
        "citation": "GLBT Historical Society. Archives. Retrieved from https://www.glbthistory.org/archives-about-visitor-info.",
        "archive_type": "foundation or nonprofit",
        "related_ids": [
          "lesbian-herstory-archives",
          "one-archives-usc"
        ],
        "verification_status": "partially_verified",
        "provenance": "v0.1 seed dataset, maintainer-curated from the holding institution's public page.",
        "date_added": "2026-09-01",
        "iso3166_1_alpha2": "US",
        "region": "Americas",
        "subregion": "Northern America",
        "theme_groups": [
          "Gender & sexuality",
          "History & politics",
          "Memory & community"
        ]
      }
    },
    {
      "type": "Feature",
      "id": "MV-000091",
      "geometry": {
        "type": "Point",
        "coordinates": [
          -0.1156,
          51.4613
        ]
      },
      "properties": {
        "id": "black-cultural-archives-windrush",
        "mv_id": "MV-000091",
        "title": "Windrush Generation Oral Histories",
        "archive": "Black Cultural Archives",
        "country": "United Kingdom",
        "languages": [
          "English"
        ],
        "themes": [
          "migration",
          "displacement",
          "community memory"
        ],
        "decade_start": 1981,
        "decade_end": null,
        "summary": "Founded in Brixton in 1981, the Black Cultural Archives holds oral history interviews with members of the Windrush generation and Black Women's Movement, documenting the postwar migration of Caribbean and African communities to Britain.",
        "url": "https://blackculturalarchives.org/our-story",
        "citation": "Black Cultural Archives. Windrush Generation Oral Histories. Retrieved from https://blackculturalarchives.org/our-story.",
        "related_ids": [
          "domid-migration-museum",
          "saada-archive"
        ],
        "verification_status": "partially_verified",
        "provenance": "v0.1 seed dataset, maintainer-curated from the holding institution's public page.",
        "date_added": "2026-09-01",
        "iso3166_1_alpha2": "GB",
        "region": "Europe",
        "subregion": "Northern Europe",
        "theme_groups": [
          "Memory & community",
          "Migration & displacement"
        ]
      }
    },
    {
      "type": "Feature",
      "id": "MV-000092",
      "geometry": {
        "type": "Point",
        "coordinates": [
          -83.0673,
          42.3573
        ]
      },
      "properties": {
        "id": "walter-reuther-library",
        "mv_id": "MV-000092",
        "title": "Walter P. Reuther Library Oral History Collection",
        "archive": "Wayne State University",
        "country": "United States",
        "languages": [
          "English"
        ],
        "themes": [
          "labor history",
          "social history",
          "civil rights"
        ],
        "decade_start": 1960,
        "decade_end": null,
        "summary": "Founded in 1960 as the Labor History Archives, North America's largest labor archive holds oral history recordings alongside the papers of unions and labor leaders documenting the American labor movement from Detroit's auto industry outward.",
        "url": "https://reuther.wayne.edu/memory",
        "citation": "Walter P. Reuther Library, Wayne State University. Oral History Collection. Retrieved from https://reuther.wayne.edu/memory.",
        "access_notes": "In-person/reading-room access; recordings requested via the Audiovisual Department.",
        "access": "on site only",
        "archive_type": "university or research institute",
        "related_ids": [
          "sohp-unc",
          "warwick-modern-records-centre"
        ],
        "verification_status": "partially_verified",
        "provenance": "v0.1 seed dataset, maintainer-curated from the holding institution's public page.",
        "date_added": "2026-09-01",
        "iso3166_1_alpha2": "US",
        "region": "Americas",
        "subregion": "Northern America",
        "theme_groups": [
          "History & politics",
          "Human rights & justice",
          "Labor"
        ]
      }
    },
    {
      "type": "Feature",
      "id": "MV-000093",
      "geometry": {
        "type": "Point",
        "coordinates": [
          -72.6412,
          42.3168
        ]
      },
      "properties": {
        "id": "sophia-smith-voices-of-feminism",
        "mv_id": "MV-000093",
        "title": "Voices of Feminism Oral History Project",
        "archive": "Sophia Smith Collection, Smith College",
        "country": "United States",
        "languages": [
          "English",
          "Spanish"
        ],
        "themes": [
          "women's history",
          "civil rights",
          "labor history"
        ],
        "decade_start": 1990,
        "decade_end": 2006,
        "summary": "Recorded between 1990 and 2006 and expanded with Ford Foundation funding, this project documents grassroots feminist organizing in the late 20th-century United States through five-to-six-hour interviews with labor, anti-racism, lesbian-rights, and reproductive-justice activists.",
        "url": "https://libraries.smith.edu/special-collections/research-collections/resources-lists/oral-histories/voices-of-feminism",
        "citation": "Sophia Smith Collection, Smith College. Voices of Feminism Oral History Project. Retrieved from https://libraries.smith.edu/special-collections/research-collections/resources-lists/oral-histories/voices-of-feminism.",
        "archive_type": "university or research institute",
        "related_ids": [
          "jewish-womens-archive-weaving-words",
          "sparrow-india"
        ],
        "verification_status": "partially_verified",
        "provenance": "v0.1 seed dataset, maintainer-curated from the holding institution's public page.",
        "date_added": "2026-09-01",
        "iso3166_1_alpha2": "US",
        "region": "Americas",
        "subregion": "Northern America",
        "theme_groups": [
          "Gender & sexuality",
          "Human rights & justice",
          "Labor"
        ]
      }
    },
    {
      "type": "Feature",
      "id": "MV-000094",
      "geometry": {
        "type": "Point",
        "coordinates": [
          -71.0589,
          42.3601
        ]
      },
      "properties": {
        "id": "jewish-womens-archive-weaving-words",
        "mv_id": "MV-000094",
        "title": "Weaving Women's Words",
        "archive": "Jewish Women's Archive",
        "country": "United States",
        "languages": [
          "English"
        ],
        "themes": [
          "women's history",
          "everyday life",
          "community memory"
        ],
        "decade_start": 2001,
        "decade_end": null,
        "summary": "This early-2000s Jewish Women's Archive initiative recorded oral histories with 30 Jewish women each in Baltimore and Seattle, all born in the early 20th century, capturing decades of social change through their working and family lives.",
        "url": "https://jwa.org/oralhistories",
        "citation": "Jewish Women's Archive. Weaving Women's Words. Retrieved from https://jwa.org/oralhistories.",
        "access_notes": "Full audio and transcripts freely available via the Internet Archive.",
        "access": "open online",
        "related_ids": [
          "activist-women-s-voices",
          "sophia-smith-voices-of-feminism"
        ],
        "verification_status": "partially_verified",
        "provenance": "v0.1 seed dataset, maintainer-curated from the holding institution's public page.",
        "date_added": "2026-09-01",
        "iso3166_1_alpha2": "US",
        "region": "Americas",
        "subregion": "Northern America",
        "theme_groups": [
          "Gender & sexuality",
          "Memory & community"
        ]
      }
    },
    {
      "type": "Feature",
      "id": "MV-000095",
      "geometry": {
        "type": "Point",
        "coordinates": [
          -73.9645,
          40.7685
        ]
      },
      "properties": {
        "id": "association-cultural-equity-lomax",
        "mv_id": "MV-000095",
        "title": "Alan Lomax Archive / Global Jukebox",
        "archive": "Association for Cultural Equity",
        "country": "United States",
        "languages": [
          "Multiple languages"
        ],
        "language_note": "multiple world languages",
        "themes": [
          "oral tradition",
          "folklife",
          "music"
        ],
        "decade_start": 1933,
        "decade_end": null,
        "summary": "Housing the life's work of folklorist Alan Lomax, who began field recording in the 1930s across the American South, Britain, Spain, Italy, and the Caribbean, this Hunter College-based archive now streams over 6,000 songs from 1,000 cultures via its Global Jukebox platform.",
        "url": "https://www.culturalequity.org/",
        "citation": "Association for Cultural Equity. Alan Lomax Archive / Global Jukebox. Retrieved from https://www.culturalequity.org/.",
        "access_notes": "Freely accessible online via the Global Jukebox.",
        "access": "open online",
        "archive_type": "foundation or nonprofit",
        "related_ids": [
          "berlin-phonogramm-archiv",
          "oral-history-of-american-music",
          "ralph-rinzler-folklife-archives",
          "slave-narratives-a-folk-history-of-slavery-in-the",
          "tobar-an-dualchais"
        ],
        "verification_status": "partially_verified",
        "provenance": "v0.1 seed dataset, maintainer-curated from the holding institution's public page.",
        "date_added": "2026-09-01",
        "iso3166_1_alpha2": "US",
        "region": "Americas",
        "subregion": "Northern America",
        "theme_groups": [
          "Music, performance & broadcasting",
          "Oral tradition & folklore"
        ]
      }
    },
    {
      "type": "Feature",
      "id": "MV-000096",
      "geometry": {
        "type": "Point",
        "coordinates": [
          -87.6298,
          41.8781
        ]
      },
      "properties": {
        "id": "the-historymakers",
        "mv_id": "MV-000096",
        "title": "The HistoryMakers Digital Archive",
        "archive": "The HistoryMakers",
        "country": "United States",
        "languages": [
          "English"
        ],
        "themes": [
          "civil rights",
          "everyday life",
          "community memory"
        ],
        "decade_start": 1999,
        "decade_end": null,
        "summary": "Founded in Chicago in 1999, The HistoryMakers has recorded over 11,000 hours of video oral history across more than 400 U.S. cities, forming the single largest collection of African American first-person video testimony in the world, now preserved at the Library of Congress.",
        "url": "https://www.thehistorymakers.org/",
        "citation": "The HistoryMakers. Digital Archive. Retrieved from https://www.thehistorymakers.org/.",
        "related_ids": [
          "densho-digital-repository",
          "storycorps-national-archive"
        ],
        "verification_status": "partially_verified",
        "provenance": "v0.1 seed dataset, maintainer-curated from the holding institution's public page.",
        "date_added": "2026-09-01",
        "iso3166_1_alpha2": "US",
        "region": "Americas",
        "subregion": "Northern America",
        "theme_groups": [
          "Human rights & justice",
          "Memory & community"
        ]
      }
    },
    {
      "type": "Feature",
      "id": "MV-000097",
      "geometry": {
        "type": "Point",
        "coordinates": [
          -79.0558,
          35.9132
        ]
      },
      "properties": {
        "id": "sohp-unc",
        "mv_id": "MV-000097",
        "title": "Southern Oral History Program",
        "archive": "University of North Carolina at Chapel Hill",
        "country": "United States",
        "languages": [
          "English"
        ],
        "themes": [
          "social history",
          "civil rights",
          "labor history"
        ],
        "decade_start": 1973,
        "decade_end": null,
        "summary": "Founded in 1973, the Southern Oral History Program stewards more than 6,000 interviews documenting the U.S. South, from Civil Rights Movement activists and millworkers to educators and community leaders.",
        "url": "https://sohp.org/",
        "citation": "Southern Oral History Program, University of North Carolina at Chapel Hill. Retrieved from https://sohp.org/.",
        "archive_type": "university or research institute",
        "related_ids": [
          "samuel-proctor-oral-history-program",
          "walter-reuther-library"
        ],
        "verification_status": "partially_verified",
        "provenance": "v0.1 seed dataset, maintainer-curated from the holding institution's public page.",
        "date_added": "2026-09-01",
        "iso3166_1_alpha2": "US",
        "region": "Americas",
        "subregion": "Northern America",
        "theme_groups": [
          "History & politics",
          "Human rights & justice",
          "Labor"
        ]
      }
    },
    {
      "type": "Feature",
      "id": "MV-000098",
      "geometry": {
        "type": "Point",
        "coordinates": [
          -0.13,
          51.5222
        ]
      },
      "properties": {
        "id": "elar-soas",
        "mv_id": "MV-000098",
        "title": "Endangered Languages Archive (ELAR)",
        "archive": "SOAS University of London",
        "country": "United Kingdom",
        "languages": [
          "Multiple languages"
        ],
        "language_note": "multiple endangered languages",
        "themes": [
          "language documentation",
          "oral tradition",
          "indigenous history"
        ],
        "decade_start": 2002,
        "decade_end": null,
        "summary": "Based at SOAS since the early 2000s, ELAR is a digital repository of endangered-language documentation from around the world, with regional strongholds in Africa, the Middle East, Asia, Australia, and South America, mostly freely accessible after registration.",
        "url": "https://www.elararchive.org/",
        "citation": "SOAS University of London. Endangered Languages Archive (ELAR). Retrieved from https://www.elararchive.org/.",
        "archive_type": "university or research institute",
        "related_ids": [
          "ailla-archive",
          "endangered-archives-programme",
          "paradisec-archive",
          "tla-dobes"
        ],
        "verification_status": "partially_verified",
        "provenance": "v0.1 seed dataset, maintainer-curated from the holding institution's public page.",
        "date_added": "2026-09-01",
        "iso3166_1_alpha2": "GB",
        "region": "Europe",
        "subregion": "Northern Europe",
        "theme_groups": [
          "Colonialism & Indigenous histories",
          "Language & linguistics",
          "Oral tradition & folklore"
        ]
      }
    },
    {
      "type": "Feature",
      "id": "MV-000099",
      "geometry": {
        "type": "Point",
        "coordinates": [
          -97.7341,
          30.2849
        ]
      },
      "properties": {
        "id": "ailla-archive",
        "mv_id": "MV-000099",
        "title": "Archive of the Indigenous Languages of Latin America (AILLA)",
        "archive": "University of Texas at Austin",
        "country": "United States",
        "languages": [
          "Indigenous languages of the Americas"
        ],
        "language_note": "multiple Indigenous Latin American languages",
        "themes": [
          "language documentation",
          "indigenous history",
          "oral tradition"
        ],
        "decade_start": 2000,
        "decade_end": null,
        "summary": "Founded in 2000, AILLA is a digital repository preserving field notes, narratives, songs, and oratory recordings documenting Indigenous languages of Latin America, freely accessible online in English, Spanish, and Portuguese.",
        "url": "https://ailla.utexas.org/",
        "citation": "University of Texas at Austin. Archive of the Indigenous Languages of Latin America (AILLA). Retrieved from https://ailla.utexas.org/.",
        "archive_type": "university or research institute",
        "related_ids": [
          "elar-soas",
          "paradisec-archive",
          "tla-dobes"
        ],
        "verification_status": "partially_verified",
        "provenance": "v0.1 seed dataset, maintainer-curated from the holding institution's public page.",
        "date_added": "2026-09-01",
        "iso3166_1_alpha2": "US",
        "region": "Americas",
        "subregion": "Northern America",
        "theme_groups": [
          "Colonialism & Indigenous histories",
          "Language & linguistics",
          "Oral tradition & folklore"
        ]
      }
    },
    {
      "type": "Feature",
      "id": "MV-000100",
      "geometry": {
        "type": "Point",
        "coordinates": [
          5.8372,
          51.8126
        ]
      },
      "properties": {
        "id": "tla-dobes",
        "mv_id": "MV-000100",
        "title": "The Language Archive / DoBeS",
        "archive": "Max Planck Institute for Psycholinguistics",
        "country": "Netherlands",
        "languages": [
          "Multiple languages"
        ],
        "language_note": "multiple endangered languages",
        "themes": [
          "language documentation",
          "oral tradition",
          "indigenous history"
        ],
        "decade_start": 2000,
        "decade_end": null,
        "summary": "Launched in 2000 with VolkswagenFoundation funding, the DoBeS programme has funded around 50 endangered-language documentation projects worldwide, with annotated recordings stored at Nijmegen's Language Archive; select collections joined UNESCO's Memory of the World register in 2015.",
        "url": "https://tla.mpi.nl/",
        "citation": "Max Planck Institute for Psycholinguistics. The Language Archive / DoBeS. Retrieved from https://tla.mpi.nl/.",
        "archive_type": "university or research institute",
        "related_ids": [
          "ailla-archive",
          "elar-soas"
        ],
        "verification_status": "partially_verified",
        "provenance": "v0.1 seed dataset, maintainer-curated from the holding institution's public page.",
        "date_added": "2026-09-01",
        "iso3166_1_alpha2": "NL",
        "region": "Europe",
        "subregion": "Western Europe",
        "theme_groups": [
          "Colonialism & Indigenous histories",
          "Language & linguistics",
          "Oral tradition & folklore"
        ]
      }
    },
    {
      "type": "Feature",
      "id": "MV-000101",
      "geometry": {
        "type": "Point",
        "coordinates": [
          -147.834,
          64.857
        ]
      },
      "properties": {
        "id": "alaska-native-language-archive",
        "mv_id": "MV-000101",
        "title": "Michael E. Krauss Alaska Native Language Archive",
        "archive": "University of Alaska Fairbanks",
        "country": "United States",
        "languages": [
          "Indigenous languages of the Americas"
        ],
        "language_note": "multiple Alaska Native languages",
        "themes": [
          "language documentation",
          "indigenous history",
          "oral tradition"
        ],
        "decade_start": 1972,
        "decade_end": null,
        "summary": "Created by state legislation in 1972 alongside the Alaska Native Language Center, this Fairbanks archive holds over 15,000 documents and audio recordings dating to the 1940s documenting the twenty Native languages of Alaska.",
        "url": "https://www.uaf.edu/anla/",
        "citation": "University of Alaska Fairbanks. Michael E. Krauss Alaska Native Language Archive. Retrieved from https://www.uaf.edu/anla/.",
        "archive_type": "university or research institute",
        "related_ids": [
          "project-jukebox-alaska"
        ],
        "verification_status": "partially_verified",
        "provenance": "v0.1 seed dataset, maintainer-curated from the holding institution's public page.",
        "date_added": "2026-09-01",
        "iso3166_1_alpha2": "US",
        "region": "Americas",
        "subregion": "Northern America",
        "theme_groups": [
          "Colonialism & Indigenous histories",
          "Language & linguistics",
          "Oral tradition & folklore"
        ]
      }
    },
    {
      "type": "Feature",
      "id": "MV-000102",
      "geometry": {
        "type": "Point",
        "coordinates": [
          -147.834,
          64.857
        ]
      },
      "properties": {
        "id": "project-jukebox-alaska",
        "mv_id": "MV-000102",
        "title": "Project Jukebox",
        "archive": "University of Alaska Fairbanks Oral History Program",
        "country": "United States",
        "languages": [
          "English",
          "Indigenous languages of the Americas"
        ],
        "language_note": "multiple Alaska Native languages",
        "themes": [
          "oral tradition",
          "indigenous history",
          "everyday life"
        ],
        "decade_start": 1985,
        "decade_end": null,
        "summary": "Since the mid-1980s, this digital branch of the University of Alaska Fairbanks Oral History Program has shared audio and video recordings, transcripts, and historic photographs from communities across Alaska, including a statewide 1994-96 Communities of Memory project.",
        "url": "https://jukebox.uaf.edu/",
        "citation": "University of Alaska Fairbanks Oral History Program. Project Jukebox. Retrieved from https://jukebox.uaf.edu/.",
        "access_notes": "Freely accessible online.",
        "access": "open online",
        "archive_type": "university or research institute",
        "related_ids": [
          "alaska-native-language-archive"
        ],
        "verification_status": "partially_verified",
        "provenance": "v0.1 seed dataset, maintainer-curated from the holding institution's public page.",
        "date_added": "2026-09-01",
        "iso3166_1_alpha2": "US",
        "region": "Americas",
        "subregion": "Northern America",
        "theme_groups": [
          "Colonialism & Indigenous histories",
          "Memory & community",
          "Oral tradition & folklore"
        ]
      }
    },
    {
      "type": "Feature",
      "id": "MV-000103",
      "geometry": {
        "type": "Point",
        "coordinates": [
          -60.3258,
          53.3018
        ]
      },
      "properties": {
        "id": "them-days-archives-labrador",
        "mv_id": "MV-000103",
        "title": "Them Days Archives",
        "archive": "Them Days",
        "country": "Canada",
        "languages": [
          "English",
          "Inuktitut",
          "Innu-aimun"
        ],
        "themes": [
          "oral tradition",
          "everyday life",
          "indigenous history"
        ],
        "decade_start": 1984,
        "decade_end": null,
        "summary": "Growing out of a quarterly magazine published since 1975, the Them Days Archives in Happy Valley-Goose Bay has since 1984 gathered diaries, letters, and audio and video recordings documenting Labrador history and culture across Inuit, Innu, and settler communities.",
        "url": "https://www.themdays.com/",
        "citation": "Them Days. Archives. Retrieved from https://www.themdays.com/.",
        "verification_status": "partially_verified",
        "provenance": "v0.1 seed dataset, maintainer-curated from the holding institution's public page.",
        "date_added": "2026-09-01",
        "iso3166_1_alpha2": "CA",
        "region": "Americas",
        "subregion": "Northern America",
        "theme_groups": [
          "Colonialism & Indigenous histories",
          "Memory & community",
          "Oral tradition & folklore"
        ]
      }
    },
    {
      "type": "Feature",
      "id": "MV-000104",
      "geometry": {
        "type": "Point",
        "coordinates": [
          -76.9314,
          38.8462
        ]
      },
      "properties": {
        "id": "nmai-archive-center",
        "mv_id": "MV-000104",
        "title": "Archive Center",
        "archive": "National Museum of the American Indian, Smithsonian Institution",
        "country": "United States",
        "languages": [
          "English",
          "Indigenous languages of the Americas"
        ],
        "language_note": "multiple Indigenous languages of the Americas",
        "themes": [
          "indigenous history",
          "oral tradition",
          "community memory"
        ],
        "decade_start": 1989,
        "decade_end": null,
        "summary": "The Smithsonian's National Museum of the American Indian, established in 1989, maintains an Archive Center with oral history recordings and records of Native and Indigenous artists, writers, activists, and organizations across the Western Hemisphere.",
        "url": "https://americanindian.si.edu/explore/collections/archive",
        "citation": "National Museum of the American Indian, Smithsonian Institution. Archive Center. Retrieved from https://americanindian.si.edu/explore/collections/archive.",
        "access_notes": "By appointment only, onsite research visits.",
        "access": "on site only",
        "archive_type": "museum",
        "related_ids": [
          "activist-women-s-voices",
          "doris-duke-utah-oral-history",
          "slave-narratives-a-folk-history-of-slavery-in-the"
        ],
        "verification_status": "partially_verified",
        "provenance": "v0.1 seed dataset, maintainer-curated from the holding institution's public page.",
        "date_added": "2026-09-01",
        "iso3166_1_alpha2": "US",
        "region": "Americas",
        "subregion": "Northern America",
        "theme_groups": [
          "Colonialism & Indigenous histories",
          "Memory & community",
          "Oral tradition & folklore"
        ]
      }
    },
    {
      "type": "Feature",
      "id": "MV-000105",
      "geometry": {
        "type": "Point",
        "coordinates": [
          -111.8421,
          40.7649
        ]
      },
      "properties": {
        "id": "doris-duke-utah-oral-history",
        "mv_id": "MV-000105",
        "title": "Doris Duke American Indian Oral History Project",
        "archive": "University of Utah, J. Willard Marriott Library",
        "country": "United States",
        "languages": [
          "English",
          "Indigenous languages of the Americas"
        ],
        "language_note": "multiple Indigenous languages",
        "themes": [
          "indigenous history",
          "oral tradition",
          "community memory"
        ],
        "decade_start": 1966,
        "decade_end": 1971,
        "summary": "Funded by the Doris Duke Charitable Foundation, the University of Utah's American West Center conducted interviews across six western U.S. states between 1966 and 1971, ultimately recording 1,458 interviews now being digitized with descendant communities.",
        "url": "https://lib.utah.edu/collections/multimedia/oralhistory.php",
        "citation": "University of Utah, J. Willard Marriott Library. Doris Duke American Indian Oral History Project. Retrieved from https://lib.utah.edu/collections/multimedia/oralhistory.php.",
        "archive_type": "university or research institute",
        "related_ids": [
          "nctr-residential-schools",
          "nmai-archive-center"
        ],
        "verification_status": "partially_verified",
        "provenance": "v0.1 seed dataset, maintainer-curated from the holding institution's public page.",
        "date_added": "2026-09-01",
        "iso3166_1_alpha2": "US",
        "region": "Americas",
        "subregion": "Northern America",
        "theme_groups": [
          "Colonialism & Indigenous histories",
          "Memory & community",
          "Oral tradition & folklore"
        ]
      }
    },
    {
      "type": "Feature",
      "id": "MV-000106",
      "geometry": {
        "type": "Point",
        "coordinates": [
          -122.4326,
          37.8608
        ]
      },
      "properties": {
        "id": "angel-island-immigration-foundation",
        "mv_id": "MV-000106",
        "title": "Immigrant Voices Oral History Collection",
        "archive": "Angel Island Immigration Station Foundation",
        "country": "United States",
        "languages": [
          "English",
          "Chinese",
          "Multiple languages"
        ],
        "language_note": "multiple immigrant languages",
        "themes": [
          "migration",
          "displacement",
          "Partition"
        ],
        "decade_start": 1983,
        "decade_end": null,
        "historical_period_start": 1910,
        "historical_period_end": 1940,
        "summary": "Formed in 1983 after Chinese poetry carved into detention-barracks walls was rediscovered, this foundation has curated over 250 oral histories from immigrants detained at Angel Island between 1910 and 1940 and their descendants.",
        "url": "https://www.aiisf.org/",
        "citation": "Angel Island Immigration Station Foundation. Immigrant Voices Oral History Collection. Retrieved from https://www.aiisf.org/.",
        "archive_type": "foundation or nonprofit",
        "related_ids": [
          "bracero-history-archive",
          "saada-archive"
        ],
        "verification_status": "partially_verified",
        "provenance": "v0.1 seed dataset, maintainer-curated from the holding institution's public page.",
        "date_added": "2026-09-01",
        "iso3166_1_alpha2": "US",
        "region": "Americas",
        "subregion": "Northern America",
        "theme_groups": [
          "Migration & displacement"
        ]
      }
    },
    {
      "type": "Feature",
      "id": "MV-000107",
      "geometry": {
        "type": "Point",
        "coordinates": [
          -75.1652,
          39.9526
        ]
      },
      "properties": {
        "id": "saada-archive",
        "mv_id": "MV-000107",
        "title": "South Asian American Digital Archive (SAADA)",
        "archive": "South Asian American Digital Archive",
        "country": "United States",
        "languages": [
          "English",
          "Multiple languages"
        ],
        "language_note": "multiple South Asian languages",
        "themes": [
          "migration",
          "everyday life",
          "community memory"
        ],
        "decade_start": 2008,
        "decade_end": null,
        "summary": "Established in Philadelphia in 2008, SAADA preserves the history of South Asian communities in the United States dating to the 1600s, including multiple oral history projects documenting Indo-American, Pakistani, and other South Asian migration experiences.",
        "url": "https://www.saada.org/browse/type/oral-history",
        "citation": "South Asian American Digital Archive (SAADA). Oral History Collections. Retrieved from https://www.saada.org/browse/type/oral-history.",
        "access_notes": "Freely accessible online.",
        "access": "open online",
        "related_ids": [
          "angel-island-immigration-foundation",
          "black-cultural-archives-windrush",
          "moise-a-khayrallah-center-for-lebanese-diaspora"
        ],
        "verification_status": "partially_verified",
        "provenance": "v0.1 seed dataset, maintainer-curated from the holding institution's public page.",
        "date_added": "2026-09-01",
        "iso3166_1_alpha2": "US",
        "region": "Americas",
        "subregion": "Northern America",
        "theme_groups": [
          "Memory & community",
          "Migration & displacement"
        ]
      }
    },
    {
      "type": "Feature",
      "id": "MV-000108",
      "geometry": {
        "type": "Point",
        "coordinates": [
          -106.485,
          31.7619
        ]
      },
      "properties": {
        "id": "bracero-history-archive",
        "mv_id": "MV-000108",
        "title": "Bracero History Archive",
        "archive": "Institute of Oral History, University of Texas at El Paso",
        "country": "United States",
        "languages": [
          "Spanish",
          "English"
        ],
        "themes": [
          "migration",
          "labor history",
          "everyday life"
        ],
        "decade_start": 2005,
        "decade_end": null,
        "historical_period_start": 1942,
        "historical_period_end": 1964,
        "summary": "A partnership begun in late 2005 among the Smithsonian, George Mason University, Brown University, and UTEP's Institute of Oral History, this archive holds the largest collection of oral histories of braceros, Mexican guest workers in mid-20th-century U.S. agriculture.",
        "url": "https://braceroarchive.org/",
        "citation": "Institute of Oral History, University of Texas at El Paso. Bracero History Archive. Retrieved from https://braceroarchive.org/.",
        "access_notes": "Freely accessible online.",
        "access": "open online",
        "archive_type": "university or research institute",
        "related_ids": [
          "angel-island-immigration-foundation",
          "chinese-railroad-workers-stanford",
          "fanhs-national-pinoy-archives"
        ],
        "verification_status": "partially_verified",
        "provenance": "v0.1 seed dataset, maintainer-curated from the holding institution's public page.",
        "date_added": "2026-09-01",
        "iso3166_1_alpha2": "US",
        "region": "Americas",
        "subregion": "Northern America",
        "theme_groups": [
          "Labor",
          "Memory & community",
          "Migration & displacement"
        ]
      }
    },
    {
      "type": "Feature",
      "id": "MV-000109",
      "geometry": {
        "type": "Point",
        "coordinates": [
          6.9603,
          50.9375
        ]
      },
      "properties": {
        "id": "domid-migration-museum",
        "mv_id": "MV-000109",
        "title": "Documentation Center and Museum of Migration in Germany (DOMiD)",
        "archive": "DOMiD e.V.",
        "country": "Germany",
        "languages": [
          "German",
          "Turkish"
        ],
        "themes": [
          "migration",
          "labor history",
          "everyday life"
        ],
        "decade_start": 1990,
        "decade_end": null,
        "summary": "Founded in 1990 by Turkish 'guest worker' migrants as a self-organized archive, DOMiD now holds more than 150,000 objects and documents, including personal narratives and everyday objects, tracing the history of migration to postwar Germany.",
        "url": "https://domid.org/en/",
        "citation": "DOMiD e.V. Documentation Center and Museum of Migration in Germany. Retrieved from https://domid.org/en/.",
        "archive_type": "foundation or nonprofit",
        "related_ids": [
          "black-cultural-archives-windrush",
          "odysseo-generiques-oral-archives"
        ],
        "verification_status": "partially_verified",
        "provenance": "v0.1 seed dataset, maintainer-curated from the holding institution's public page.",
        "date_added": "2026-09-01",
        "iso3166_1_alpha2": "DE",
        "region": "Europe",
        "subregion": "Western Europe",
        "theme_groups": [
          "Labor",
          "Memory & community",
          "Migration & displacement"
        ]
      }
    },
    {
      "type": "Feature",
      "id": "MV-000110",
      "geometry": {
        "type": "Point",
        "coordinates": [
          -80.2762,
          25.7174
        ]
      },
      "properties": {
        "id": "cuban-heritage-collection-miami",
        "mv_id": "MV-000110",
        "title": "Cuban Heritage Collection Oral Histories",
        "archive": "University of Miami Libraries",
        "country": "United States",
        "languages": [
          "Spanish",
          "English"
        ],
        "themes": [
          "migration",
          "displacement",
          "political history"
        ],
        "decade_start": 2008,
        "decade_end": null,
        "summary": "Since 2008, the University of Miami's Cuban Heritage Collection has recorded oral histories of Cuban exiles and dissidents, including the Luis J. Botifoll Oral History Project and interviews with 2003 Black Spring political prisoners.",
        "url": "https://www.library.miami.edu/oral-histories.html",
        "citation": "University of Miami Libraries. Cuban Heritage Collection Oral Histories. Retrieved from https://www.library.miami.edu/oral-histories.html.",
        "archive_type": "university or research institute",
        "verification_status": "partially_verified",
        "provenance": "v0.1 seed dataset, maintainer-curated from the holding institution's public page.",
        "date_added": "2026-09-01",
        "iso3166_1_alpha2": "US",
        "region": "Americas",
        "subregion": "Northern America",
        "theme_groups": [
          "History & politics",
          "Migration & displacement"
        ]
      }
    },
    {
      "type": "Feature",
      "id": "MV-000111",
      "geometry": {
        "type": "Point",
        "coordinates": [
          -117.8443,
          33.6405
        ]
      },
      "properties": {
        "id": "viet-stories-uci",
        "mv_id": "MV-000111",
        "title": "Viet Stories: Vietnamese American Oral History Project",
        "archive": "University of California, Irvine",
        "country": "United States",
        "languages": [
          "Vietnamese",
          "English"
        ],
        "themes": [
          "migration",
          "displacement",
          "war and conflict"
        ],
        "decade_start": 2011,
        "decade_end": null,
        "summary": "Launched in 2011 in UC Irvine's Department of Asian American Studies, Viet Stories documents the life stories of first-generation Vietnamese Americans in Southern California, recording memories of prewar Vietnam, the Vietnam War, and refugee resettlement.",
        "url": "https://sites.uci.edu/vaohp/",
        "citation": "University of California, Irvine. Viet Stories: Vietnamese American Oral History Project. Retrieved from https://sites.uci.edu/vaohp/.",
        "archive_type": "university or research institute",
        "related_ids": [
          "hmong-archives-stpaul"
        ],
        "verification_status": "partially_verified",
        "provenance": "v0.1 seed dataset, maintainer-curated from the holding institution's public page.",
        "date_added": "2026-09-01",
        "iso3166_1_alpha2": "US",
        "region": "Americas",
        "subregion": "Northern America",
        "theme_groups": [
          "Migration & displacement",
          "War & conflict"
        ]
      }
    },
    {
      "type": "Feature",
      "id": "MV-000112",
      "geometry": {
        "type": "Point",
        "coordinates": [
          -93.09,
          44.9537
        ]
      },
      "properties": {
        "id": "hmong-archives-stpaul",
        "mv_id": "MV-000112",
        "title": "Hmong Archives",
        "archive": "Hmong Archives",
        "country": "United States",
        "languages": [
          "Hmong",
          "English"
        ],
        "themes": [
          "migration",
          "displacement",
          "everyday life"
        ],
        "decade_start": 1999,
        "decade_end": null,
        "summary": "Founded in Saint Paul in February 1999 by Hmong professionals, this archive collects materials and oral history documenting Hmong people, including a project recording Hmong immigrants who resettled in Minnesota from Laos and Thailand.",
        "url": "https://hmongarchives.org/",
        "citation": "Hmong Archives. Retrieved from https://hmongarchives.org/.",
        "related_ids": [
          "viet-stories-uci"
        ],
        "verification_status": "partially_verified",
        "provenance": "v0.1 seed dataset, maintainer-curated from the holding institution's public page.",
        "date_added": "2026-09-01",
        "iso3166_1_alpha2": "US",
        "region": "Americas",
        "subregion": "Northern America",
        "theme_groups": [
          "Memory & community",
          "Migration & displacement"
        ]
      }
    },
    {
      "type": "Feature",
      "id": "MV-000113",
      "geometry": {
        "type": "Point",
        "coordinates": [
          -93.2277,
          44.974
        ]
      },
      "properties": {
        "id": "immigration-history-research-center-umn",
        "mv_id": "MV-000113",
        "title": "Immigration History Research Center Archives",
        "archive": "University of Minnesota",
        "country": "United States",
        "languages": [
          "English",
          "Multiple languages"
        ],
        "language_note": "multiple immigrant languages",
        "themes": [
          "migration",
          "everyday life",
          "community memory"
        ],
        "decade_start": 1965,
        "decade_end": null,
        "summary": "Founded in 1965, this is the oldest research center devoted to immigrant and refugee life in North America; its Minnesota Immigrant Oral Histories collection holds over 360 interviews recorded between 1967 and 2012.",
        "url": "https://www.lib.umn.edu/collections/special/ihrca",
        "citation": "University of Minnesota. Immigration History Research Center Archives. Retrieved from https://www.lib.umn.edu/collections/special/ihrca.",
        "archive_type": "university or research institute",
        "related_ids": [
          "moise-a-khayrallah-center-for-lebanese-diaspora"
        ],
        "verification_status": "partially_verified",
        "provenance": "v0.1 seed dataset, maintainer-curated from the holding institution's public page.",
        "date_added": "2026-09-01",
        "iso3166_1_alpha2": "US",
        "region": "Americas",
        "subregion": "Northern America",
        "theme_groups": [
          "Memory & community",
          "Migration & displacement"
        ]
      }
    },
    {
      "type": "Feature",
      "id": "MV-000114",
      "geometry": {
        "type": "Point",
        "coordinates": [
          -72.928,
          41.3111
        ]
      },
      "properties": {
        "id": "fortunoff-video-archive",
        "mv_id": "MV-000114",
        "title": "Fortunoff Video Archive for Holocaust Testimonies",
        "archive": "Yale University Library",
        "country": "United States",
        "languages": [
          "English",
          "Multiple languages"
        ],
        "language_note": "multiple languages",
        "themes": [
          "Holocaust",
          "genocide",
          "human rights"
        ],
        "decade_start": 1979,
        "decade_end": null,
        "historical_period_start": 1933,
        "historical_period_end": 1945,
        "summary": "Begun as a New Haven community project in 1979 and brought to Yale in 1981, the Fortunoff Archive now holds over 4,500 videotaped interviews with Holocaust witnesses and survivors, including Sinti and Roma survivors, resisters, and liberators.",
        "url": "https://web.library.yale.edu/fortuneoff_1",
        "citation": "Yale University Library. Fortunoff Video Archive for Holocaust Testimonies. Retrieved from https://web.library.yale.edu/fortuneoff_1.",
        "archive_type": "university or research institute",
        "related_ids": [
          "david-boder-voices-of-holocaust",
          "freedom-collection",
          "iwm-sound-archive",
          "usc-shoah-foundation-vha",
          "yad-vashem-testimonies"
        ],
        "verification_status": "partially_verified",
        "provenance": "v0.1 seed dataset, maintainer-curated from the holding institution's public page.",
        "date_added": "2026-09-01",
        "iso3166_1_alpha2": "US",
        "region": "Americas",
        "subregion": "Northern America",
        "theme_groups": [
          "Genocide & mass violence",
          "Human rights & justice"
        ]
      }
    },
    {
      "type": "Feature",
      "id": "MV-000115",
      "geometry": {
        "type": "Point",
        "coordinates": [
          -90.0765,
          29.9425
        ]
      },
      "properties": {
        "id": "national-wwii-museum-oral-history",
        "mv_id": "MV-000115",
        "title": "Oral History Collection",
        "archive": "The National WWII Museum",
        "country": "United States",
        "languages": [
          "English"
        ],
        "themes": [
          "war and conflict",
          "military history"
        ],
        "decade_start": 2000,
        "decade_end": null,
        "historical_period_start": 1939,
        "historical_period_end": 1945,
        "summary": "Growing from historian Stephen Ambrose's personal collecting, this New Orleans museum (opened in 2000) holds more than 9,000 personal accounts of World War II veterans, part of over 250,000 artifacts.",
        "url": "https://www.nationalww2museum.org/oral-history-resources",
        "citation": "The National WWII Museum. Oral History Collection. Retrieved from https://www.nationalww2museum.org/oral-history-resources.",
        "archive_type": "museum",
        "related_ids": [
          "iwm-sound-archive",
          "veterans-history-project"
        ],
        "verification_status": "partially_verified",
        "provenance": "v0.1 seed dataset, maintainer-curated from the holding institution's public page.",
        "date_added": "2026-09-01",
        "iso3166_1_alpha2": "US",
        "region": "Americas",
        "subregion": "Northern America",
        "theme_groups": [
          "War & conflict"
        ]
      }
    },
    {
      "type": "Feature",
      "id": "MV-000116",
      "geometry": {
        "type": "Point",
        "coordinates": [
          -74.0134,
          40.7115
        ]
      },
      "properties": {
        "id": "911-memorial-museum-oral-history",
        "mv_id": "MV-000116",
        "title": "Oral Histories",
        "archive": "National September 11 Memorial & Museum",
        "country": "United States",
        "languages": [
          "English"
        ],
        "themes": [
          "war and conflict",
          "disaster and survivor testimony",
          "community memory"
        ],
        "decade_start": 2005,
        "decade_end": null,
        "historical_period_start": 2001,
        "historical_period_end": 2001,
        "summary": "The 9/11 Memorial & Museum's oral history collection, built since its 2005 founding, holds more than 2,500 recorded interviews with responders, survivors, and family members documenting the September 11, 2001 attacks and their aftermath.",
        "url": "https://www.911memorial.org/learn/resources/oral-histories",
        "citation": "National September 11 Memorial & Museum. Oral Histories. Retrieved from https://www.911memorial.org/learn/resources/oral-histories.",
        "access_notes": "Selected audio freely streamable online.",
        "access": "partial online",
        "archive_type": "museum",
        "related_ids": [
          "storycorps-national-archive"
        ],
        "preview_url": "https://www.911memorial.org/learn/resources/oral-histories",
        "verification_status": "partially_verified",
        "provenance": "v0.1 seed dataset, maintainer-curated from the holding institution's public page.",
        "date_added": "2026-09-01",
        "iso3166_1_alpha2": "US",
        "region": "Americas",
        "subregion": "Northern America",
        "theme_groups": [
          "Memory & community",
          "Science, environment & disaster",
          "War & conflict"
        ]
      }
    },
    {
      "type": "Feature",
      "id": "MV-000117",
      "geometry": {
        "type": "Point",
        "coordinates": [
          -77.3067,
          38.8315
        ]
      },
      "properties": {
        "id": "hurricane-digital-memory-bank",
        "mv_id": "MV-000117",
        "title": "Hurricane Digital Memory Bank",
        "archive": "Roy Rosenzweig Center for History and New Media, George Mason University",
        "country": "United States",
        "languages": [
          "English",
          "Spanish"
        ],
        "themes": [
          "disaster and survivor testimony",
          "everyday life",
          "community memory"
        ],
        "decade_start": 2005,
        "decade_end": null,
        "historical_period_start": 2005,
        "historical_period_end": 2005,
        "summary": "Organized in 2005 with the University of New Orleans, this is the largest free public archive of Hurricanes Katrina and Rita, with over 25,000 first-hand accounts, images, blog postings, and podcasts documenting the storms and their aftermath.",
        "url": "https://hurricanearchive.org/",
        "citation": "Roy Rosenzweig Center for History and New Media, George Mason University. Hurricane Digital Memory Bank. Retrieved from https://hurricanearchive.org/.",
        "access_notes": "Freely accessible online.",
        "access": "open online",
        "archive_type": "university or research institute",
        "related_ids": [
          "michinoku-shinrokuden"
        ],
        "verification_status": "partially_verified",
        "provenance": "v0.1 seed dataset, maintainer-curated from the holding institution's public page.",
        "date_added": "2026-09-01",
        "iso3166_1_alpha2": "US",
        "region": "Americas",
        "subregion": "Northern America",
        "theme_groups": [
          "Memory & community",
          "Science, environment & disaster"
        ]
      }
    },
    {
      "type": "Feature",
      "id": "MV-000118",
      "geometry": {
        "type": "Point",
        "coordinates": [
          -118.8376,
          34.1706
        ]
      },
      "properties": {
        "id": "armenian-film-foundation",
        "mv_id": "MV-000118",
        "title": "Armenian Film Foundation Genocide Testimony Collection",
        "archive": "Armenian Film Foundation",
        "country": "United States",
        "languages": [
          "Armenian",
          "English",
          "Multiple languages"
        ],
        "language_note": "multiple languages",
        "themes": [
          "genocide",
          "Holocaust",
          "human rights"
        ],
        "decade_start": 1968,
        "decade_end": 2005,
        "historical_period_start": 1915,
        "historical_period_end": 1923,
        "summary": "Founded in 1979 by filmmaker J. Michael Hagopian, himself a genocide survivor, this Thousand Oaks foundation holds 400 interviews filmed between 1968 and 2005 with Armenian Genocide survivors, witnesses, and their descendants, now integrated into the USC Shoah Foundation's archive.",
        "url": "http://www.armenianfilm.org/",
        "citation": "Armenian Film Foundation. Genocide Testimony Collection. Retrieved from http://www.armenianfilm.org/.",
        "archive_type": "foundation or nonprofit",
        "related_ids": [
          "freedom-collection",
          "usc-shoah-foundation-vha",
          "yad-vashem-testimonies"
        ],
        "verification_status": "partially_verified",
        "provenance": "v0.1 seed dataset, maintainer-curated from the holding institution's public page.",
        "date_added": "2026-09-01",
        "iso3166_1_alpha2": "US",
        "region": "Americas",
        "subregion": "Northern America",
        "theme_groups": [
          "Genocide & mass violence",
          "Human rights & justice"
        ]
      }
    },
    {
      "type": "Feature",
      "id": "MV-000119",
      "geometry": {
        "type": "Point",
        "coordinates": [
          -87.6266,
          41.8356
        ]
      },
      "properties": {
        "id": "david-boder-voices-of-holocaust",
        "mv_id": "MV-000119",
        "title": "Voices of the Holocaust",
        "archive": "Illinois Institute of Technology",
        "country": "United States",
        "languages": [
          "Yiddish",
          "German",
          "Polish",
          "Multiple languages"
        ],
        "language_note": "multiple languages",
        "themes": [
          "Holocaust",
          "genocide",
          "displacement"
        ],
        "decade_start": 1946,
        "decade_end": 1946,
        "historical_period_start": 1933,
        "historical_period_end": 1945,
        "summary": "In 1946, psychologist David P. Boder traveled to displaced-persons camps across France, Switzerland, Italy, and Germany with a wire recorder, capturing 130 interviews in nine languages that are considered the earliest known recorded oral histories of the Holocaust.",
        "url": "https://voices.library.iit.edu/",
        "citation": "Illinois Institute of Technology. Voices of the Holocaust. Retrieved from https://voices.library.iit.edu/.",
        "access_notes": "Freely accessible online, fully transcribed and translated.",
        "access": "open online",
        "archive_type": "university or research institute",
        "related_ids": [
          "fortunoff-video-archive",
          "yad-vashem-testimonies"
        ],
        "verification_status": "partially_verified",
        "provenance": "v0.1 seed dataset, maintainer-curated from the holding institution's public page.",
        "date_added": "2026-09-01",
        "iso3166_1_alpha2": "US",
        "region": "Americas",
        "subregion": "Northern America",
        "theme_groups": [
          "Genocide & mass violence",
          "Migration & displacement"
        ]
      }
    },
    {
      "type": "Feature",
      "id": "MV-000120",
      "geometry": {
        "type": "Point",
        "coordinates": [
          -0.1276,
          51.5299
        ]
      },
      "properties": {
        "id": "endangered-archives-programme",
        "mv_id": "MV-000120",
        "title": "Endangered Archives Programme",
        "archive": "British Library",
        "country": "United Kingdom",
        "languages": [
          "Multiple languages"
        ],
        "language_note": "multiple world languages",
        "themes": [
          "language documentation",
          "oral tradition",
          "history"
        ],
        "decade_start": 2004,
        "decade_end": null,
        "summary": "Funded by Arcadia since 2004, this British Library programme has supported over 500 projects in more than 90 countries, digitizing 16 million images and 35,000 sound recordings of at-risk cultural heritage, including oral and audiovisual materials from Africa, Asia, and Latin America.",
        "url": "https://eap.bl.uk/",
        "citation": "British Library. Endangered Archives Programme. Retrieved from https://eap.bl.uk/.",
        "access_notes": "Digitized collections freely accessible online.",
        "access": "open online",
        "related_ids": [
          "elar-soas",
          "ibadan-african-studies-audiovisual"
        ],
        "verification_status": "partially_verified",
        "provenance": "v0.1 seed dataset, maintainer-curated from the holding institution's public page.",
        "date_added": "2026-09-01",
        "iso3166_1_alpha2": "GB",
        "region": "Europe",
        "subregion": "Northern Europe",
        "theme_groups": [
          "History & politics",
          "Language & linguistics",
          "Oral tradition & folklore"
        ]
      }
    },
    {
      "type": "Feature",
      "id": "MV-000121",
      "geometry": {
        "type": "Point",
        "coordinates": [
          -118.2404,
          34.0503
        ]
      },
      "properties": {
        "id": "japanese-american-national-museum",
        "mv_id": "MV-000121",
        "title": "Hirasaki National Resource Center Oral Histories",
        "archive": "Japanese American National Museum",
        "country": "United States",
        "languages": [
          "English",
          "Japanese"
        ],
        "themes": [
          "migration",
          "incarceration",
          "civil rights"
        ],
        "decade_start": 1992,
        "decade_end": null,
        "summary": "Founded in Los Angeles's Little Tokyo in 1992, JANM preserves oral history interviews, diaries, and military memoirs documenting Japanese American history and wartime incarceration, in long partnership with the Densho Digital Repository.",
        "url": "https://www.janm.org/hnrc",
        "citation": "Japanese American National Museum. Hirasaki National Resource Center Oral Histories. Retrieved from https://www.janm.org/hnrc.",
        "archive_type": "museum",
        "related_ids": [
          "densho-digital-repository",
          "fanhs-national-pinoy-archives"
        ],
        "verification_status": "partially_verified",
        "provenance": "v0.1 seed dataset, maintainer-curated from the holding institution's public page.",
        "date_added": "2026-09-01",
        "iso3166_1_alpha2": "US",
        "region": "Americas",
        "subregion": "Northern America",
        "theme_groups": [
          "Human rights & justice",
          "Migration & displacement"
        ]
      }
    },
    {
      "type": "Feature",
      "id": "MV-000122",
      "geometry": {
        "type": "Point",
        "coordinates": [
          -122.3321,
          47.6062
        ]
      },
      "properties": {
        "id": "fanhs-national-pinoy-archives",
        "mv_id": "MV-000122",
        "title": "National Pinoy Archives",
        "archive": "Filipino American National Historical Society",
        "country": "United States",
        "languages": [
          "English",
          "Tagalog",
          "Ilocano"
        ],
        "themes": [
          "migration",
          "labor history",
          "everyday life"
        ],
        "decade_start": 1987,
        "decade_end": null,
        "summary": "Founded in Seattle in 1987 by FANHS, the National Pinoy Archives collects historical records of Filipino Americans, including oral history interviews recorded by local chapters such as the Sacramento-Delta chapter's project on farmworker communities.",
        "url": "https://www.fanhs-national.org/national-pinoy-archives",
        "citation": "Filipino American National Historical Society. National Pinoy Archives. Retrieved from https://www.fanhs-national.org/national-pinoy-archives.",
        "archive_type": "foundation or nonprofit",
        "related_ids": [
          "bracero-history-archive",
          "japanese-american-national-museum"
        ],
        "verification_status": "partially_verified",
        "provenance": "v0.1 seed dataset, maintainer-curated from the holding institution's public page.",
        "date_added": "2026-09-01",
        "iso3166_1_alpha2": "US",
        "region": "Americas",
        "subregion": "Northern America",
        "theme_groups": [
          "Labor",
          "Memory & community",
          "Migration & displacement"
        ]
      }
    },
    {
      "type": "Feature",
      "id": "MV-000123",
      "geometry": {
        "type": "Point",
        "coordinates": [
          -76.9962,
          38.9072
        ]
      },
      "properties": {
        "id": "gallaudet-university-archives",
        "mv_id": "MV-000123",
        "title": "Gallaudet University Archives",
        "archive": "Gallaudet University",
        "country": "United States",
        "languages": [
          "American Sign Language",
          "English"
        ],
        "themes": [
          "Deaf history",
          "language documentation",
          "community memory"
        ],
        "decade_start": 1864,
        "decade_end": null,
        "summary": "Housed at Gallaudet University, founded in 1864 as the world's only university designed for Deaf and hard-of-hearing students, this archive is the largest collection of materials on Deaf culture, history, and signed languages worldwide, including personal papers and recorded interviews.",
        "url": "https://gallaudet.edu/archives/",
        "citation": "Gallaudet University. Archives. Retrieved from https://gallaudet.edu/archives/.",
        "archive_type": "university or research institute",
        "related_ids": [
          "roho-disability-rights"
        ],
        "verification_status": "partially_verified",
        "provenance": "v0.1 seed dataset, maintainer-curated from the holding institution's public page.",
        "date_added": "2026-09-01",
        "iso3166_1_alpha2": "US",
        "region": "Americas",
        "subregion": "Northern America",
        "theme_groups": [
          "Disability & Deaf histories",
          "Language & linguistics",
          "Memory & community"
        ]
      }
    },
    {
      "type": "Feature",
      "id": "MV-000124",
      "geometry": {
        "type": "Point",
        "coordinates": [
          -122.2607,
          37.8721
        ]
      },
      "properties": {
        "id": "roho-disability-rights",
        "mv_id": "MV-000124",
        "title": "Disability Rights and Independent Living Movement Oral History Project",
        "archive": "Bancroft Library, University of California, Berkeley",
        "country": "United States",
        "languages": [
          "English"
        ],
        "themes": [
          "disability rights",
          "civil rights",
          "social history"
        ],
        "decade_start": 1996,
        "decade_end": null,
        "summary": "Launched in 1996 by the Bancroft Library's Regional Oral History Office, this project recorded more than 100 interviews with leaders and participants of the Berkeley-born disability rights and independent living movement of the 1960s-70s and its national growth.",
        "url": "https://www.lib.berkeley.edu/visit/bancroft/oral-history-center/projects/disability-rights",
        "citation": "Bancroft Library, University of California, Berkeley. Disability Rights and Independent Living Movement Oral History Project. Retrieved from https://www.lib.berkeley.edu/visit/bancroft/oral-history-center/projects/disability-rights.",
        "archive_type": "university or research institute",
        "related_ids": [
          "bancroft-oral-history-center",
          "gallaudet-university-archives"
        ],
        "verification_status": "partially_verified",
        "provenance": "v0.1 seed dataset, maintainer-curated from the holding institution's public page.",
        "date_added": "2026-09-01",
        "iso3166_1_alpha2": "US",
        "region": "Americas",
        "subregion": "Northern America",
        "theme_groups": [
          "Disability & Deaf histories",
          "History & politics",
          "Human rights & justice"
        ]
      }
    },
    {
      "type": "Feature",
      "id": "MV-000125",
      "geometry": {
        "type": "Point",
        "coordinates": [
          -122.1697,
          37.4275
        ]
      },
      "properties": {
        "id": "chinese-railroad-workers-stanford",
        "mv_id": "MV-000125",
        "title": "Chinese Railroad Workers in North America Project",
        "archive": "Stanford University",
        "country": "United States",
        "languages": [
          "English",
          "Cantonese",
          "Mandarin Chinese"
        ],
        "themes": [
          "labor history",
          "migration",
          "everyday life"
        ],
        "decade_start": 2012,
        "decade_end": 2020,
        "summary": "Active from 2012 to 2020, this Stanford project recorded oral histories with nearly forty descendants of Chinese laborers who built the Transcontinental Railroad, recovering firsthand family memory absent from official records.",
        "url": "https://web.stanford.edu/group/chineserailroad/cgi-bin/website/",
        "citation": "Stanford University. Chinese Railroad Workers in North America Project. Retrieved from https://web.stanford.edu/group/chineserailroad/cgi-bin/website/.",
        "access_notes": "Project concluded in 2020; site maintained as a public research archive.",
        "archive_type": "university or research institute",
        "related_ids": [
          "bracero-history-archive"
        ],
        "verification_status": "partially_verified",
        "provenance": "v0.1 seed dataset, maintainer-curated from the holding institution's public page.",
        "date_added": "2026-09-01",
        "iso3166_1_alpha2": "US",
        "region": "Americas",
        "subregion": "Northern America",
        "theme_groups": [
          "Labor",
          "Memory & community",
          "Migration & displacement"
        ]
      }
    },
    {
      "type": "Feature",
      "id": "MV-000126",
      "geometry": {
        "type": "Point",
        "coordinates": [
          104.9282,
          11.5564
        ]
      },
      "properties": {
        "id": "khmer-legacies",
        "mv_id": "MV-000126",
        "title": "Khmer Legacies",
        "archive": "Khmer Legacies",
        "country": "Cambodia",
        "languages": [
          "Khmer",
          "English"
        ],
        "themes": [
          "genocide",
          "migration",
          "displacement"
        ],
        "decade_start": 2007,
        "decade_end": 2011,
        "historical_period_start": 1975,
        "historical_period_end": 1979,
        "summary": "Founded in 2007 by filmmaker Socheata Poeuv, Khmer Legacies recorded more than one hundred testimonies of Khmer Rouge survivors and former cadres between 2007 and 2011, sixty in Cambodia and forty among the Cambodian diaspora in the United States.",
        "url": "https://apa.nyu.edu/survey/2015/01/khmer-legacies-records/",
        "citation": "Khmer Legacies. Retrieved via NYU Asian/Pacific/American Archives Survey: https://apa.nyu.edu/survey/2015/01/khmer-legacies-records/.",
        "related_ids": [
          "dccam-oral-history",
          "genocide-archive-rwanda"
        ],
        "verification_status": "partially_verified",
        "provenance": "v0.1 seed dataset, maintainer-curated from the holding institution's public page.",
        "date_added": "2026-09-01",
        "iso3166_1_alpha2": "KH",
        "region": "Asia",
        "subregion": "South-eastern Asia",
        "theme_groups": [
          "Genocide & mass violence",
          "Migration & displacement"
        ]
      }
    },
    {
      "type": "Feature",
      "id": "MV-000127",
      "geometry": {
        "type": "Point",
        "coordinates": [
          -89.2182,
          13.6929
        ]
      },
      "properties": {
        "id": "museo-palabra-imagen-el-salvador",
        "mv_id": "MV-000127",
        "title": "Museo de la Palabra y la Imagen",
        "archive": "Museo de la Palabra y la Imagen (MUPI)",
        "country": "El Salvador",
        "languages": [
          "Spanish"
        ],
        "themes": [
          "war and conflict",
          "human rights",
          "memory and reconciliation"
        ],
        "decade_start": 1996,
        "decade_end": null,
        "historical_period_start": 1980,
        "historical_period_end": 1992,
        "summary": "Founded in San Salvador in 1996 by former clandestine-radio broadcaster Carlos Henriquez Consalvi, MUPI holds El Salvador's most significant audiovisual archive of the 1980-1992 civil war, including the Radio Venceremos collection and oral history programming for younger generations.",
        "url": "https://www.elsalvadormemory.org/museo-de-la-palabra-es",
        "citation": "Museo de la Palabra y la Imagen (MUPI). Retrieved from https://www.elsalvadormemory.org/museo-de-la-palabra-es.",
        "archive_type": "museum",
        "related_ids": [
          "cnmh-colombia",
          "lugar-de-la-memoria-peru",
          "memoria-abierta-argentina"
        ],
        "verification_status": "partially_verified",
        "provenance": "v0.1 seed dataset, maintainer-curated from the holding institution's public page.",
        "date_added": "2026-09-01",
        "iso3166_1_alpha2": "SV",
        "region": "Americas",
        "subregion": "Latin America and the Caribbean",
        "theme_groups": [
          "Human rights & justice",
          "War & conflict"
        ]
      }
    },
    {
      "type": "Feature",
      "id": "MV-000128",
      "geometry": {
        "type": "Point",
        "coordinates": [
          -77.03,
          -12.1247
        ]
      },
      "properties": {
        "id": "lugar-de-la-memoria-peru",
        "mv_id": "MV-000128",
        "title": "Centro de Documentación e Investigación (CVR Testimonies)",
        "archive": "Lugar de la Memoria, la Tolerancia y la Inclusión Social (LUM)",
        "country": "Peru",
        "languages": [
          "Spanish",
          "Quechua"
        ],
        "themes": [
          "war and conflict",
          "human rights",
          "memory and reconciliation"
        ],
        "decade_start": 2001,
        "decade_end": 2003,
        "historical_period_start": 1980,
        "historical_period_end": 2000,
        "summary": "Peru's Truth and Reconciliation Commission collected nearly 17,000 testimonies between 2001 and 2003 documenting the country's 1980-2000 internal armed conflict; these video and audio archives are now preserved and digitized at Lima's LUM documentation center.",
        "url": "https://lum.cultura.pe/content/centro-de-documentaci%C3%B3n-e-investigaci%C3%B3n",
        "citation": "Lugar de la Memoria, la Tolerancia y la Inclusión Social (LUM). Centro de Documentación e Investigación. Retrieved from https://lum.cultura.pe/content/centro-de-documentaci%C3%B3n-e-investigaci%C3%B3n.",
        "related_ids": [
          "cnmh-colombia",
          "museo-memoria-chile",
          "museo-palabra-imagen-el-salvador"
        ],
        "verification_status": "partially_verified",
        "provenance": "v0.1 seed dataset, maintainer-curated from the holding institution's public page.",
        "date_added": "2026-09-01",
        "iso3166_1_alpha2": "PE",
        "region": "Americas",
        "subregion": "Latin America and the Caribbean",
        "theme_groups": [
          "Human rights & justice",
          "War & conflict"
        ]
      }
    },
    {
      "type": "Feature",
      "id": "MV-000129",
      "geometry": {
        "type": "Point",
        "coordinates": [
          -70.6683,
          -33.4372
        ]
      },
      "properties": {
        "id": "museo-memoria-chile",
        "mv_id": "MV-000129",
        "title": "Archivo Oral",
        "archive": "Museo de la Memoria y los Derechos Humanos",
        "country": "Chile",
        "languages": [
          "Spanish"
        ],
        "themes": [
          "war and conflict",
          "human rights",
          "memory and reconciliation"
        ],
        "decade_start": 2010,
        "decade_end": null,
        "historical_period_start": 1973,
        "historical_period_end": 1990,
        "summary": "Opened in Santiago in 2010, this museum's Oral Archive applies recorded-interview methodology to document personal and collective experiences of Chile's 1973-1990 military dictatorship, alongside its wider testimonial and documentary collections.",
        "url": "https://testimonios.museodelamemoria.cl/category/archivo-oral/",
        "citation": "Museo de la Memoria y los Derechos Humanos. Archivo Oral. Retrieved from https://testimonios.museodelamemoria.cl/category/archivo-oral/.",
        "archive_type": "museum",
        "related_ids": [
          "lugar-de-la-memoria-peru",
          "memoria-abierta-argentina"
        ],
        "verification_status": "partially_verified",
        "provenance": "v0.1 seed dataset, maintainer-curated from the holding institution's public page.",
        "date_added": "2026-09-01",
        "iso3166_1_alpha2": "CL",
        "region": "Americas",
        "subregion": "Latin America and the Caribbean",
        "theme_groups": [
          "Human rights & justice",
          "War & conflict"
        ]
      }
    },
    {
      "type": "Feature",
      "id": "MV-000130",
      "geometry": {
        "type": "Point",
        "coordinates": [
          125.5603,
          -8.5569
        ]
      },
      "properties": {
        "id": "cavr-chega-timor-leste",
        "mv_id": "MV-000130",
        "title": "Chega! CAVR Truth Commission Testimonies",
        "archive": "Comissão de Acolhimento, Verdade e Reconciliação (CAVR)",
        "country": "Timor-Leste",
        "languages": [
          "Tetum",
          "Portuguese",
          "Indonesian"
        ],
        "themes": [
          "war and conflict",
          "human rights",
          "memory and reconciliation"
        ],
        "decade_start": 2002,
        "decade_end": 2005,
        "historical_period_start": 1974,
        "historical_period_end": 1999,
        "summary": "Timor-Leste's Commission for Reception, Truth and Reconciliation operated from 2002 to 2005, relying heavily on eyewitness testimony to document mass killing and displacement during the 1974-1999 Indonesian occupation, published in its final report Chega!.",
        "url": "https://chegareport.org/",
        "citation": "Comissão de Acolhimento, Verdade e Reconciliação (CAVR). Chega! Final Report. Retrieved from https://chegareport.org/.",
        "verification_status": "partially_verified",
        "provenance": "v0.1 seed dataset, maintainer-curated from the holding institution's public page.",
        "date_added": "2026-09-01",
        "iso3166_1_alpha2": "TL",
        "region": "Asia",
        "subregion": "South-eastern Asia",
        "theme_groups": [
          "Human rights & justice",
          "War & conflict"
        ]
      }
    },
    {
      "type": "Feature",
      "id": "MV-000131",
      "geometry": {
        "type": "Point",
        "coordinates": [
          -43.1878,
          -22.9399
        ]
      },
      "properties": {
        "id": "cpdoc-fgv-brazil",
        "mv_id": "MV-000131",
        "title": "Programa de Historia Oral (Oral History Program)",
        "archive": "CPDOC, Fundação Getulio Vargas",
        "country": "Brazil",
        "languages": [
          "Portuguese"
        ],
        "themes": [
          "political history",
          "history",
          "national memory"
        ],
        "decade_start": 1975,
        "decade_end": null,
        "summary": "Created in 1975 within Rio de Janeiro's Centro de Pesquisa e Documentacao de Historia Contemporanea do Brasil, this pioneering oral history program has shaped oral history methodology across Brazil while building interviews with figures central to the country's recent political history.",
        "url": "https://cpdoc.fgv.br/",
        "citation": "CPDOC, Fundação Getulio Vargas. Programa de Historia Oral. Retrieved from https://cpdoc.fgv.br/.",
        "related_ids": [
          "museu-da-pessoa"
        ],
        "verification_status": "partially_verified",
        "provenance": "v0.1 seed dataset, maintainer-curated from the holding institution's public page.",
        "date_added": "2026-09-01",
        "iso3166_1_alpha2": "BR",
        "region": "Americas",
        "subregion": "Latin America and the Caribbean",
        "theme_groups": [
          "History & politics",
          "Memory & community"
        ]
      }
    },
    {
      "type": "Feature",
      "id": "MV-000132",
      "geometry": {
        "type": "Point",
        "coordinates": [
          -76.7936,
          17.9712
        ]
      },
      "properties": {
        "id": "jamaica-memory-bank",
        "mv_id": "MV-000132",
        "title": "Jamaica Memory Bank",
        "archive": "African Caribbean Institute of Jamaica",
        "country": "Jamaica",
        "languages": [
          "Jamaican Patois",
          "English"
        ],
        "themes": [
          "oral tradition",
          "folklife",
          "everyday life"
        ],
        "decade_start": 1980,
        "decade_end": null,
        "summary": "Begun as an independent agency in 1980 and integrated into the African Caribbean Institute of Jamaica in 1990, the Jamaica Memory Bank holds over 2,000 sound recordings and 800 videos of storytelling, folk religion, craft, and oral history from across Jamaica's parishes.",
        "url": "https://acij-ioj.org.jm/",
        "citation": "African Caribbean Institute of Jamaica. Jamaica Memory Bank. Retrieved from https://acij-ioj.org.jm/.",
        "verification_status": "partially_verified",
        "provenance": "v0.1 seed dataset, maintainer-curated from the holding institution's public page.",
        "date_added": "2026-09-01",
        "iso3166_1_alpha2": "JM",
        "region": "Americas",
        "subregion": "Latin America and the Caribbean",
        "theme_groups": [
          "Memory & community",
          "Oral tradition & folklore"
        ]
      }
    },
    {
      "type": "Feature",
      "id": "MV-000133",
      "geometry": {
        "type": "Point",
        "coordinates": [
          76.8512,
          43.222
        ]
      },
      "properties": {
        "id": "kazakhstan-central-state-sound-archive",
        "mv_id": "MV-000133",
        "title": "Central State Archive of Film, Photo Documents and Sound Recordings of the Republic of Kazakhstan",
        "archive": "Central State Archive of Film, Photo Documents and Sound Recordings of the Republic of Kazakhstan",
        "country": "Kazakhstan",
        "languages": [
          "Kazakh",
          "Russian"
        ],
        "themes": [
          "history",
          "national memory"
        ],
        "decade_start": 1943,
        "decade_end": null,
        "summary": "Kazakhstan's national audiovisual archive, founded in 1943 and based in Almaty, holds roughly 300,000 items of film, photo and sound-recording documents covering the country's Soviet-era and post-independence history.",
        "url": "http://kfdz.kz/",
        "citation": "Central State Archive of Film, Photo Documents and Sound Recordings of the Republic of Kazakhstan. Retrieved from http://kfdz.kz/.",
        "archive_type": "national archive or library",
        "verification_status": "partially_verified",
        "provenance": "v0.1 seed dataset, maintainer-curated from the holding institution's public page.",
        "date_added": "2026-09-01",
        "iso3166_1_alpha2": "KZ",
        "region": "Asia",
        "subregion": "Central Asia",
        "theme_groups": [
          "History & politics",
          "Memory & community"
        ]
      }
    },
    {
      "type": "Feature",
      "id": "MV-000134",
      "geometry": {
        "type": "Point",
        "coordinates": [
          69.2401,
          41.2995
        ]
      },
      "properties": {
        "id": "uzbekistan-institute-language-literature-folklore",
        "mv_id": "MV-000134",
        "title": "Folklore Archive of the Institute of Uzbek Language, Literature and Folklore",
        "archive": "Institute of Uzbek Language, Literature and Folklore, Academy of Sciences of Uzbekistan",
        "country": "Uzbekistan",
        "languages": [
          "Uzbek"
        ],
        "themes": [
          "folklore",
          "oral tradition",
          "epic performance",
          "ethnomusicology"
        ],
        "decade_start": 1934,
        "decade_end": null,
        "summary": "Founded in 1934 in Tashkent, this Academy of Sciences institute's Department of Folklore has organized decades of field expeditions recording Uzbek oral narratives and epic dostons, including a large 1969 expedition that documented epic narrators with the Alisher Navoi Museum of Literature and Karshi State Pedagogical Institute.",
        "url": "https://tai.academy.uz/en",
        "citation": "Institute of Uzbek Language, Literature and Folklore, Academy of Sciences of Uzbekistan. Retrieved from https://tai.academy.uz/en.",
        "archive_type": "university or research institute",
        "related_ids": [
          "kyrgyzstan-manas-epic-trilogy"
        ],
        "verification_status": "partially_verified",
        "provenance": "v0.1 seed dataset, maintainer-curated from the holding institution's public page.",
        "date_added": "2026-09-01",
        "iso3166_1_alpha2": "UZ",
        "region": "Asia",
        "subregion": "Central Asia",
        "theme_groups": [
          "Music, performance & broadcasting",
          "Oral tradition & folklore"
        ]
      }
    },
    {
      "type": "Feature",
      "id": "MV-000135",
      "geometry": {
        "type": "Point",
        "coordinates": [
          74.5698,
          42.8746
        ]
      },
      "properties": {
        "id": "kyrgyzstan-manas-epic-trilogy",
        "mv_id": "MV-000135",
        "title": "Kyrgyz Epic Trilogy: Manas, Semetey, Seytek",
        "archive": "UNESCO Intangible Cultural Heritage / Kyrgyz manaschi (epic-teller) tradition",
        "country": "Kyrgyzstan",
        "languages": [
          "Kyrgyz"
        ],
        "themes": [
          "oral tradition",
          "epic performance",
          "history"
        ],
        "decade_start": 1922,
        "decade_end": null,
        "summary": "The Manas, Semetey and Seytek trilogy is an oral epic recited by Kyrgyz manaschi performers and inscribed on UNESCO's Representative List of the Intangible Cultural Heritage of Humanity in 2013. Its first large-scale transcription from oral performance, of the version narrated by Sagymbay Orozbakov, was carried out between 1922 and 1926 and is separately inscribed on UNESCO's Memory of the World Register.",
        "url": "https://ich.unesco.org/en/RL/kyrgyz-epic-trilogy-manas-semetey-seytek-00876",
        "citation": "UNESCO Intangible Cultural Heritage. Kyrgyz epic trilogy: Manas, Semetey, Seytek. Retrieved from https://ich.unesco.org/en/RL/kyrgyz-epic-trilogy-manas-semetey-seytek-00876.",
        "archive_type": "intergovernmental body",
        "related_ids": [
          "uzbekistan-institute-language-literature-folklore"
        ],
        "verification_status": "partially_verified",
        "provenance": "v0.1 seed dataset, maintainer-curated from the holding institution's public page.",
        "date_added": "2026-09-01",
        "iso3166_1_alpha2": "KG",
        "region": "Asia",
        "subregion": "Central Asia",
        "theme_groups": [
          "History & politics",
          "Oral tradition & folklore"
        ]
      }
    },
    {
      "type": "Feature",
      "id": "MV-000136",
      "geometry": {
        "type": "Point",
        "coordinates": [
          68.787,
          38.5598
        ]
      },
      "properties": {
        "id": "tajikistan-rudaki-institute-folklore-archive",
        "mv_id": "MV-000136",
        "title": "Tajik Folklore Archive of the Rudaki Institute of Language and Literature",
        "archive": "Rudaki Institute of Language and Literature, Academy of Sciences of Tajikistan",
        "country": "Tajikistan",
        "languages": [
          "Tajik"
        ],
        "themes": [
          "folklore",
          "oral tradition",
          "linguistics"
        ],
        "decade_start": 1923,
        "decade_end": 2003,
        "summary": "The Rudaki Institute in Dushanbe, founded in 1932, holds one of the few surviving repositories of Tajik expressive culture: a folklore archive of notebooks, notecards and loose-leaf papers from Soviet-era and post-Soviet fieldwork expeditions, collected between 1923 and 2003 and written in Arabic, Latin and Cyrillic script.",
        "url": "https://izar.tj/en/department-folklore",
        "citation": "Rudaki Institute of Language and Literature, Academy of Sciences of Tajikistan. Department of Folklore. Retrieved from https://izar.tj/en/department-folklore.",
        "archive_type": "university or research institute",
        "verification_status": "partially_verified",
        "provenance": "v0.1 seed dataset, maintainer-curated from the holding institution's public page.",
        "date_added": "2026-09-01",
        "iso3166_1_alpha2": "TJ",
        "region": "Asia",
        "subregion": "Central Asia",
        "theme_groups": [
          "Language & linguistics",
          "Oral tradition & folklore"
        ]
      }
    },
    {
      "type": "Feature",
      "id": "MV-000137",
      "geometry": {
        "type": "Point",
        "coordinates": [
          32.8541,
          39.9208
        ]
      },
      "properties": {
        "id": "turkey-trt-folk-music-archive",
        "mv_id": "MV-000137",
        "title": "TRT Turkish Folk Music Archive",
        "archive": "Turkish Radio and Television Corporation (TRT)",
        "country": "Turkey",
        "languages": [
          "Turkish"
        ],
        "themes": [
          "folklore",
          "music",
          "ethnomusicology"
        ],
        "decade_start": 1926,
        "decade_end": null,
        "summary": "TRT's folk music archive comprises more than 6,500 field-collected recordings and notations of Turkish folk music, built on collecting expeditions beginning with the Istanbul Municipal Conservatory (1926-1929) and continued by the Ankara State Conservatory (1936-1952). Notation and recording holdings are made available through TRT's Nota Kutuphanesi (Notation Library) platform.",
        "url": "https://nota.trt.net.tr/Nota-Kutuphanesi",
        "citation": "Turkish Radio and Television Corporation (TRT). Nota Kutuphanesi. Retrieved from https://nota.trt.net.tr/Nota-Kutuphanesi.",
        "archive_type": "broadcaster",
        "verification_status": "partially_verified",
        "provenance": "v0.1 seed dataset, maintainer-curated from the holding institution's public page.",
        "date_added": "2026-09-01",
        "iso3166_1_alpha2": "TR",
        "region": "Asia",
        "subregion": "Western Asia",
        "theme_groups": [
          "Music, performance & broadcasting",
          "Oral tradition & folklore"
        ]
      }
    },
    {
      "type": "Feature",
      "id": "MV-000138",
      "geometry": {
        "type": "Point",
        "coordinates": [
          69.2075,
          34.5553
        ]
      },
      "properties": {
        "id": "afghanistan-hoover-oral-history-project",
        "mv_id": "MV-000138",
        "title": "HART: Hoover Afghanistan Oral History Project",
        "archive": "Hoover Institution Library & Archives, Stanford University",
        "country": "Afghanistan",
        "languages": [
          "Dari",
          "Pashto"
        ],
        "themes": [
          "war and conflict",
          "displacement",
          "migration",
          "refugees"
        ],
        "decade_start": 2022,
        "decade_end": null,
        "summary": "Since 2022, oral historian Halima Kazem has recorded more than 450 hours of interviews with Afghans who fled the country following the August 2021 Taliban takeover and the collapse of the Afghan government. The interviews are held in the Hoover Institution Library & Archives' digital repository.",
        "url": "https://digitalcollections2.hoover.org/collection/3249451/hart-hoover-afghanistan-oral-history-project",
        "citation": "Hoover Institution Library & Archives, Stanford University. HART: Hoover Afghanistan Oral History Project. Retrieved from https://digitalcollections2.hoover.org/collection/3249451/hart-hoover-afghanistan-oral-history-project.",
        "archive_type": "university or research institute",
        "verification_status": "partially_verified",
        "provenance": "v0.1 seed dataset, maintainer-curated from the holding institution's public page.",
        "date_added": "2026-09-01",
        "iso3166_1_alpha2": "AF",
        "region": "Asia",
        "subregion": "Southern Asia",
        "theme_groups": [
          "Migration & displacement",
          "War & conflict"
        ]
      }
    },
    {
      "type": "Feature",
      "id": "MV-000139",
      "geometry": {
        "type": "Point",
        "coordinates": [
          43.1189,
          36.3489
        ]
      },
      "properties": {
        "id": "iraq-mosul-jewish-community-testimonies",
        "mv_id": "MV-000139",
        "title": "Intangible Heritage Collection of Testimonies on the Jewish Community of Mosul",
        "archive": "ALIPH Foundation (International Alliance for the Protection of Heritage in Conflict Areas)",
        "country": "Iraq",
        "languages": [
          "Arabic"
        ],
        "themes": [
          "displacement",
          "community memory",
          "religion"
        ],
        "decade_start": 2021,
        "decade_end": 2022,
        "summary": "Between 2021 and 2022, an ALIPH Foundation-supported project recorded seventeen video interviews with individuals connected to Mosul's historic Jewish community, whose members had largely left Iraq by the mid-20th century, alongside digitization of private family archives and a community journal.",
        "url": "https://www.aliph-foundation.org/en/projects/intangible-heritage-collection-of-testimonies-on-the-jewish-community-of-mosul",
        "citation": "ALIPH Foundation. Intangible Heritage Collection of Testimonies on the Jewish Community of Mosul. Retrieved from https://www.aliph-foundation.org/en/projects/intangible-heritage-collection-of-testimonies-on-the-jewish-community-of-mosul.",
        "archive_type": "foundation or nonprofit",
        "verification_status": "partially_verified",
        "provenance": "v0.1 seed dataset, maintainer-curated from the holding institution's public page.",
        "date_added": "2026-09-01",
        "iso3166_1_alpha2": "IQ",
        "region": "Asia",
        "subregion": "Western Asia",
        "theme_groups": [
          "Memory & community",
          "Migration & displacement",
          "Religion & belief"
        ]
      }
    },
    {
      "type": "Feature",
      "id": "MV-000140",
      "geometry": {
        "type": "Point",
        "coordinates": [
          46.6753,
          24.7136
        ]
      },
      "properties": {
        "id": "saudi-arabia-darah-oral-history-center",
        "mv_id": "MV-000140",
        "title": "Darah Oral History Center",
        "archive": "King Abdulaziz Foundation for Research and Archives (Darah)",
        "country": "Saudi Arabia",
        "languages": [
          "Arabic"
        ],
        "themes": [
          "oral tradition",
          "history",
          "family history"
        ],
        "decade_start": 1995,
        "decade_end": null,
        "summary": "Established in 1995 by the King Abdulaziz Foundation for Research and Archives (Darah) in Riyadh, this was the first specialized oral history center in Saudi Arabia. It has recorded thousands of audio and video interviews with storytellers, elders and narrators from across the Kingdom for use in historical research.",
        "url": "https://www.darah.org.sa/",
        "citation": "King Abdulaziz Foundation for Research and Archives (Darah). Retrieved from https://www.darah.org.sa/.",
        "archive_type": "foundation or nonprofit",
        "verification_status": "partially_verified",
        "provenance": "v0.1 seed dataset, maintainer-curated from the holding institution's public page.",
        "date_added": "2026-09-01",
        "iso3166_1_alpha2": "SA",
        "region": "Asia",
        "subregion": "Western Asia",
        "theme_groups": [
          "History & politics",
          "Memory & community",
          "Oral tradition & folklore"
        ]
      }
    },
    {
      "type": "Feature",
      "id": "MV-000141",
      "geometry": {
        "type": "Point",
        "coordinates": [
          54.3773,
          24.4539
        ]
      },
      "properties": {
        "id": "uae-national-archives-oral-history-programme",
        "mv_id": "MV-000141",
        "title": "Oral History Programme",
        "archive": "National Library and Archives, United Arab Emirates",
        "country": "United Arab Emirates",
        "languages": [
          "Arabic"
        ],
        "themes": [
          "oral tradition",
          "folklife",
          "everyday life"
        ],
        "decade_start": 2008,
        "decade_end": null,
        "summary": "Since 2008, the UAE's National Library and Archives has recorded more than 800 audio-visual interviews with elderly Emirati narrators and eyewitnesses, documenting local dialects, folk songs and the lifestyles of earlier generations for the national archival record.",
        "url": "https://www.nla.ae/en/our-history/oral-history/overview/overview/",
        "citation": "National Library and Archives, United Arab Emirates. Oral History Overview. Retrieved from https://www.nla.ae/en/our-history/oral-history/overview/overview/.",
        "archive_type": "national archive or library",
        "verification_status": "partially_verified",
        "provenance": "v0.1 seed dataset, maintainer-curated from the holding institution's public page.",
        "date_added": "2026-09-01",
        "iso3166_1_alpha2": "AE",
        "region": "Asia",
        "subregion": "Western Asia",
        "theme_groups": [
          "Memory & community",
          "Oral tradition & folklore"
        ]
      }
    },
    {
      "type": "Feature",
      "id": "MV-000142",
      "geometry": {
        "type": "Point",
        "coordinates": [
          48.0758,
          29.3375
        ]
      },
      "properties": {
        "id": "kuwait-auk-oral-history-documentation-project",
        "mv_id": "MV-000142",
        "title": "Oral History and Documentation Project (OHDP)",
        "archive": "American University of Kuwait Library",
        "country": "Kuwait",
        "languages": [
          "Arabic",
          "English"
        ],
        "themes": [
          "oral tradition",
          "community memory",
          "everyday life"
        ],
        "decade_start": 2020,
        "decade_end": null,
        "summary": "Launched in 2020 by the American University of Kuwait Library in collaboration with KIPCO, the Oral History and Documentation Project is Kuwait's first comprehensive program actively recording life-history interviews across a range of topics to preserve the voices of Kuwaiti and non-Kuwaiti residents. The library was among the first in the Arab world to adopt the OHMS oral-history indexing application, including Arabic-language support.",
        "url": "https://oralhistory.auk.edu.kw",
        "citation": "American University of Kuwait Library. Oral History and Documentation Project. Retrieved from https://oralhistory.auk.edu.kw.",
        "access_notes": "Selected life-history interviews are published and browsable via the project's own online platform.",
        "access": "partial online",
        "archive_type": "university or research institute",
        "verification_status": "partially_verified",
        "provenance": "v0.1 seed dataset, maintainer-curated from the holding institution's public page.",
        "date_added": "2026-09-01",
        "iso3166_1_alpha2": "KW",
        "region": "Asia",
        "subregion": "Western Asia",
        "theme_groups": [
          "Memory & community",
          "Oral tradition & folklore"
        ]
      }
    },
    {
      "type": "Feature",
      "id": "MV-000143",
      "geometry": {
        "type": "Point",
        "coordinates": [
          32.5322,
          15.6136
        ]
      },
      "properties": {
        "id": "sudan-folklore-traditional-music-archives",
        "mv_id": "MV-000143",
        "title": "Folklore and Traditional Music Archives",
        "archive": "Institute of African and Asian Studies, University of Khartoum",
        "country": "Sudan",
        "languages": [
          "Arabic"
        ],
        "themes": [
          "folklore",
          "ethnomusicology",
          "music"
        ],
        "decade_start": 1963,
        "decade_end": null,
        "summary": "The Institute of African and Asian Studies at the University of Khartoum holds the Folklore and Traditional Music Archives: more than 3,000 audio recordings and photographs of traditional Sudanese music and folklore gathered since 1963 through successive research initiatives. UNESCO's Intangible Cultural Heritage Fund has supported an action plan for digitizing and preserving the collection.",
        "url": "https://ich.unesco.org/en/news/digitization-of-sudan-folklore-and-traditional-music-archives-00046",
        "citation": "UNESCO Intangible Cultural Heritage. Digitization of Sudan folklore and traditional music archives. Retrieved from https://ich.unesco.org/en/news/digitization-of-sudan-folklore-and-traditional-music-archives-00046.",
        "archive_type": "university or research institute",
        "verification_status": "partially_verified",
        "provenance": "v0.1 seed dataset, maintainer-curated from the holding institution's public page.",
        "date_added": "2026-09-01",
        "iso3166_1_alpha2": "SD",
        "region": "Africa",
        "subregion": "Northern Africa",
        "theme_groups": [
          "Music, performance & broadcasting",
          "Oral tradition & folklore"
        ]
      }
    },
    {
      "type": "Feature",
      "id": "MV-000144",
      "geometry": {
        "type": "Point",
        "coordinates": [
          10.3412,
          36.8687
        ]
      },
      "properties": {
        "id": "tunisia-cmam-phonotheque-nationale",
        "mv_id": "MV-000144",
        "title": "Phonothèque Nationale de Tunisie (National Sound Archive)",
        "archive": "Centre des Musiques Arabes et Méditerranéennes (CMAM), Ennejma Ezzahra",
        "country": "Tunisia",
        "languages": [
          "Arabic",
          "French"
        ],
        "themes": [
          "music",
          "ethnomusicology",
          "folklife"
        ],
        "decade_start": 1907,
        "decade_end": null,
        "summary": "The Phonothèque Nationale de Tunisie, run by the Centre des Musiques Arabes et Méditerranéennes at the Ennejma Ezzahra palace near Tunis, holds Tunisia's historical phonographic heritage: 78/80/45/33rpm discs and field recordings dating back to 1907, organized into roughly thirty corpora and made accessible online through the Telemeta audio platform.",
        "url": "https://phonotheque.cmam.tn/",
        "access_notes": "Many collections are streamable online via the Telemeta-based Phonothèque platform; other material requires an in-person consultation request to the Center.",
        "access": "partial online",
        "verification_status": "partially_verified",
        "provenance": "v0.1 seed dataset, maintainer-curated from the holding institution's public page.",
        "date_added": "2026-09-01",
        "iso3166_1_alpha2": "TN",
        "region": "Africa",
        "subregion": "Northern Africa",
        "theme_groups": [
          "Music, performance & broadcasting",
          "Oral tradition & folklore"
        ]
      }
    },
    {
      "type": "Feature",
      "id": "MV-000145",
      "geometry": {
        "type": "Point",
        "coordinates": [
          25.9086,
          -24.6558
        ]
      },
      "properties": {
        "id": "botswana-national-archives-oral-history",
        "mv_id": "MV-000145",
        "title": "Oral History Collection",
        "archive": "Botswana National Archives and Records Services (BNARS)",
        "country": "Botswana",
        "languages": [
          "Setswana",
          "English"
        ],
        "themes": [
          "oral tradition",
          "community memory",
          "history"
        ],
        "decade_start": 1982,
        "decade_end": null,
        "summary": "BNARS, a department under Botswana's Ministry of Youth, Sport and Culture, has collected oral history recordings since 1982 documenting the histories of Botswana's ethnic groups, villages and notable individuals, held alongside its documentary archival holdings in Gaborone.",
        "url": "https://www.gov.bw/culture/national-archives-research-enquiry",
        "access_notes": "In-person research-room access at the National Archives in Gaborone; researchers submit an enquiry form in advance.",
        "access": "on site only",
        "archive_type": "national archive or library",
        "verification_status": "partially_verified",
        "verification_note": "Source URL returned 404 in the 2026-09-21 link check; no replacement page found yet.",
        "provenance": "v0.1 seed dataset, maintainer-curated from the holding institution's public page.",
        "date_added": "2026-09-01",
        "iso3166_1_alpha2": "BW",
        "region": "Africa",
        "subregion": "Sub-Saharan Africa",
        "theme_groups": [
          "History & politics",
          "Memory & community",
          "Oral tradition & folklore"
        ]
      }
    },
    {
      "type": "Feature",
      "id": "MV-000146",
      "geometry": {
        "type": "Point",
        "coordinates": [
          17.0836,
          -22.57
        ]
      },
      "properties": {
        "id": "namibia-national-archives-aacrls-oral-history",
        "mv_id": "MV-000146",
        "title": "AACRLS Oral History Collection",
        "archive": "National Archives of Namibia",
        "country": "Namibia",
        "languages": [
          "English",
          "Afrikaans"
        ],
        "themes": [
          "oral tradition",
          "resistance history",
          "colonial history"
        ],
        "decade_start": 2001,
        "decade_end": 2010,
        "summary": "The National Archives of Namibia's Archives of Anti-Colonial Resistance and the Liberation Struggle (AACRLS) programme, jointly funded by Namibia and Germany from 2001 to 2010, expanded the Archives' oral history holdings from a small base to roughly 1,500 recorded interviews with participants in Namibia's liberation struggle.",
        "url": "https://nan.gov.na/finding-aids",
        "archive_type": "national archive or library",
        "verification_status": "partially_verified",
        "provenance": "v0.1 seed dataset, maintainer-curated from the holding institution's public page.",
        "date_added": "2026-09-01",
        "iso3166_1_alpha2": "NA",
        "region": "Africa",
        "subregion": "Sub-Saharan Africa",
        "theme_groups": [
          "Colonialism & Indigenous histories",
          "Oral tradition & folklore",
          "War & conflict"
        ]
      }
    },
    {
      "type": "Feature",
      "id": "MV-000147",
      "geometry": {
        "type": "Point",
        "coordinates": [
          32.5934,
          -25.9689
        ]
      },
      "properties": {
        "id": "mozambique-arquivo-historico-oral-history",
        "mv_id": "MV-000147",
        "title": "Independence-War and Rural Life Oral History Collection",
        "archive": "Arquivo Histórico de Moçambique, Eduardo Mondlane University",
        "country": "Mozambique",
        "languages": [
          "Portuguese"
        ],
        "themes": [
          "war and conflict",
          "oral tradition",
          "everyday life"
        ],
        "decade_start": 1979,
        "decade_end": 1984,
        "summary": "The Arquivo Histórico de Moçambique, overseen by Eduardo Mondlane University in Maputo since 1976, holds several hundred cassette-tape interviews and storytelling sessions recorded between 1979 and 1984 in Mozambique's northern provinces, documenting the war of independence, rural social life, rituals and local histories.",
        "url": "https://ahm.uem.mz/",
        "archive_type": "university or research institute",
        "verification_status": "partially_verified",
        "provenance": "v0.1 seed dataset, maintainer-curated from the holding institution's public page.",
        "date_added": "2026-09-01",
        "iso3166_1_alpha2": "MZ",
        "region": "Africa",
        "subregion": "Sub-Saharan Africa",
        "theme_groups": [
          "Memory & community",
          "Oral tradition & folklore",
          "War & conflict"
        ]
      }
    },
    {
      "type": "Feature",
      "id": "MV-000148",
      "geometry": {
        "type": "Point",
        "coordinates": [
          13.2302,
          -8.8147
        ]
      },
      "properties": {
        "id": "angola-arquivo-nacional-oral-tradition",
        "mv_id": "MV-000148",
        "title": "Oral Tradition Sound Collection",
        "archive": "Arquivo Nacional de Angola",
        "country": "Angola",
        "languages": [
          "Portuguese",
          "Umbundu"
        ],
        "themes": [
          "oral tradition",
          "folklife",
          "history"
        ],
        "decade_start": 1960,
        "decade_end": 1979,
        "summary": "Angola's National Archive holds magnetic-tape recordings made during the 1960s and 1970s in the Benguela, Huambo, Bié and Luanda regions, including interviews with traditional leaders (sobas and sekulos), oral narratives, songs and elders' memories, some of it recovered after an earlier period of neglect and now cared for by the Archive's oral-archive department.",
        "url": "https://www.ana.gov.ao/",
        "archive_type": "national archive or library",
        "verification_status": "partially_verified",
        "provenance": "v0.1 seed dataset, maintainer-curated from the holding institution's public page.",
        "date_added": "2026-09-01",
        "iso3166_1_alpha2": "AO",
        "region": "Africa",
        "subregion": "Sub-Saharan Africa",
        "theme_groups": [
          "History & politics",
          "Oral tradition & folklore"
        ]
      }
    },
    {
      "type": "Feature",
      "id": "MV-000149",
      "geometry": {
        "type": "Point",
        "coordinates": [
          15.2663,
          -4.4419
        ]
      },
      "properties": {
        "id": "drc-rmca-ethnomusicology-sound-archive",
        "mv_id": "MV-000149",
        "title": "Ethnomusicological Sound Archive (Congo Collections)",
        "archive": "Royal Museum for Central Africa (Tervuren, Belgium)",
        "country": "Democratic Republic of the Congo",
        "languages": [
          "French",
          "Lingala",
          "Swahili",
          "Kikongo",
          "Tshiluba"
        ],
        "themes": [
          "ethnomusicology",
          "music",
          "colonial history"
        ],
        "decade_start": 1910,
        "decade_end": null,
        "summary": "The Royal Museum for Central Africa's ethnomusicology department holds roughly 3,000 hours of sound recordings of traditional music from Central Africa, with a strong focus on the Congo and Rwanda, spanning 1910 Edison-cylinder recordings made by Armand Hutereau in Uele province through later tape, cassette and digital field recordings. A digitization project (DEKKMMA), run with the Université Libre de Bruxelles and Ghent University, is making the collection more widely accessible.",
        "url": "https://www.africamuseum.be/en/research/discover/collections_management/archives_and_documentation/archives",
        "access_notes": "Physically held in Tervuren, Belgium, as the historical repository for this Central African material; access is by request to the museum's ethnomusicology department.",
        "access": "on request",
        "archive_type": "museum",
        "verification_status": "partially_verified",
        "provenance": "v0.1 seed dataset, maintainer-curated from the holding institution's public page.",
        "date_added": "2026-09-01",
        "iso3166_1_alpha2": "CD",
        "region": "Africa",
        "subregion": "Sub-Saharan Africa",
        "theme_groups": [
          "Colonialism & Indigenous histories",
          "Music, performance & broadcasting"
        ]
      }
    },
    {
      "type": "Feature",
      "id": "MV-000150",
      "geometry": {
        "type": "Point",
        "coordinates": [
          47.5361,
          -18.9146
        ]
      },
      "properties": {
        "id": "madagascar-phonogrammarchiv-collection",
        "mv_id": "MV-000150",
        "title": "Madagascar Sound Collection",
        "archive": "Phonogrammarchiv, Austrian Academy of Sciences",
        "country": "Madagascar",
        "languages": [
          "Malagasy"
        ],
        "themes": [
          "oral tradition",
          "folklore",
          "music"
        ],
        "decade_start": 1961,
        "decade_end": 1992,
        "summary": "Field recordings of Malagasy traditional music, fairy tales and stories, made between 1961 and 1992 by researchers including Gerhard Kubik and August Schmidhofer, are held by the Vienna Phonogrammarchiv. In September 2012 the Archive repatriated a digital copy of over 1,000 of these sound documents to the Institut de Civilisations at the University of Antananarivo.",
        "url": "https://www.oeaw.ac.at/en/phonogrammarchiv/home",
        "citation": "IASA. Phonogrammarchiv repatriates Madagascar's acoustic heritage. Retrieved from https://www.iasa-web.org/phonogrammarchiv-repatriates-madagascar%E2%80%99s-acoustic-heritage.",
        "access_notes": "A digital copy of the collection was repatriated to the University of Antananarivo in 2012; the original recordings remain held by the Phonogrammarchiv in Vienna.",
        "archive_type": "university or research institute",
        "verification_status": "partially_verified",
        "provenance": "v0.1 seed dataset, maintainer-curated from the holding institution's public page.",
        "date_added": "2026-09-01",
        "iso3166_1_alpha2": "MG",
        "region": "Africa",
        "subregion": "Sub-Saharan Africa",
        "theme_groups": [
          "Music, performance & broadcasting",
          "Oral tradition & folklore"
        ]
      }
    },
    {
      "type": "Feature",
      "id": "MV-000151",
      "geometry": {
        "type": "Point",
        "coordinates": [
          11.5021,
          3.848
        ]
      },
      "properties": {
        "id": "cameroon-cerdotola-oral-resources-laboratory",
        "mv_id": "MV-000151",
        "title": "Oral Resources Laboratory (Laboratoire des Ressources Orales)",
        "archive": "Centre International de Recherche et de Documentation sur les Traditions et les Langues Africaines (CERDOTOLA)",
        "country": "Cameroon",
        "languages": [
          "French"
        ],
        "themes": [
          "oral tradition",
          "linguistics",
          "language documentation"
        ],
        "decade_start": 1977,
        "decade_end": null,
        "summary": "CERDOTOLA, an intergovernmental research center founded by 11 African states in 1977 and headquartered in Yaoundé, runs an Oral Resources Laboratory (Laboratoire des Ressources Orales) dedicated to documenting and archiving African oral traditions and languages, and has hosted training sessions and conferences on sound, oral and radio archives across the continent.",
        "url": "https://en.cerdotola.org/",
        "verification_status": "partially_verified",
        "provenance": "v0.1 seed dataset, maintainer-curated from the holding institution's public page.",
        "date_added": "2026-09-01",
        "iso3166_1_alpha2": "CM",
        "region": "Africa",
        "subregion": "Sub-Saharan Africa",
        "theme_groups": [
          "Language & linguistics",
          "Oral tradition & folklore"
        ]
      }
    },
    {
      "type": "Feature",
      "id": "MV-000152",
      "geometry": {
        "type": "Point",
        "coordinates": [
          3.0588,
          36.7538
        ]
      },
      "properties": {
        "id": "algeria-cnrpah-oral-heritage-recordings",
        "mv_id": "MV-000152",
        "title": "Ethnomusicology and Oral Heritage Sound Recordings",
        "archive": "Centre National de Recherches Préhistoriques, Anthropologiques et Historiques (CNRPAH)",
        "country": "Algeria",
        "languages": [
          "Arabic",
          "Tamazight"
        ],
        "themes": [
          "ethnomusicology",
          "oral tradition",
          "folklore"
        ],
        "decade_start": 1974,
        "decade_end": null,
        "summary": "CNRPAH, Algeria's national research center for prehistory, anthropology and history, has conducted ethnomusicological fieldwork since 1974 and built an audio collection of more than 300 hours of recordings; since 2007 it has coordinated Algeria's national inventory of intangible cultural heritage together with the country's regional cultural departments.",
        "url": "https://cnrpah.org/",
        "archive_type": "university or research institute",
        "verification_status": "partially_verified",
        "provenance": "v0.1 seed dataset, maintainer-curated from the holding institution's public page.",
        "date_added": "2026-09-01",
        "iso3166_1_alpha2": "DZ",
        "region": "Africa",
        "subregion": "Northern Africa",
        "theme_groups": [
          "Music, performance & broadcasting",
          "Oral tradition & folklore"
        ]
      }
    },
    {
      "type": "Feature",
      "id": "MV-000153",
      "geometry": {
        "type": "Point",
        "coordinates": [
          13.1913,
          32.8872
        ]
      },
      "properties": {
        "id": "libya-lcahs-oral-history-project",
        "mv_id": "MV-000153",
        "title": "Libyan Oral History Project",
        "archive": "Libyan Center for Archives and Historical Studies (formerly the Libyan Studies Center)",
        "country": "Libya",
        "languages": [
          "Arabic"
        ],
        "themes": [
          "resistance history",
          "colonial history",
          "oral tradition"
        ],
        "decade_start": 1978,
        "decade_end": null,
        "summary": "Established in Tripoli in the late 1970s with methodological input from historian Jan Vansina, the Libyan Center for Archives and Historical Studies (formerly the Libyan Studies Center) built a large-scale oral history archive recording testimonies of participants in Libyan resistance to Italian colonial rule and survivors of Italy's concentration camps in Libya.",
        "url": "https://lcahs.ly/",
        "archive_type": "university or research institute",
        "verification_status": "partially_verified",
        "provenance": "v0.1 seed dataset, maintainer-curated from the holding institution's public page.",
        "date_added": "2026-09-01",
        "iso3166_1_alpha2": "LY",
        "region": "Africa",
        "subregion": "Northern Africa",
        "theme_groups": [
          "Colonialism & Indigenous histories",
          "Oral tradition & folklore",
          "War & conflict"
        ]
      }
    },
    {
      "type": "Feature",
      "id": "MV-000154",
      "geometry": {
        "type": "Point",
        "coordinates": [
          12.4763,
          41.893
        ]
      },
      "properties": {
        "id": "italy-icbsa-sound-archive",
        "mv_id": "MV-000154",
        "title": "ICBSA National Sound Archive",
        "archive": "Istituto Centrale per i Beni Sonori ed Audiovisivi (ICBSA), Italian Ministry of Culture",
        "country": "Italy",
        "languages": [
          "Italian"
        ],
        "themes": [
          "folklife",
          "music",
          "oral tradition",
          "history"
        ],
        "decade_start": 1928,
        "decade_end": null,
        "summary": "Italy's national sound archive, founded in 1928 as the Discoteca di Stato, holds over 300,000 sound items ranging from Edison wax cylinders to digital recordings, including field recordings of Italian folk music, regional dialects, and oral traditions.",
        "url": "http://www.icbsa.it/",
        "archive_type": "government agency",
        "verification_status": "partially_verified",
        "provenance": "v0.1 seed dataset, maintainer-curated from the holding institution's public page.",
        "date_added": "2026-09-01",
        "iso3166_1_alpha2": "IT",
        "region": "Europe",
        "subregion": "Southern Europe",
        "theme_groups": [
          "History & politics",
          "Music, performance & broadcasting",
          "Oral tradition & folklore"
        ]
      }
    },
    {
      "type": "Feature",
      "id": "MV-000155",
      "geometry": {
        "type": "Point",
        "coordinates": [
          23.7296,
          37.9716
        ]
      },
      "properties": {
        "id": "greece-asia-minor-oral-tradition-archive",
        "mv_id": "MV-000155",
        "title": "Oral Tradition Archive of the Centre for Asia Minor Studies",
        "archive": "Centre for Asia Minor Studies (Κέντρο Μικρασιατικών Σπουδών)",
        "country": "Greece",
        "languages": [
          "Greek"
        ],
        "themes": [
          "displacement",
          "migration",
          "refugees",
          "oral tradition"
        ],
        "decade_start": 1930,
        "decade_end": 1970,
        "summary": "Founded in 1930 by Melpo and Octave Merlier, the Centre's Oral Tradition Archive gathered testimonies from more than 5,000 Greek Orthodox refugees from Asia Minor, covering roughly 1,475 investigated pre-1922 settlements and documenting daily life, the population exchange, and the 1922 Asia Minor Catastrophe.",
        "url": "https://www.kms.org.gr/en/archives/oral-tradition-archive/",
        "archive_type": "university or research institute",
        "verification_status": "partially_verified",
        "provenance": "v0.1 seed dataset, maintainer-curated from the holding institution's public page.",
        "date_added": "2026-09-01",
        "iso3166_1_alpha2": "GR",
        "region": "Europe",
        "subregion": "Southern Europe",
        "theme_groups": [
          "Migration & displacement",
          "Oral tradition & folklore"
        ]
      }
    },
    {
      "type": "Feature",
      "id": "MV-000156",
      "geometry": {
        "type": "Point",
        "coordinates": [
          14.5061,
          46.0489
        ]
      },
      "properties": {
        "id": "slovenia-institute-ethnomusicology-sound-archive",
        "mv_id": "MV-000156",
        "title": "Sound Archive of the Institute of Ethnomusicology",
        "archive": "Institute of Ethnomusicology (Glasbenonarodopisni inštitut), ZRC SAZU",
        "country": "Slovenia",
        "languages": [
          "Slovenian"
        ],
        "themes": [
          "ethnomusicology",
          "folklife",
          "music",
          "oral tradition"
        ],
        "decade_start": 1934,
        "decade_end": null,
        "summary": "Founded in 1934 and now part of the Slovenian Academy of Sciences and Arts, the Institute runs a dedicated Sound Archive and Studio (established 1994) of Slovenian and South Slavic folk music, song, and dance recordings, with selected material published through its Etnomuza digital platform.",
        "url": "https://gni.zrc-sazu.si/en",
        "archive_type": "university or research institute",
        "verification_status": "partially_verified",
        "provenance": "v0.1 seed dataset, maintainer-curated from the holding institution's public page.",
        "date_added": "2026-09-01",
        "iso3166_1_alpha2": "SI",
        "region": "Europe",
        "subregion": "Southern Europe",
        "theme_groups": [
          "Music, performance & broadcasting",
          "Oral tradition & folklore"
        ]
      }
    },
    {
      "type": "Feature",
      "id": "MV-000157",
      "geometry": {
        "type": "Point",
        "coordinates": [
          26.0836,
          44.4136
        ]
      },
      "properties": {
        "id": "romania-brailoiu-institute-ethnography-folklore",
        "mv_id": "MV-000157",
        "title": "Constantin Brăiloiu Institute of Ethnography and Folklore Archive",
        "archive": "Institutul de Etnografie și Folclor „Constantin Brăiloiu”, Romanian Academy",
        "country": "Romania",
        "languages": [
          "Romanian"
        ],
        "themes": [
          "ethnomusicology",
          "folklore",
          "oral tradition",
          "music"
        ],
        "decade_start": 1928,
        "decade_end": null,
        "summary": "Successor to the folklore archive that composer-ethnomusicologist Constantin Brăiloiu founded in 1928 under the Society of Romanian Composers, the Institute preserves decades of field recordings of Romanian folk music and oral tradition gathered during Brăiloiu's and sociologist Dimitrie Gusti's village research campaigns and later fieldwork.",
        "url": "https://academiaromana.ro/ief/",
        "archive_type": "university or research institute",
        "verification_status": "partially_verified",
        "provenance": "v0.1 seed dataset, maintainer-curated from the holding institution's public page.",
        "date_added": "2026-09-01",
        "iso3166_1_alpha2": "RO",
        "region": "Europe",
        "subregion": "Eastern Europe",
        "theme_groups": [
          "Music, performance & broadcasting",
          "Oral tradition & folklore"
        ]
      }
    },
    {
      "type": "Feature",
      "id": "MV-000158",
      "geometry": {
        "type": "Point",
        "coordinates": [
          24.0972,
          56.9346
        ]
      },
      "properties": {
        "id": "latvia-folklore-archives-dainas",
        "mv_id": "MV-000158",
        "title": "Archives of Latvian Folklore",
        "archive": "Institute of Literature, Folklore and Art, University of Latvia (Latviešu folkloras krātuve)",
        "country": "Latvia",
        "languages": [
          "Latvian"
        ],
        "themes": [
          "oral tradition",
          "folklore",
          "music"
        ],
        "decade_start": 1924,
        "decade_end": null,
        "summary": "Established in 1924, the Archives of Latvian Folklore is the oldest folklore archive in the Baltic states, holding more than three million items including manuscripts, and audio and video recordings. Its centerpiece, the Cabinet of Dainas — Krišjānis Barons's card catalogue of over 200,000 Latvian folk songs — was inscribed on UNESCO's Memory of the World Register in 2001.",
        "url": "https://lulfmi.lv/en/archives-of-latvian-folklore",
        "citation": "UNESCO Memory of the World Register: 'Dainu skapis' (Cabinet of Dainas), inscribed 2001.",
        "archive_type": "university or research institute",
        "verification_status": "partially_verified",
        "provenance": "v0.1 seed dataset, maintainer-curated from the holding institution's public page.",
        "date_added": "2026-09-01",
        "iso3166_1_alpha2": "LV",
        "region": "Europe",
        "subregion": "Northern Europe",
        "theme_groups": [
          "Music, performance & broadcasting",
          "Oral tradition & folklore"
        ]
      }
    },
    {
      "type": "Feature",
      "id": "MV-000159",
      "geometry": {
        "type": "Point",
        "coordinates": [
          25.3011,
          54.6975
        ]
      },
      "properties": {
        "id": "lithuania-folklore-phonogram-collection",
        "mv_id": "MV-000159",
        "title": "Lithuanian Folk Music Phonogram Collection",
        "archive": "Institute of Lithuanian Literature and Folklore, Lithuanian Folklore Archives",
        "country": "Lithuania",
        "languages": [
          "Lithuanian"
        ],
        "themes": [
          "oral tradition",
          "music",
          "folklore"
        ],
        "decade_start": 1908,
        "decade_end": 1949,
        "summary": "Held at the Lithuanian Folklore Archives, this collection of early phonograph and later tape recordings of Lithuanian folk songs and music, made between 1908 and 1949, was inscribed on UNESCO's Memory of the World national register in 2008 as documentary heritage of regional significance.",
        "url": "https://archyvas.llti.lt/en/lithuanian_folk_music_phonogram_collection/?id=55793",
        "archive_type": "university or research institute",
        "verification_status": "partially_verified",
        "provenance": "v0.1 seed dataset, maintainer-curated from the holding institution's public page.",
        "date_added": "2026-09-01",
        "iso3166_1_alpha2": "LT",
        "region": "Europe",
        "subregion": "Northern Europe",
        "theme_groups": [
          "Music, performance & broadcasting",
          "Oral tradition & folklore"
        ]
      }
    },
    {
      "type": "Feature",
      "id": "MV-000160",
      "geometry": {
        "type": "Point",
        "coordinates": [
          8.5501,
          47.3746
        ]
      },
      "properties": {
        "id": "switzerland-uzh-phonogrammarchiv",
        "mv_id": "MV-000160",
        "title": "Phonogrammarchiv of the University of Zurich",
        "archive": "Phonogrammarchiv, University of Zurich",
        "country": "Switzerland",
        "languages": [
          "German",
          "French",
          "Italian",
          "Romansh"
        ],
        "themes": [
          "linguistics",
          "language documentation",
          "oral tradition"
        ],
        "decade_start": 1909,
        "decade_end": null,
        "summary": "Founded in 1909, Switzerland's oldest sound archive collects, documents, and publishes recordings of Swiss dialects across all four national languages; it is now housed within the University of Zurich's Institute of Computational Linguistics.",
        "url": "https://www.phonogrammarchiv.uzh.ch/de.html",
        "archive_type": "university or research institute",
        "verification_status": "partially_verified",
        "provenance": "v0.1 seed dataset, maintainer-curated from the holding institution's public page.",
        "date_added": "2026-09-01",
        "iso3166_1_alpha2": "CH",
        "region": "Europe",
        "subregion": "Western Europe",
        "theme_groups": [
          "Language & linguistics",
          "Oral tradition & folklore"
        ]
      }
    },
    {
      "type": "Feature",
      "id": "MV-000161",
      "geometry": {
        "type": "Point",
        "coordinates": [
          12.5807,
          55.6739
        ]
      },
      "properties": {
        "id": "denmark-folklore-archives-royal-library",
        "mv_id": "MV-000161",
        "title": "Danish Folklore Archives",
        "archive": "Dansk Folkemindesamling, Royal Danish Library",
        "country": "Denmark",
        "languages": [
          "Danish"
        ],
        "themes": [
          "folklore",
          "everyday life",
          "oral tradition"
        ],
        "decade_start": 1904,
        "decade_end": null,
        "summary": "Established in 1904 and incorporated into the Royal Danish Library in 2008, the Danish Folklore Archives preserves manuscripts, audio recordings, and video documenting Danish folk narrative, custom, song, and everyday life across more than a century of collecting.",
        "url": "https://www.kb.dk/en/find-materials/collections/folklore-archive",
        "verification_status": "partially_verified",
        "provenance": "v0.1 seed dataset, maintainer-curated from the holding institution's public page.",
        "date_added": "2026-09-01",
        "iso3166_1_alpha2": "DK",
        "region": "Europe",
        "subregion": "Northern Europe",
        "theme_groups": [
          "Memory & community",
          "Oral tradition & folklore"
        ]
      }
    },
    {
      "type": "Feature",
      "id": "MV-000162",
      "geometry": {
        "type": "Point",
        "coordinates": [
          -21.9508,
          64.1394
        ]
      },
      "properties": {
        "id": "iceland-arni-magnusson-folklore-collection",
        "mv_id": "MV-000162",
        "title": "Folklore Collection of the Árni Magnússon Institute",
        "archive": "Árni Magnússon Institute for Icelandic Studies (Stofnun Árna Magnússonar í íslenskum fræðum)",
        "country": "Iceland",
        "languages": [
          "Icelandic"
        ],
        "themes": [
          "folklore",
          "oral tradition",
          "music"
        ],
        "decade_start": 1900,
        "decade_end": null,
        "summary": "The Institute's ethnology division holds a large tape-recorded folklore collection of ballads, folk songs, folktales, and descriptions of customs gathered across Iceland and Icelandic settlements in North America, with source material dating back to 1900.",
        "url": "https://arnastofnun.is/en/culture",
        "access_notes": "Selected recordings from the collection are accessible online via the ismus.is portal.",
        "access": "partial online",
        "archive_type": "university or research institute",
        "verification_status": "partially_verified",
        "provenance": "v0.1 seed dataset, maintainer-curated from the holding institution's public page.",
        "date_added": "2026-09-01",
        "iso3166_1_alpha2": "IS",
        "region": "Europe",
        "subregion": "Northern Europe",
        "theme_groups": [
          "Music, performance & broadcasting",
          "Oral tradition & folklore"
        ]
      }
    },
    {
      "type": "Feature",
      "id": "MV-000163",
      "geometry": {
        "type": "Point",
        "coordinates": [
          23.3299,
          42.6941
        ]
      },
      "properties": {
        "id": "bulgaria-iefsem-ethnographic-archive",
        "mv_id": "MV-000163",
        "title": "Ethnographic Archive of the Institute of Ethnology and Folklore Studies",
        "archive": "Institute of Ethnology and Folklore Studies with Ethnographic Museum (IEFSEM), Bulgarian Academy of Sciences",
        "country": "Bulgaria",
        "languages": [
          "Bulgarian"
        ],
        "themes": [
          "folklife",
          "ethnomusicology",
          "oral tradition"
        ],
        "decade_start": 1947,
        "decade_end": null,
        "summary": "Tracing its research lineage to the Institute of Folklore founded by the Bulgarian Academy of Sciences in 1947, IEFSEM's Ethnographic Archive holds field-collected written records, photographs, and sound recordings of Bulgarian pre-industrial and traditional culture, with active digitization efforts underway.",
        "url": "https://iefem.bas.bg/en/",
        "archive_type": "university or research institute",
        "verification_status": "partially_verified",
        "provenance": "v0.1 seed dataset, maintainer-curated from the holding institution's public page.",
        "date_added": "2026-09-01",
        "iso3166_1_alpha2": "BG",
        "region": "Europe",
        "subregion": "Eastern Europe",
        "theme_groups": [
          "Music, performance & broadcasting",
          "Oral tradition & folklore"
        ]
      }
    },
    {
      "type": "Feature",
      "id": "MV-000164",
      "geometry": {
        "type": "Point",
        "coordinates": [
          15.9971,
          45.809
        ]
      },
      "properties": {
        "id": "croatia-ethnology-folklore-research-sound-archive",
        "mv_id": "MV-000164",
        "title": "Sound Archive of the Institute of Ethnology and Folklore Research",
        "archive": "Institute of Ethnology and Folklore Research (Institut za etnologiju i folkloristiku), Zagreb",
        "country": "Croatia",
        "languages": [
          "Croatian"
        ],
        "themes": [
          "folklife",
          "ethnomusicology",
          "oral tradition"
        ],
        "decade_start": 1948,
        "decade_end": null,
        "summary": "Founded in 1948, the Institute's Audio Library holds several thousand recordings of Croatian oral literature, folk music and dance, and narrations of custom, gathered from Croatian-speaking regions and Croatian communities living outside Croatia.",
        "url": "https://www.ief.hr/en/archive/collections/",
        "archive_type": "university or research institute",
        "verification_status": "partially_verified",
        "provenance": "v0.1 seed dataset, maintainer-curated from the holding institution's public page.",
        "date_added": "2026-09-01",
        "iso3166_1_alpha2": "HR",
        "region": "Europe",
        "subregion": "Southern Europe",
        "theme_groups": [
          "Music, performance & broadcasting",
          "Oral tradition & folklore"
        ]
      }
    },
    {
      "type": "Feature",
      "id": "MV-000165",
      "geometry": {
        "type": "Point",
        "coordinates": [
          20.4581,
          44.8175
        ]
      },
      "properties": {
        "id": "serbia-sasa-institute-musicology-archive",
        "mv_id": "MV-000165",
        "title": "Archive of the Institute of Musicology SASA",
        "archive": "Institute of Musicology, Serbian Academy of Sciences and Arts (SASA)",
        "country": "Serbia",
        "languages": [
          "Serbian"
        ],
        "themes": [
          "ethnomusicology",
          "folklore",
          "music"
        ],
        "decade_start": 1948,
        "decade_end": null,
        "summary": "Founded in 1948 as the first musicology institute in the former Yugoslavia, the Institute holds an extensive archive of ethnomusicological field notation and sound recordings of Serbian folk songs and dances, built up through decades of ongoing fieldwork.",
        "url": "https://music.sanu.ac.rs/en/archive/",
        "archive_type": "university or research institute",
        "verification_status": "partially_verified",
        "provenance": "v0.1 seed dataset, maintainer-curated from the holding institution's public page.",
        "date_added": "2026-09-01",
        "iso3166_1_alpha2": "RS",
        "region": "Europe",
        "subregion": "Southern Europe",
        "theme_groups": [
          "Music, performance & broadcasting",
          "Oral tradition & folklore"
        ]
      }
    },
    {
      "type": "Feature",
      "id": "MV-000166",
      "geometry": {
        "type": "Point",
        "coordinates": [
          -9.1281,
          38.7126
        ]
      },
      "properties": {
        "id": "portugal-fado-museum-digital-sound-archive",
        "mv_id": "MV-000166",
        "title": "Digital Sound Archive (Arquivo Sonoro Digital)",
        "archive": "INET-MD (Instituto de Etnomusicologia) and Museu do Fado, Lisbon",
        "country": "Portugal",
        "languages": [
          "Portuguese"
        ],
        "themes": [
          "music",
          "oral tradition",
          "everyday life"
        ],
        "decade_start": 1900,
        "decade_end": null,
        "summary": "A partnership between the Fado Museum and the Institute of Ethnomusicology (INET-MD, NOVA University Lisbon), this digital archive brings together thousands of historical fado recordings dating from the early 20th century, forming Portugal's largest historical popular-music sound repository.",
        "url": "https://www.inetmd.pt/publicacoes/arquivo-sonoro-digital/",
        "verification_status": "partially_verified",
        "provenance": "v0.1 seed dataset, maintainer-curated from the holding institution's public page.",
        "date_added": "2026-09-01",
        "iso3166_1_alpha2": "PT",
        "region": "Europe",
        "subregion": "Southern Europe",
        "theme_groups": [
          "Memory & community",
          "Music, performance & broadcasting",
          "Oral tradition & folklore"
        ]
      }
    },
    {
      "type": "Feature",
      "id": "MV-000167",
      "geometry": {
        "type": "Point",
        "coordinates": [
          4.3315,
          50.8362
        ]
      },
      "properties": {
        "id": "belgium-cegesoma-oral-history-wwii",
        "mv_id": "MV-000167",
        "title": "CegeSoma Oral History Interview Collections",
        "archive": "CegeSoma, State Archives of Belgium",
        "country": "Belgium",
        "languages": [
          "French",
          "Dutch"
        ],
        "themes": [
          "war and conflict",
          "oral tradition",
          "everyday life",
          "military history"
        ],
        "decade_start": 1969,
        "decade_end": null,
        "historical_period_start": 1939,
        "historical_period_end": 1945,
        "summary": "Belgium's federal research centre on 20th-century conflict, part of the State Archives since 2016, holds about 1,800 digitized interviews with former WWII resistance fighters, collaborators, and eyewitnesses, plus 1,200 interviews recorded between 1984 and 1998 on daily life under the German Occupation.",
        "url": "https://www.cegesoma.be/en/home",
        "archive_type": "national archive or library",
        "verification_status": "partially_verified",
        "provenance": "v0.1 seed dataset, maintainer-curated from the holding institution's public page.",
        "date_added": "2026-09-01",
        "iso3166_1_alpha2": "BE",
        "region": "Europe",
        "subregion": "Western Europe",
        "theme_groups": [
          "Memory & community",
          "Oral tradition & folklore",
          "War & conflict"
        ]
      }
    },
    {
      "type": "Feature",
      "id": "MV-000168",
      "geometry": {
        "type": "Point",
        "coordinates": [
          24.0297,
          49.8404
        ]
      },
      "properties": {
        "id": "ukraine-lviv-urban-media-archive",
        "mv_id": "MV-000168",
        "title": "Urban Media Archive Oral History Interviews",
        "archive": "Center for Urban History of East Central Europe, Lviv",
        "country": "Ukraine",
        "languages": [
          "Ukrainian",
          "Russian",
          "Polish"
        ],
        "themes": [
          "oral tradition",
          "urban history",
          "everyday life",
          "migration"
        ],
        "decade_start": 2004,
        "decade_end": null,
        "summary": "Since its founding in 2004, the Center for Urban History has recorded oral history interviews on urban space, professional biographies, and everyday life across Lviv and East-Central Europe, digitized and annotated for public access in its Urban Media Archive.",
        "url": "https://uma.lvivcenter.org/en/interviews",
        "verification_status": "partially_verified",
        "provenance": "v0.1 seed dataset, maintainer-curated from the holding institution's public page.",
        "date_added": "2026-09-01",
        "iso3166_1_alpha2": "UA",
        "region": "Europe",
        "subregion": "Eastern Europe",
        "theme_groups": [
          "Memory & community",
          "Migration & displacement",
          "Oral tradition & folklore"
        ]
      }
    },
    {
      "type": "Feature",
      "id": "MV-000169",
      "geometry": {
        "type": "Point",
        "coordinates": [
          17.0704,
          48.1633
        ]
      },
      "properties": {
        "id": "slovakia-institute-musicology-folk-music-archive",
        "mv_id": "MV-000169",
        "title": "Folk Music Sound Recordings of the Institute of Musicology SAS",
        "archive": "Institute of Musicology, Slovak Academy of Sciences (Ústav hudobnej vedy SAV)",
        "country": "Slovakia",
        "languages": [
          "Slovak"
        ],
        "themes": [
          "ethnomusicology",
          "folklore",
          "music"
        ],
        "decade_start": 1950,
        "decade_end": null,
        "summary": "The Institute's Department of Ethnomusicology holds Slovakia's most extensive folk-music recording collection: over 3,500 tapes recorded by Institute staff from the second half of the 20th century onward, covering every region of Slovakia and Slovak diaspora communities abroad.",
        "url": "https://uhv.sav.sk/en/",
        "archive_type": "university or research institute",
        "verification_status": "partially_verified",
        "provenance": "v0.1 seed dataset, maintainer-curated from the holding institution's public page.",
        "date_added": "2026-09-01",
        "iso3166_1_alpha2": "SK",
        "region": "Europe",
        "subregion": "Eastern Europe",
        "theme_groups": [
          "Music, performance & broadcasting",
          "Oral tradition & folklore"
        ]
      }
    },
    {
      "type": "Feature",
      "id": "MV-000170",
      "geometry": {
        "type": "Point",
        "coordinates": [
          -99.1718,
          19.3467
        ]
      },
      "properties": {
        "id": "mexico-fonoteca-nacional",
        "mv_id": "MV-000170",
        "title": "Fonoteca Nacional de México",
        "archive": "Fonoteca Nacional de México",
        "country": "Mexico",
        "languages": [
          "Spanish",
          "Indigenous languages of the Americas"
        ],
        "language_note": "Indigenous languages of Mexico",
        "themes": [
          "oral tradition",
          "ethnomusicology",
          "linguistics",
          "folklife"
        ],
        "decade_start": 1900,
        "decade_end": null,
        "summary": "Mexico's national sound archive, established in 2008 in Coyoacán, Mexico City, holds and preserves historical and contemporary recordings including music, oral narratives, radio broadcasts and field recordings in Spanish and multiple Mexican indigenous languages, some dating to early wax-cylinder recordings.",
        "url": "https://www.fonotecanacional.gob.mx/",
        "citation": "Fonoteca Nacional de México. Retrieved from https://www.fonotecanacional.gob.mx/.",
        "archive_type": "national archive or library",
        "verification_status": "partially_verified",
        "provenance": "v0.1 seed dataset, maintainer-curated from the holding institution's public page.",
        "date_added": "2026-09-01",
        "iso3166_1_alpha2": "MX",
        "region": "Americas",
        "subregion": "Latin America and the Caribbean",
        "theme_groups": [
          "Language & linguistics",
          "Music, performance & broadcasting",
          "Oral tradition & folklore"
        ]
      }
    },
    {
      "type": "Feature",
      "id": "MV-000171",
      "geometry": {
        "type": "Point",
        "coordinates": [
          -99.1332,
          19.4326
        ]
      },
      "properties": {
        "id": "mexico-fonoteca-henrietta-yurchenco",
        "mv_id": "MV-000171",
        "title": "Fonoteca Henrietta Yurchenco",
        "archive": "Instituto Nacional de los Pueblos Indígenas (INPI)",
        "country": "Mexico",
        "languages": [
          "Indigenous languages of the Americas",
          "Spanish"
        ],
        "language_note": "Indigenous languages of Mexico",
        "themes": [
          "oral tradition",
          "indigenous history",
          "ethnomusicology",
          "linguistics"
        ],
        "decade_start": 1960,
        "decade_end": 1997,
        "summary": "Named for ethnomusicologist Henrietta Yurchenco, this sound archive held by Mexico's national indigenous-peoples institute comprises more than 11,000 field recordings of indigenous music, oral narratives, interviews and festivals gathered by researchers between 1960 and 1997, plus some of the earliest known recordings of Mexican indigenous music.",
        "url": "https://www.inpi.gob.mx/acervos/fonoteca.html",
        "citation": "Instituto Nacional de los Pueblos Indígenas. Fonoteca Henrietta Yurchenco. Retrieved from https://www.inpi.gob.mx/acervos/fonoteca.html.",
        "verification_status": "partially_verified",
        "provenance": "v0.1 seed dataset, maintainer-curated from the holding institution's public page.",
        "date_added": "2026-09-01",
        "iso3166_1_alpha2": "MX",
        "region": "Americas",
        "subregion": "Latin America and the Caribbean",
        "theme_groups": [
          "Colonialism & Indigenous histories",
          "Language & linguistics",
          "Music, performance & broadcasting",
          "Oral tradition & folklore"
        ]
      }
    },
    {
      "type": "Feature",
      "id": "MV-000172",
      "geometry": {
        "type": "Point",
        "coordinates": [
          -90.5069,
          14.6349
        ]
      },
      "properties": {
        "id": "guatemala-remhi-centro-memoria-gerardi",
        "mv_id": "MV-000172",
        "title": "REMHI — Proyecto Interdiocesano de Recuperación de la Memoria Histórica",
        "archive": "Centro de la Memoria Monseñor Juan Gerardi (Oficina de Derechos Humanos del Arzobispado de Guatemala, ODHAG)",
        "country": "Guatemala",
        "languages": [
          "Spanish",
          "Mayan languages"
        ],
        "themes": [
          "genocide",
          "human rights",
          "war and conflict",
          "state terrorism",
          "memory and reconciliation",
          "transitional justice"
        ],
        "decade_start": 1995,
        "decade_end": 1998,
        "historical_period_start": 1960,
        "historical_period_end": 1996,
        "summary": "Directed by Bishop Juan Gerardi and published as the 1998 report 'Guatemala: Nunca Más', REMHI gathered several thousand oral testimonies from survivors and witnesses of Guatemala's internal armed conflict; the original testimonies and case files are preserved at the archdiocese's Centro de la Memoria, which bears Gerardi's name after his 1998 assassination.",
        "url": "https://www.odhag.org.gt/cmmjg/",
        "access_notes": "The popularized version of the REMHI report is freely available online; original testimony archives are held for research access at the Centro de la Memoria.",
        "verification_status": "partially_verified",
        "provenance": "v0.1 seed dataset, maintainer-curated from the holding institution's public page.",
        "date_added": "2026-09-01",
        "iso3166_1_alpha2": "GT",
        "region": "Americas",
        "subregion": "Latin America and the Caribbean",
        "theme_groups": [
          "Genocide & mass violence",
          "Human rights & justice",
          "War & conflict"
        ]
      }
    },
    {
      "type": "Feature",
      "id": "MV-000173",
      "geometry": {
        "type": "Point",
        "coordinates": [
          -84.0505,
          9.9376
        ]
      },
      "properties": {
        "id": "costa-rica-archivo-historico-musical-ucr",
        "mv_id": "MV-000173",
        "title": "Archivo Histórico Musical",
        "archive": "Escuela de Artes Musicales, Universidad de Costa Rica",
        "country": "Costa Rica",
        "languages": [
          "Spanish"
        ],
        "themes": [
          "music",
          "folklife",
          "everyday life",
          "history"
        ],
        "decade_start": 1993,
        "decade_end": null,
        "summary": "Founded in 1993 at the University of Costa Rica's School of Musical Arts, this archive rescues, preserves and digitizes Costa Rica's musical heritage, holding scores, photographs and sound recordings from more than 5,600 Costa Rican composers and musicians.",
        "url": "https://archivomusical.ucr.ac.cr/",
        "citation": "Universidad de Costa Rica, Escuela de Artes Musicales. Archivo Histórico Musical. Retrieved from https://archivomusical.ucr.ac.cr/.",
        "archive_type": "university or research institute",
        "verification_status": "partially_verified",
        "provenance": "v0.1 seed dataset, maintainer-curated from the holding institution's public page.",
        "date_added": "2026-09-01",
        "iso3166_1_alpha2": "CR",
        "region": "Americas",
        "subregion": "Latin America and the Caribbean",
        "theme_groups": [
          "History & politics",
          "Memory & community",
          "Music, performance & broadcasting",
          "Oral tradition & folklore"
        ]
      }
    },
    {
      "type": "Feature",
      "id": "MV-000174",
      "geometry": {
        "type": "Point",
        "coordinates": [
          -82.3553,
          23.1367
        ]
      },
      "properties": {
        "id": "cuba-museo-nacional-musica-fonoteca",
        "mv_id": "MV-000174",
        "title": "Fonoteca del Museo Nacional de la Música",
        "archive": "Museo Nacional de la Música de Cuba",
        "country": "Cuba",
        "languages": [
          "Spanish"
        ],
        "themes": [
          "music",
          "ethnomusicology",
          "folklife",
          "history"
        ],
        "decade_start": 1971,
        "decade_end": null,
        "summary": "Cuba's national music museum in Havana, formed in 1998 from the merger of the earlier Museo y Archivo de la Música with the Odilio Urfé documentation center, holds a sound archive of wax cylinders, reel-to-reel tapes and thousands of discs documenting Cuban musical history, built partly from the Urfé family's private collection.",
        "url": "https://www.ministeriodecultura.gob.cu/es/ministerio-2/directorio-de-entidades/instituciones-nacionales/museo-nacional-de-la-musica",
        "citation": "Ministerio de Cultura de Cuba. Museo Nacional de la Música. Retrieved from https://www.ministeriodecultura.gob.cu/es/ministerio-2/directorio-de-entidades/instituciones-nacionales/museo-nacional-de-la-musica.",
        "archive_type": "museum",
        "verification_status": "partially_verified",
        "provenance": "v0.1 seed dataset, maintainer-curated from the holding institution's public page.",
        "date_added": "2026-09-01",
        "iso3166_1_alpha2": "CU",
        "region": "Americas",
        "subregion": "Latin America and the Caribbean",
        "theme_groups": [
          "History & politics",
          "Music, performance & broadcasting",
          "Oral tradition & folklore"
        ]
      }
    },
    {
      "type": "Feature",
      "id": "MV-000175",
      "geometry": {
        "type": "Point",
        "coordinates": [
          -72.3074,
          18.5944
        ]
      },
      "properties": {
        "id": "haiti-radio-haiti-archive-duke",
        "mv_id": "MV-000175",
        "title": "Radio Haiti Archive",
        "archive": "David M. Rubenstein Rare Book & Manuscript Library, Duke University",
        "country": "Haiti",
        "languages": [
          "Haitian Creole",
          "French",
          "English"
        ],
        "themes": [
          "political history",
          "human rights",
          "resistance history",
          "war and conflict",
          "everyday life"
        ],
        "decade_start": 1957,
        "decade_end": 2003,
        "summary": "More than 5,300 digitized audio recordings from independent station Radio Haiti-Inter, donated to Duke's Human Rights Archive by co-anchor Michèle Montas after journalist Jean Dominique's 2000 assassination, documenting Haitian politics, culture and daily life from the Duvalier era through the 1991-1994 coup years and beyond, with trilingual (Kreyòl, French, English) metadata.",
        "url": "https://repository.duke.edu/dc/radiohaiti",
        "citation": "Radio Haiti Archive, David M. Rubenstein Rare Book & Manuscript Library, Duke University. Retrieved from https://repository.duke.edu/dc/radiohaiti.",
        "access_notes": "Freely accessible online via the Duke Digital Repository.",
        "access": "open online",
        "archive_type": "university or research institute",
        "verification_status": "partially_verified",
        "provenance": "v0.1 seed dataset, maintainer-curated from the holding institution's public page.",
        "date_added": "2026-09-01",
        "iso3166_1_alpha2": "HT",
        "region": "Americas",
        "subregion": "Latin America and the Caribbean",
        "theme_groups": [
          "History & politics",
          "Human rights & justice",
          "Memory & community",
          "War & conflict"
        ]
      }
    },
    {
      "type": "Feature",
      "id": "MV-000176",
      "geometry": {
        "type": "Point",
        "coordinates": [
          -66.1057,
          18.4655
        ]
      },
      "properties": {
        "id": "puerto-rico-archivo-musica-sonido-icp",
        "mv_id": "MV-000176",
        "title": "Archivo de Música y Sonido",
        "archive": "Archivo General de Puerto Rico, Instituto de Cultura Puertorriqueña",
        "country": "Puerto Rico",
        "languages": [
          "Spanish"
        ],
        "themes": [
          "music",
          "oral tradition",
          "folklife",
          "everyday life"
        ],
        "decade_start": 1955,
        "decade_end": null,
        "summary": "A division of Puerto Rico's General Archive under the Instituto de Cultura Puertorriqueña, this collection preserves roughly 15,000 musical works by more than 700 composers alongside around 10,000 recordings, including field recordings of poetry recitations, political rallies and workshops documenting Puerto Rican oral testimony.",
        "url": "https://www.icp.pr.gov/archivo-general/",
        "citation": "Instituto de Cultura Puertorriqueña. Archivo General de Puerto Rico. Retrieved from https://www.icp.pr.gov/archivo-general/.",
        "verification_status": "partially_verified",
        "provenance": "v0.1 seed dataset, maintainer-curated from the holding institution's public page.",
        "date_added": "2026-09-01",
        "iso3166_1_alpha2": "PR",
        "region": "Americas",
        "subregion": "Latin America and the Caribbean",
        "theme_groups": [
          "Memory & community",
          "Music, performance & broadcasting",
          "Oral tradition & folklore"
        ]
      }
    },
    {
      "type": "Feature",
      "id": "MV-000177",
      "geometry": {
        "type": "Point",
        "coordinates": [
          -68.15,
          -16.5
        ]
      },
      "properties": {
        "id": "bolivia-archivo-oral-fondo-sonoro-umsa",
        "mv_id": "MV-000177",
        "title": "El Archivo Oral — Fondo Oral Sonoro",
        "archive": "Carrera de Literatura, Universidad Mayor de San Andrés (UMSA)",
        "country": "Bolivia",
        "languages": [
          "Aymara",
          "Quechua",
          "Spanish"
        ],
        "language_note": "Also Mosetén, Guarayo, Tacana, Tsimán and Chiquitano, among others (per the archive's own description).",
        "themes": [
          "oral tradition",
          "community memory",
          "folklore",
          "linguistics"
        ],
        "decade_start": 1980,
        "decade_end": null,
        "summary": "Run by the Literature program at Bolivia's Universidad Mayor de San Andrés, this archive holds roughly 700 hours of audio with more than 7,000 recorded oral narratives — memories, local histories, testimonies, myths and stories — gathered from highland, valley and Amazonian communities across Bolivia's nine departments, in Aymara, Quechua and other languages.",
        "url": "http://www.literatura.edu.bo/archivo_oral/index.php/archivo/sobre-el-archivo",
        "citation": "Universidad Mayor de San Andrés, Carrera de Literatura. El Archivo Oral - Fondo Oral Sonoro. Retrieved from http://www.literatura.edu.bo/archivo_oral/index.php/archivo/sobre-el-archivo.",
        "archive_type": "university or research institute",
        "verification_status": "partially_verified",
        "provenance": "v0.1 seed dataset, maintainer-curated from the holding institution's public page.",
        "date_added": "2026-09-01",
        "iso3166_1_alpha2": "BO",
        "region": "Americas",
        "subregion": "Latin America and the Caribbean",
        "theme_groups": [
          "Language & linguistics",
          "Memory & community",
          "Oral tradition & folklore"
        ]
      }
    },
    {
      "type": "Feature",
      "id": "MV-000178",
      "geometry": {
        "type": "Point",
        "coordinates": [
          -66.9036,
          10.4806
        ]
      },
      "properties": {
        "id": "venezuela-testimonios-audiovisuales-culturas-vivas",
        "mv_id": "MV-000178",
        "title": "Testimonios Audiovisuales de las Culturas Vivas de América Latina y el Caribe del Siglo XX",
        "archive": "Fundación Centro de la Diversidad Cultural",
        "country": "Venezuela",
        "languages": [
          "Spanish",
          "Indigenous languages of the Americas"
        ],
        "themes": [
          "ethnomusicology",
          "oral tradition",
          "folklife",
          "religion"
        ],
        "decade_start": 1948,
        "decade_end": 1986,
        "summary": "Custodied in Caracas by the Centro de la Diversidad Cultural (successor to the OAS-founded ethnomusicology institute INIDEF, built around Isabel Aretz's field research), this collection of 152,344 images and 23,383 sound recordings of music, legends, games, poetry, prayers and traditional medicine practices from across Latin America and the Caribbean was inscribed on UNESCO's Memory of the World Regional Register for Latin America and the Caribbean in November 2023.",
        "url": "http://www.diversidadcultural.gob.ve/",
        "citation": "UNESCO Memory of the World Programme, Regional Register for Latin America and the Caribbean (2023 inscriptions); Fundación Centro de la Diversidad Cultural. Retrieved from http://www.diversidadcultural.gob.ve/.",
        "archive_type": "foundation or nonprofit",
        "verification_status": "partially_verified",
        "provenance": "v0.1 seed dataset, maintainer-curated from the holding institution's public page.",
        "date_added": "2026-09-01",
        "iso3166_1_alpha2": "VE",
        "region": "Americas",
        "subregion": "Latin America and the Caribbean",
        "theme_groups": [
          "Music, performance & broadcasting",
          "Oral tradition & folklore",
          "Religion & belief"
        ]
      }
    },
    {
      "type": "Feature",
      "id": "MV-000179",
      "geometry": {
        "type": "Point",
        "coordinates": [
          -56.1645,
          -34.9011
        ]
      },
      "properties": {
        "id": "uruguay-archivo-oral-memoria-mume",
        "mv_id": "MV-000179",
        "title": "Archivo Oral de la Memoria",
        "archive": "Museo de la Memoria (MUME), Intendencia de Montevideo",
        "country": "Uruguay",
        "languages": [
          "Spanish"
        ],
        "themes": [
          "state terrorism",
          "human rights",
          "memory",
          "political history",
          "resistance history"
        ],
        "decade_start": 1973,
        "decade_end": 1985,
        "historical_period_start": 1973,
        "historical_period_end": 1985,
        "summary": "Created by Montevideo's Museum of Memory together with the Association of Friends of MUME, this oral archive holds recorded testimonies from former political prisoners of Uruguay's civil-military dictatorship, including accounts from clandestine detention and torture sites, plus testimonies from relatives of the disappeared, accessible to researchers by appointment.",
        "url": "https://mume.montevideo.gub.uy/archivo-oral-de-la-memoria",
        "access_notes": "In-person access by appointment; summaries of available testimonies are published on the museum's site.",
        "access": "on site only",
        "archive_type": "museum",
        "verification_status": "partially_verified",
        "provenance": "v0.1 seed dataset, maintainer-curated from the holding institution's public page.",
        "date_added": "2026-09-01",
        "iso3166_1_alpha2": "UY",
        "region": "Americas",
        "subregion": "Latin America and the Caribbean",
        "theme_groups": [
          "Genocide & mass violence",
          "History & politics",
          "Human rights & justice",
          "Memory & community",
          "War & conflict"
        ]
      }
    },
    {
      "type": "Feature",
      "id": "MV-000180",
      "geometry": {
        "type": "Point",
        "coordinates": [
          -86.2514,
          12.1364
        ]
      },
      "properties": {
        "id": "nicaragua-narrativas-orales-ihnca-exilio",
        "mv_id": "MV-000180",
        "title": "Narrativas Orales — Brigada de Rescate Histórico Germán Pomares Ordóñez",
        "archive": "Instituto de Historia de Nicaragua y Centroamérica (IHNCA)",
        "country": "Nicaragua",
        "languages": [
          "Spanish"
        ],
        "themes": [
          "political history",
          "resistance history",
          "war and conflict",
          "community memory"
        ],
        "decade_start": 1980,
        "decade_end": 1980,
        "summary": "In 1980, alongside Nicaragua's National Literacy Campaign, some 215 university-student brigadistas recorded roughly 6,900 cassette interviews with popular leaders and witnesses about the Somoza dictatorship and the Sandinista Popular Insurrection; the collection was held at IHNCA (Universidad Centroamericana) until the government's 2023 confiscation of the university, after which exiled Jesuit staff republished the digitized collection at 'El IHNCA en el Exilio'.",
        "url": "https://ihncaexilio.org/el-acervo-ihnca/colecciones/",
        "citation": "El IHNCA en el Exilio. Colecciones. Retrieved from https://ihncaexilio.org/el-acervo-ihnca/colecciones/.",
        "access_notes": "Freely browsable online following the 2023 relaunch as 'El IHNCA en el Exilio' after the original archive at UCA Managua was confiscated by the Nicaraguan government.",
        "access": "open online",
        "archive_type": "university or research institute",
        "verification_status": "partially_verified",
        "provenance": "v0.1 seed dataset, maintainer-curated from the holding institution's public page.",
        "date_added": "2026-09-01",
        "iso3166_1_alpha2": "NI",
        "region": "Americas",
        "subregion": "Latin America and the Caribbean",
        "theme_groups": [
          "History & politics",
          "Memory & community",
          "War & conflict"
        ]
      }
    },
    {
      "type": "Feature",
      "id": "MV-000181",
      "geometry": {
        "type": "Point",
        "coordinates": [
          105.8542,
          21.0285
        ]
      },
      "properties": {
        "id": "vietnam-institute-musicology-databank",
        "mv_id": "MV-000181",
        "title": "Vietnamese Institute for Musicology Data Bank",
        "archive": "Vietnamese Institute for Musicology (Viện Âm nhạc Việt Nam)",
        "country": "Vietnam",
        "languages": [
          "Vietnamese",
          "Multiple languages"
        ],
        "language_note": "multiple Vietnamese ethnic minority languages",
        "themes": [
          "ethnomusicology",
          "folklife",
          "oral tradition"
        ],
        "decade_start": 1976,
        "decade_end": null,
        "summary": "Vietnam's national musicology institute, formally independent since 1976, conducts ongoing fieldwork recording traditional and folk music across the country's ethnic groups, including tens of thousands of folk song and instrumental recordings catalogued in a searchable online data bank.",
        "url": "https://www.vienamnhac.vn/data-bank.html",
        "citation": "Vietnamese Institute for Musicology. Data Bank. Retrieved from https://www.vienamnhac.vn/data-bank.html.",
        "access_notes": "Catalog entries and some audio browsable on the institute's website; full recordings typically require contacting the institute directly.",
        "access": "partial online",
        "archive_type": "university or research institute",
        "verification_status": "partially_verified",
        "provenance": "v0.1 seed dataset, maintainer-curated from the holding institution's public page.",
        "date_added": "2026-09-01",
        "iso3166_1_alpha2": "VN",
        "region": "Asia",
        "subregion": "South-eastern Asia",
        "theme_groups": [
          "Music, performance & broadcasting",
          "Oral tradition & folklore"
        ]
      }
    },
    {
      "type": "Feature",
      "id": "MV-000182",
      "geometry": {
        "type": "Point",
        "coordinates": [
          100.4571,
          13.7739
        ]
      },
      "properties": {
        "id": "thailand-sac-anthropological-archives",
        "mv_id": "MV-000182",
        "title": "Anthropological Archives Database",
        "archive": "Princess Maha Chakri Sirindhorn Anthropology Centre (SAC)",
        "country": "Thailand",
        "languages": [
          "Thai",
          "Multiple languages"
        ],
        "language_note": "multiple Thai regional and ethnic languages",
        "themes": [
          "folklore",
          "linguistics",
          "oral tradition"
        ],
        "decade_start": 1991,
        "decade_end": null,
        "summary": "A public anthropological research organization under Thailand's Ministry of Culture that systematically gathers and preserves ethnographic material from across the country, including audio field recordings, in a searchable online Anthropological Archives Database.",
        "url": "https://db.sac.or.th/anthroarchives/en/about-us.php",
        "access_notes": "Database searchable online in Thai and English; some holdings require an in-person research visit to Bangkok.",
        "access": "partial online",
        "verification_status": "partially_verified",
        "provenance": "v0.1 seed dataset, maintainer-curated from the holding institution's public page.",
        "date_added": "2026-09-01",
        "iso3166_1_alpha2": "TH",
        "region": "Asia",
        "subregion": "South-eastern Asia",
        "theme_groups": [
          "Language & linguistics",
          "Oral tradition & folklore"
        ]
      }
    },
    {
      "type": "Feature",
      "id": "MV-000183",
      "geometry": {
        "type": "Point",
        "coordinates": [
          123.607,
          -10.1772
        ]
      },
      "properties": {
        "id": "indonesia-jaap-kunst-collection-ntt",
        "mv_id": "MV-000183",
        "title": "Jaap Kunst Collection",
        "archive": "Perpustakaan Daerah Nusa Tenggara Timur (NTT Regional Library), with University of Amsterdam",
        "country": "Indonesia",
        "languages": [
          "Indonesian",
          "Multiple languages"
        ],
        "language_note": "multiple regional languages of Flores, Sumba, Alor, Timor and Kisar",
        "themes": [
          "ethnomusicology",
          "music",
          "colonial history"
        ],
        "decade_start": 1919,
        "decade_end": 1934,
        "summary": "Colonial-era sound recordings, film footage, and photographs made by ethnomusicologist Jaap Kunst across Flores, Sumba, Alor, Timor, and Kisar between 1919 and 1934 were digitally repatriated in 2024 by the University of Amsterdam to the NTT Regional Library in Kupang, where they are now accessible in a dedicated 'Jaap Kunst Corner.'",
        "url": "https://www.uva.nl/en/shared-content/faculteiten/en/faculteit-der-geesteswetenschappen/news/2024/10/uva-returns-sound-recordings-and-film-footage-from-colonial-collection-to-indonesia.html",
        "citation": "University of Amsterdam. UvA returns sound recordings and film footage from colonial collection to Indonesia (October 2024).",
        "access_notes": "Digitized copies freely accessible in person at the NTT Regional Library, Kupang; original recordings remain held at the University of Amsterdam.",
        "access": "on site only",
        "verification_status": "partially_verified",
        "provenance": "v0.1 seed dataset, maintainer-curated from the holding institution's public page.",
        "date_added": "2026-09-01",
        "iso3166_1_alpha2": "ID",
        "region": "Asia",
        "subregion": "South-eastern Asia",
        "theme_groups": [
          "Colonialism & Indigenous histories",
          "Music, performance & broadcasting"
        ]
      }
    },
    {
      "type": "Feature",
      "id": "MV-000184",
      "geometry": {
        "type": "Point",
        "coordinates": [
          122.5637,
          10.7305
        ]
      },
      "properties": {
        "id": "philippines-hinilawod-epic-chant-recordings",
        "mv_id": "MV-000184",
        "title": "Hinilawod Epic Chant Recordings",
        "archive": "Henry Luce III Library, Central Philippine University",
        "country": "Philippines",
        "languages": [
          "Karay-a"
        ],
        "themes": [
          "epic performance",
          "oral tradition",
          "folklore"
        ],
        "decade_start": 1956,
        "decade_end": 1957,
        "summary": "Magnetic-tape recordings of the Hinilawod, the epic cycle of Panay, chanted in archaic Karay-a by tradition-bearers Ulang Udig and Narcisa 'Hugan-an' Lingaya and recorded by anthropologist F. Landa Jocano in 1956-57. Inscribed on the UNESCO Memory of the World Committee for Asia and the Pacific (MOWCAP) Register in 2024 as the earliest extensive documentation of the Panay epics.",
        "url": "https://library.cpu.edu.ph/hinilawod-epic-chant-recordings-secured-in-unescos-memory-of-the-world-registry/",
        "citation": "Memory of the World Committee for Asia and the Pacific. Hinilawod Epic Chant Recordings (2024). https://www.mowcapunesco.org/register/hinilawod-epic-chant-recordings-2024/",
        "access_notes": "Digitized and curated by the University of the Philippines Center for Ethnomusicology; original tapes held at Central Philippine University, Iloilo City.",
        "archive_type": "university or research institute",
        "verification_status": "partially_verified",
        "provenance": "v0.1 seed dataset, maintainer-curated from the holding institution's public page.",
        "date_added": "2026-09-01",
        "iso3166_1_alpha2": "PH",
        "region": "Asia",
        "subregion": "South-eastern Asia",
        "theme_groups": [
          "Oral tradition & folklore"
        ]
      }
    },
    {
      "type": "Feature",
      "id": "MV-000185",
      "geometry": {
        "type": "Point",
        "coordinates": [
          101.674,
          3.172
        ]
      },
      "properties": {
        "id": "malaysia-arkib-negara-oral-history",
        "mv_id": "MV-000185",
        "title": "National Archives of Malaysia Oral History Programme",
        "archive": "National Archives of Malaysia (Arkib Negara Malaysia)",
        "country": "Malaysia",
        "languages": [
          "Malay"
        ],
        "themes": [
          "oral tradition",
          "history",
          "community memory"
        ],
        "decade_start": 1963,
        "decade_end": null,
        "summary": "Malaysia's national archives has run an oral history programme since 1963, one of the earliest in Southeast Asia, housed within its Documentation and Publication section; interviews recorded through the programme have been used extensively in local historical publications since the 1980s.",
        "url": "https://www.arkib.gov.my/en/",
        "access_notes": "Registration required for full access; short audio excerpts viewable online via the Archives' Online Finding Aid at ofa.arkib.gov.my.",
        "access": "registration required",
        "archive_type": "national archive or library",
        "verification_status": "partially_verified",
        "provenance": "v0.1 seed dataset, maintainer-curated from the holding institution's public page.",
        "date_added": "2026-09-01",
        "iso3166_1_alpha2": "MY",
        "region": "Asia",
        "subregion": "South-eastern Asia",
        "theme_groups": [
          "History & politics",
          "Memory & community",
          "Oral tradition & folklore"
        ]
      }
    },
    {
      "type": "Feature",
      "id": "MV-000186",
      "geometry": {
        "type": "Point",
        "coordinates": [
          147.1908,
          -9.4707
        ]
      },
      "properties": {
        "id": "png-ipngs-music-archive",
        "mv_id": "MV-000186",
        "title": "IPNGS Music Archive",
        "archive": "Institute of Papua New Guinea Studies (IPNGS)",
        "country": "Papua New Guinea",
        "languages": [
          "Multiple languages"
        ],
        "language_note": "multiple Papua New Guinean languages",
        "themes": [
          "ethnomusicology",
          "music",
          "folklife"
        ],
        "decade_start": 1898,
        "decade_end": null,
        "summary": "A government-funded cultural research institute established in 1974 whose Music Archive holds the world's largest collection of Papua New Guinean music recordings and documentation: more than 6,700 collections totalling roughly 12,000 hours of tape, cassette, and digital recordings, including early wax-cylinder and shellac recordings dating to 1898 repatriated from European archives.",
        "url": "https://www.ipngs.gov.pg/",
        "access_notes": "Access to the archive is by application to IPNGS in Port Moresby.",
        "access": "on request",
        "archive_type": "university or research institute",
        "verification_status": "partially_verified",
        "provenance": "v0.1 seed dataset, maintainer-curated from the holding institution's public page.",
        "date_added": "2026-09-01",
        "iso3166_1_alpha2": "PG",
        "region": "Oceania",
        "subregion": "Melanesia",
        "theme_groups": [
          "Music, performance & broadcasting",
          "Oral tradition & folklore"
        ]
      }
    },
    {
      "type": "Feature",
      "id": "MV-000187",
      "geometry": {
        "type": "Point",
        "coordinates": [
          159.9498,
          -9.428
        ]
      },
      "properties": {
        "id": "solomon-islands-national-museum-tapes",
        "mv_id": "MV-000187",
        "title": "Solomon Islands National Museum Analog Tape Collection",
        "archive": "Solomon Islands Archives and National Museum",
        "country": "Solomon Islands",
        "languages": [
          "Multiple languages"
        ],
        "language_note": "multiple Solomon Islands languages",
        "themes": [
          "language documentation",
          "folklife",
          "oral tradition"
        ],
        "decade_start": 1970,
        "decade_end": null,
        "summary": "Around 200 analog tapes held by the Solomon Islands National Museum contain field recordings in local languages and recordings of customary knowledge made from the 1970s by Solomon Islands government agencies and visiting researchers, covering many of the country's 74 languages, several with few remaining speakers.",
        "url": "https://eap.bl.uk/project/EAP693",
        "citation": "Endangered Archives Programme, British Library. EAP693: Preservation of Solomon Islands analog recordings.",
        "access_notes": "Digitized copies deposited with the Solomon Islands National Museum, PARADISEC, and the British Library; originals remain in Honiara.",
        "verification_status": "partially_verified",
        "provenance": "v0.1 seed dataset, maintainer-curated from the holding institution's public page.",
        "date_added": "2026-09-01",
        "iso3166_1_alpha2": "SB",
        "region": "Oceania",
        "subregion": "Melanesia",
        "theme_groups": [
          "Language & linguistics",
          "Oral tradition & folklore"
        ]
      }
    },
    {
      "type": "Feature",
      "id": "MV-000188",
      "geometry": {
        "type": "Point",
        "coordinates": [
          158.2075,
          6.96
        ]
      },
      "properties": {
        "id": "fsm-micsem-music-archive",
        "mv_id": "MV-000188",
        "title": "MicSem Music Collection",
        "archive": "Micronesian Seminar (MicSem)",
        "country": "Federated States of Micronesia",
        "languages": [
          "Multiple languages"
        ],
        "language_note": "multiple Micronesian languages",
        "themes": [
          "ethnomusicology",
          "music",
          "folklife"
        ],
        "decade_start": 1950,
        "decade_end": 1990,
        "summary": "MicSem, a Catholic Church-founded research and public education organization based in Pohnpei since 1992, holds a digitized collection of over 20,000 tracks of Micronesian music, including recordings gathered from government radio stations across Chuuk, Pohnpei, Kosrae, Yap, the Marshall Islands, and Palau dating from the 1950s onward, searchable through its own website.",
        "url": "https://micsem.org/music/music-listing/",
        "access_notes": "Music listings and audio streams are freely browsable on the MicSem website.",
        "access": "open online",
        "verification_status": "partially_verified",
        "provenance": "v0.1 seed dataset, maintainer-curated from the holding institution's public page.",
        "date_added": "2026-09-01",
        "iso3166_1_alpha2": "FM",
        "region": "Oceania",
        "subregion": "Micronesia",
        "theme_groups": [
          "Music, performance & broadcasting",
          "Oral tradition & folklore"
        ]
      }
    },
    {
      "type": "Feature",
      "id": "MV-000189",
      "geometry": {
        "type": "Point",
        "coordinates": [
          171.38,
          7.105
        ]
      },
      "properties": {
        "id": "marshall-islands-alele-museum-archive",
        "mv_id": "MV-000189",
        "title": "Alele Museum Audio-Visual Collection",
        "archive": "Alele Museum, Public Library and National Archives",
        "country": "Marshall Islands",
        "languages": [
          "Marshallese"
        ],
        "themes": [
          "folklife",
          "oral tradition",
          "community memory"
        ],
        "decade_start": 1980,
        "decade_end": 1999,
        "summary": "The Marshall Islands' national museum, library, and archive holds a video and audio collection including local television programs, traditional stories and proverbs, and community event recordings from the 1980s and 1990s, some documenting traditions no longer held by living community members.",
        "url": "https://www.alele.org/",
        "access_notes": "Located in Majuro; the archive functions as the country's designated national archives.",
        "verification_status": "partially_verified",
        "provenance": "v0.1 seed dataset, maintainer-curated from the holding institution's public page.",
        "date_added": "2026-09-01",
        "iso3166_1_alpha2": "MH",
        "region": "Oceania",
        "subregion": "Micronesia",
        "theme_groups": [
          "Memory & community",
          "Oral tradition & folklore"
        ]
      }
    },
    {
      "type": "Feature",
      "id": "MV-000190",
      "geometry": {
        "type": "Point",
        "coordinates": [
          85.3247,
          27.671
        ]
      },
      "properties": {
        "id": "nepal-madan-puraskar-pustakalaya-audio",
        "mv_id": "MV-000190",
        "title": "Madan Puraskar Pustakalaya Audio-Visual Collection",
        "archive": "Madan Puraskar Pustakalaya",
        "country": "Nepal",
        "languages": [
          "Nepali"
        ],
        "themes": [
          "oral tradition",
          "linguistics",
          "folklife"
        ],
        "decade_start": 1955,
        "decade_end": null,
        "summary": "Nepal's principal Nepali-language library and archive, founded in 1955, holds an audio-visual collection of roughly 750 items including oral testimonies, an audio corpus of Nepali speech, transcribed radio interviews, and recorded voices of Nepali writers.",
        "url": "https://madanpuraskar.org/collection-development-2/",
        "access_notes": "Materials are held at the library's premises in Patan, Lalitpur; researchers should contact the library directly for access.",
        "access": "on request",
        "verification_status": "partially_verified",
        "provenance": "v0.1 seed dataset, maintainer-curated from the holding institution's public page.",
        "date_added": "2026-09-01",
        "iso3166_1_alpha2": "NP",
        "region": "Asia",
        "subregion": "Southern Asia",
        "theme_groups": [
          "Language & linguistics",
          "Oral tradition & folklore"
        ]
      }
    },
    {
      "type": "Feature",
      "id": "MV-000191",
      "geometry": {
        "type": "Point",
        "coordinates": [
          79.863,
          6.9066
        ]
      },
      "properties": {
        "id": "sri-lanka-national-library-folklore-collection",
        "mv_id": "MV-000191",
        "title": "Folklore Collection",
        "archive": "National Library of Sri Lanka",
        "country": "Sri Lanka",
        "languages": [
          "Sinhala",
          "Tamil"
        ],
        "themes": [
          "folklore",
          "oral tradition"
        ],
        "decade_start": 1990,
        "decade_end": null,
        "summary": "Sri Lanka's national library maintains a dedicated Folklore Collection documenting Sinhala and Tamil oral traditions, folk literature, and related documentary heritage as part of its national holdings.",
        "url": "http://www.natlib.lk/index.php/folklore-collection",
        "access_notes": "Located in Colombo; materials accessible on-site as part of the library's reference collection.",
        "access": "on site only",
        "archive_type": "national archive or library",
        "verification_status": "partially_verified",
        "verification_note": "Source URL returned 404 in the 2026-09-21 link check; site restructured. Scope (manuscripts vs. recordings) needs curator review.",
        "provenance": "v0.1 seed dataset, maintainer-curated from the holding institution's public page.",
        "date_added": "2026-09-01",
        "iso3166_1_alpha2": "LK",
        "region": "Asia",
        "subregion": "Southern Asia",
        "theme_groups": [
          "Oral tradition & folklore"
        ]
      }
    },
    {
      "type": "Feature",
      "id": "MV-000192",
      "geometry": {
        "type": "Point",
        "coordinates": [
          -73.9836,
          40.7485
        ]
      },
      "properties": {
        "id": "activist-women-s-voices",
        "mv_id": "MV-000192",
        "title": "Activist Women's Voices",
        "archive": "Activist Women's Voices",
        "country": "United States",
        "languages": [
          "English"
        ],
        "themes": [
          "women's history",
          "community memory",
          "oral tradition"
        ],
        "decade_start": 1995,
        "decade_end": null,
        "summary": "An oral history project documenting 35 women activists from community-based organizations in the New York City area, representing Arab-American, Haitian, Hispanic, African-American, and Asian-American communities. The collection covers the period from 1995 to 2000 and is held at the Mina Rees Library at CUNY Graduate Center.",
        "url": "https://gc.cuny.edu/Page-Elements/Academics-Research-Centers-Initiatives/Centers-and-Institutes/Center-for-the-Study-of-Women-and-Society/Research-Projects",
        "citation": "Activist Women's Voices. Retrieved from https://gc.cuny.edu/Page-Elements/Academics-Research-Centers-Initiatives/Centers-and-Institutes/Center-for-the-Study-of-Women-and-Society/Research-Projects.",
        "related_ids": [
          "lesbian-herstory-archives",
          "jewish-womens-archive-weaving-words",
          "nmai-archive-center"
        ],
        "preview_url": null,
        "verification_status": "partially_verified",
        "verification_note": "Languages inferred from country and subject; not stated by the source.",
        "provenance": "Wikipedia/Wikidata harvest, September 2026 audit (Wikidata Q22906176; URL from wikipedia:infobox). See data/new-entries-provenance.json.",
        "date_added": "2026-09-20",
        "iso3166_1_alpha2": "US",
        "region": "Americas",
        "subregion": "Northern America",
        "theme_groups": [
          "Gender & sexuality",
          "Memory & community",
          "Oral tradition & folklore"
        ]
      }
    },
    {
      "type": "Feature",
      "id": "MV-000193",
      "geometry": {
        "type": "Point",
        "coordinates": [
          -81.6969,
          41.4719
        ]
      },
      "properties": {
        "id": "a-people-s-archive-of-police-violence-in-cleveland",
        "mv_id": "MV-000193",
        "title": "A People's Archive of Police Violence in Cleveland",
        "archive": "A People's Archive of Police Violence in Cleveland",
        "country": "United States",
        "languages": [
          "English"
        ],
        "themes": [
          "community memory",
          "human rights",
          "history"
        ],
        "decade_start": 2015,
        "decade_end": null,
        "summary": "A community-created digital archive launched in 2015 to document experiences of police violence not captured in official narratives. The archive collects photographs and oral testimony from community members via the Omeka platform, grounded in archival activism and community healing from state violence.",
        "url": "https://www.archivingpoliceviolence.org",
        "citation": "A People's Archive of Police Violence in Cleveland. Retrieved from https://www.archivingpoliceviolence.org.",
        "archive_type": "community or independent project",
        "related_ids": [
          "storycorps-national-archive",
          "usc-shoah-foundation-vha",
          "one-archives-usc"
        ],
        "preview_url": null,
        "verification_status": "partially_verified",
        "verification_note": "Languages inferred from country and subject; not stated by the source.",
        "provenance": "Wikipedia/Wikidata harvest, September 2026 audit (Wikidata Q76000748; URL from wikidata:P856). See data/new-entries-provenance.json.",
        "date_added": "2026-09-20",
        "iso3166_1_alpha2": "US",
        "region": "Americas",
        "subregion": "Northern America",
        "theme_groups": [
          "History & politics",
          "Human rights & justice",
          "Memory & community"
        ]
      }
    },
    {
      "type": "Feature",
      "id": "MV-000194",
      "geometry": {
        "type": "Point",
        "coordinates": [
          -77.0227,
          38.8979
        ]
      },
      "properties": {
        "id": "archives-of-american-art",
        "mv_id": "MV-000194",
        "title": "Archives of American Art",
        "archive": "Archives of American Art",
        "country": "United States",
        "languages": [
          "English"
        ],
        "themes": [
          "history"
        ],
        "decade_start": 1954,
        "decade_end": null,
        "summary": "The Archives of American Art holds over 20 million items of primary resources documenting the history of visual arts in the United States, including more than 2,000 art-related oral history interviews. The collection encompasses papers of artists, materials from galleries, dealers, and collectors, and represents all regions of the country across numerous eras and art movements.",
        "url": "https://www.aaa.si.edu/",
        "citation": "Archives of American Art. Retrieved from https://www.aaa.si.edu/.",
        "related_ids": [],
        "preview_url": null,
        "verification_status": "partially_verified",
        "verification_note": "Languages inferred from country and subject; not stated by the source.",
        "provenance": "Wikipedia/Wikidata harvest, September 2026 audit (Wikidata Q2860568; URL from wikidata:P856). See data/new-entries-provenance.json.",
        "date_added": "2026-09-20",
        "iso3166_1_alpha2": "US",
        "region": "Americas",
        "subregion": "Northern America",
        "theme_groups": [
          "History & politics"
        ]
      }
    },
    {
      "type": "Feature",
      "id": "MV-000195",
      "geometry": {
        "type": "Point",
        "coordinates": [
          -77.1015,
          38.8676
        ]
      },
      "properties": {
        "id": "association-for-diplomatic-studies-and-training",
        "mv_id": "MV-000195",
        "title": "Association for Diplomatic Studies and Training",
        "archive": "Association for Diplomatic Studies and Training",
        "country": "United States",
        "languages": [
          "English"
        ],
        "themes": [
          "history",
          "political history"
        ],
        "decade_start": 1986,
        "decade_end": null,
        "summary": "The ADST's Foreign Affairs Oral History program has recorded over 2,600 oral histories by American diplomats. The organization also produces and shares these oral histories and facilitates publication of books about diplomacy by diplomats and others.",
        "url": "https://adst.org",
        "citation": "Association for Diplomatic Studies and Training. Retrieved from https://adst.org.",
        "archive_type": "foundation or nonprofit",
        "related_ids": [],
        "preview_url": null,
        "verification_status": "partially_verified",
        "verification_note": "Languages inferred from country and subject; not stated by the source.",
        "provenance": "Wikipedia/Wikidata harvest, September 2026 audit (Wikidata Q4809439; URL from wikidata:P856). See data/new-entries-provenance.json.",
        "date_added": "2026-09-20",
        "iso3166_1_alpha2": "US",
        "region": "Americas",
        "subregion": "Northern America",
        "theme_groups": [
          "History & politics"
        ]
      }
    },
    {
      "type": "Feature",
      "id": "MV-000196",
      "geometry": {
        "type": "Point",
        "coordinates": [
          -96.7947,
          32.772
        ]
      },
      "properties": {
        "id": "freedom-collection",
        "mv_id": "MV-000196",
        "title": "Freedom Collection",
        "archive": "Freedom Collection",
        "country": "United States",
        "languages": [
          "English",
          "Arabic",
          "Czech",
          "Spanish"
        ],
        "themes": [
          "human rights",
          "political history"
        ],
        "decade_start": 2012,
        "decade_end": null,
        "summary": "Freedom Collection is a digital repository documenting major human rights and freedom movement figures from the 20th and 21st centuries through video interviews and documents. Launched in March 2012 with 56 interviews, it features contributors including former national leaders and civil rights activists from multiple countries. As of 2022, the website had not been updated since 2016 and the YouTube channel since October 2015, with unclear current status.",
        "url": "https://www.bushcenter.org/freedom-collection",
        "citation": "Freedom Collection. Retrieved from https://www.bushcenter.org/freedom-collection.",
        "related_ids": [
          "usc-shoah-foundation-vha",
          "fortunoff-video-archive",
          "armenian-film-foundation"
        ],
        "preview_url": null,
        "verification_status": "partially_verified",
        "verification_note": "Languages inferred from country and subject; not stated by the source.",
        "provenance": "Wikipedia/Wikidata harvest, September 2026 audit (Wikidata Q17014741; URL from wikidata:P856). See data/new-entries-provenance.json.",
        "date_added": "2026-09-20",
        "iso3166_1_alpha2": "US",
        "region": "Americas",
        "subregion": "Northern America",
        "theme_groups": [
          "History & politics",
          "Human rights & justice"
        ]
      }
    },
    {
      "type": "Feature",
      "id": "MV-000197",
      "geometry": {
        "type": "Point",
        "coordinates": [
          13.1198,
          52.3897
        ]
      },
      "properties": {
        "id": "german-broadcasting-archive-deutsches-rundfunkarchiv",
        "mv_id": "MV-000197",
        "title": "German Broadcasting Archive (Deutsches Rundfunkarchiv; DRA)",
        "archive": "German Broadcasting Archive",
        "country": "Germany",
        "languages": [
          "German"
        ],
        "themes": [
          "broadcast history"
        ],
        "decade_start": 1952,
        "decade_end": null,
        "summary": "The DRA is a non-profit foundation supported by ARD that preserves essential aspects of German broadcasting history through sound recordings. It was founded in 1952 as the German sound archive and maintains two locations in Frankfurt am Main and Potsdam-Babelsberg.",
        "url": "https://www.dra.de/",
        "citation": "German Broadcasting Archive. German Broadcasting Archive (Deutsches Rundfunkarchiv; DRA). Retrieved from https://www.dra.de/.",
        "archive_type": "broadcaster",
        "related_ids": [],
        "preview_url": null,
        "verification_status": "partially_verified",
        "verification_note": "Languages inferred from country and subject; not stated by the source.",
        "provenance": "Wikipedia/Wikidata harvest, September 2026 audit (Wikidata Q1205934; URL from wikidata:P856). See data/new-entries-provenance.json.",
        "date_added": "2026-09-20",
        "iso3166_1_alpha2": "DE",
        "region": "Europe",
        "subregion": "Western Europe",
        "theme_groups": [
          "Music, performance & broadcasting"
        ]
      }
    },
    {
      "type": "Feature",
      "id": "MV-000198",
      "geometry": {
        "type": "Point",
        "coordinates": [
          115.861,
          -31.9489
        ]
      },
      "properties": {
        "id": "j-s-battye-library-of-west-australian-history",
        "mv_id": "MV-000198",
        "title": "J. S. Battye Library of West Australian History",
        "archive": "J S Battye Library",
        "country": "Australia",
        "languages": [
          "English"
        ],
        "themes": [
          "history"
        ],
        "decade_start": 1956,
        "decade_end": null,
        "summary": "The J. S. Battye Library is a division of the State Library of Western Australia that holds historical records including oral history tapes, photographs, artworks, films, videos, and non-government records. The library provides reference, copying, genealogical, consultancy, and reader education services.",
        "url": "https://slwa.wa.gov.au/dead_reckoning/battye_library",
        "citation": "J S Battye Library. J. S. Battye Library of West Australian History. Retrieved from https://slwa.wa.gov.au/dead_reckoning/battye_library.",
        "related_ids": [],
        "preview_url": null,
        "verification_status": "partially_verified",
        "verification_note": "Languages inferred from country and subject; not stated by the source.",
        "provenance": "Wikipedia/Wikidata harvest, September 2026 audit (Wikidata Q6109426; URL from wikipedia:infobox). See data/new-entries-provenance.json.",
        "date_added": "2026-09-20",
        "iso3166_1_alpha2": "AU",
        "region": "Oceania",
        "subregion": "Australia and New Zealand",
        "theme_groups": [
          "History & politics"
        ]
      }
    },
    {
      "type": "Feature",
      "id": "MV-000199",
      "geometry": {
        "type": "Point",
        "coordinates": [
          -78.6679,
          35.7868
        ]
      },
      "properties": {
        "id": "moise-a-khayrallah-center-for-lebanese-diaspora",
        "mv_id": "MV-000199",
        "title": "Moise A. Khayrallah Center for Lebanese Diaspora Studies",
        "archive": "Moise A. Khayrallah Center for Lebanese Diaspora Studies",
        "country": "United States",
        "languages": [
          "English",
          "Arabic"
        ],
        "themes": [
          "migration",
          "community memory",
          "history"
        ],
        "decade_start": 2010,
        "decade_end": null,
        "summary": "A research center at North Carolina State University that supports oral history collection and maintains a digital archive of material about the Lebanese diaspora in the US and worldwide. The center has produced documentary and museum exhibition work on Lebanese-American history in North Carolina.",
        "url": "https://lebanesestudies.ncsu.edu/",
        "citation": "Moise A. Khayrallah Center for Lebanese Diaspora Studies. Retrieved from https://lebanesestudies.ncsu.edu/.",
        "archive_type": "university or research institute",
        "related_ids": [
          "saada-archive",
          "immigration-history-research-center-umn",
          "storycorps-national-archive"
        ],
        "preview_url": null,
        "verification_status": "partially_verified",
        "verification_note": "Languages inferred from country and subject; not stated by the source.",
        "provenance": "Wikipedia/Wikidata harvest, September 2026 audit (Wikidata Q22095741; URL from wikidata:P856). See data/new-entries-provenance.json.",
        "date_added": "2026-09-20",
        "iso3166_1_alpha2": "US",
        "region": "Americas",
        "subregion": "Northern America",
        "theme_groups": [
          "History & politics",
          "Memory & community",
          "Migration & displacement"
        ]
      }
    },
    {
      "type": "Feature",
      "id": "MV-000200",
      "geometry": {
        "type": "Point",
        "coordinates": [
          -159.7755,
          -21.2082
        ]
      },
      "properties": {
        "id": "national-archives-of-the-cook-islands",
        "mv_id": "MV-000200",
        "title": "National Archives of the Cook Islands",
        "archive": "National Archives of the Cook Islands",
        "country": "Cook Islands",
        "languages": [
          "Cook Islands Māori",
          "English"
        ],
        "themes": [
          "oral tradition",
          "indigenous history"
        ],
        "decade_start": 1974,
        "decade_end": null,
        "summary": "The National Archives of the Cook Islands was established in 1974 to preserve government records, cultural materials, and oral traditions. It holds a collection of over 4,000 images of the Cook Islands from the 1950s from the Donald Stanley Marshall collection.",
        "url": "https://www.culture.gov.ck/category/national-archives/",
        "citation": "National Archives of the Cook Islands. Retrieved from https://www.culture.gov.ck/category/national-archives/.",
        "archive_type": "national archive or library",
        "related_ids": [],
        "preview_url": null,
        "verification_status": "partially_verified",
        "verification_note": "Languages inferred from country and subject; not stated by the source.",
        "provenance": "Wikipedia/Wikidata harvest, September 2026 audit (Wikidata Q16893043; URL from wikidata:P856). See data/new-entries-provenance.json.",
        "date_added": "2026-09-20",
        "iso3166_1_alpha2": "CK",
        "region": "Oceania",
        "subregion": "Polynesia",
        "theme_groups": [
          "Colonialism & Indigenous histories",
          "Oral tradition & folklore"
        ]
      }
    },
    {
      "type": "Feature",
      "id": "MV-000201",
      "geometry": {
        "type": "Point",
        "coordinates": [
          -113.9931,
          46.8722
        ]
      },
      "properties": {
        "id": "national-smokejumper-association",
        "mv_id": "MV-000201",
        "title": "National Smokejumper Association",
        "archive": "National Smokejumper Association",
        "country": "United States",
        "languages": [
          "English"
        ],
        "themes": [
          "history",
          "labor history"
        ],
        "decade_start": 1993,
        "decade_end": null,
        "summary": "The NSA preserves the history of smokejumping and aerial fire management through interviews, rosters, photographs, films, letters, reports and publications. It serves as a meeting area for people involved in wildland firefighting and supports preservation of national forests and grasslands.",
        "url": "https://smokejumpers.com/",
        "citation": "National Smokejumper Association. Retrieved from https://smokejumpers.com/.",
        "archive_type": "foundation or nonprofit",
        "related_ids": [],
        "preview_url": null,
        "verification_status": "partially_verified",
        "verification_note": "Languages inferred from country and subject; not stated by the source.",
        "provenance": "Wikipedia/Wikidata harvest, September 2026 audit (Wikidata Q6978470; URL from wikidata:P856). See data/new-entries-provenance.json.",
        "date_added": "2026-09-20",
        "iso3166_1_alpha2": "US",
        "region": "Americas",
        "subregion": "Northern America",
        "theme_groups": [
          "History & politics",
          "Labor"
        ]
      }
    },
    {
      "type": "Feature",
      "id": "MV-000202",
      "geometry": {
        "type": "Point",
        "coordinates": [
          2.353,
          48.8581
        ]
      },
      "properties": {
        "id": "pangloss-collection",
        "mv_id": "MV-000202",
        "title": "Pangloss Collection",
        "archive": "Pangloss Collection",
        "country": "France",
        "languages": [
          "Multiple languages"
        ],
        "language_note": "about 170 languages, mostly of small, often endangered speech communities",
        "themes": [
          "language documentation"
        ],
        "decade_start": 1996,
        "decade_end": null,
        "summary": "The Pangloss Collection is a digital library developed by the LACITO centre of CNRS in Paris that stores audio recordings in endangered languages from all continents. It provides free online access to documents of connected, spontaneous speech in little-documented languages.",
        "url": "https://pangloss.cnrs.fr/",
        "citation": "Pangloss Collection. Retrieved from https://pangloss.cnrs.fr/.",
        "related_ids": [
          "institut-kurde-paris"
        ],
        "preview_url": null,
        "verification_status": "partially_verified",
        "provenance": "Wikipedia/Wikidata harvest, September 2026 audit (Wikidata Q6468667; URL from wikidata:P856). See data/new-entries-provenance.json.",
        "date_added": "2026-09-20",
        "iso3166_1_alpha2": "FR",
        "region": "Europe",
        "subregion": "Western Europe",
        "theme_groups": [
          "Language & linguistics"
        ]
      }
    },
    {
      "type": "Feature",
      "id": "MV-000203",
      "geometry": {
        "type": "Point",
        "coordinates": [
          -76.6146,
          39.2815
        ]
      },
      "properties": {
        "id": "preserve-the-baltimore-uprising",
        "mv_id": "MV-000203",
        "title": "Preserve the Baltimore Uprising",
        "archive": "Preserve the Baltimore Uprising",
        "country": "United States",
        "languages": [
          "English"
        ],
        "themes": [
          "community memory",
          "history",
          "human rights",
          "political history"
        ],
        "decade_start": 2015,
        "decade_end": null,
        "historical_period_start": 2015,
        "historical_period_end": 2015,
        "summary": "A crowd-sourced digital archive preserving media created by people and organizations involved in or witnessing the 2015 Baltimore protests following Freddie Gray's death. As of 2018, the collection held over 3,000 documents including images and oral histories, with materials portraying diverse perspectives on the events.",
        "url": "https://baltimoreuprising2015.org/",
        "citation": "Preserve the Baltimore Uprising. Retrieved from https://baltimoreuprising2015.org/.",
        "related_ids": [
          "storycorps-national-archive",
          "usc-shoah-foundation-vha",
          "one-archives-usc"
        ],
        "preview_url": null,
        "verification_status": "partially_verified",
        "verification_note": "Languages inferred from country and subject; not stated by the source.",
        "provenance": "Wikipedia/Wikidata harvest, September 2026 audit (Wikidata Q96400016; URL from wikipedia:infobox). See data/new-entries-provenance.json.",
        "date_added": "2026-09-20",
        "iso3166_1_alpha2": "US",
        "region": "Americas",
        "subregion": "Northern America",
        "theme_groups": [
          "History & politics",
          "Human rights & justice",
          "Memory & community"
        ]
      }
    },
    {
      "type": "Feature",
      "id": "MV-000204",
      "geometry": {
        "type": "Point",
        "coordinates": [
          -118.232,
          34.0492
        ]
      },
      "properties": {
        "id": "the-interviews-an-oral-history-of-television",
        "mv_id": "MV-000204",
        "title": "The Interviews: An Oral History of Television",
        "archive": "The Interviews: An Oral History of Television",
        "country": "United States",
        "languages": [
          "English"
        ],
        "themes": [
          "broadcast history"
        ],
        "decade_start": 1997,
        "decade_end": null,
        "summary": "A project of the Academy of Television Arts & Sciences Foundation that records videotaped interviews with television pioneers and industry professionals. The archive has interviewed over 950 people and posted over 900 interviews online, covering actors, producers, newscasters, and executives from all Emmy-recognized television professions.",
        "url": "https://interviews.televisionacademy.com/",
        "citation": "The Interviews: An Oral History of Television. Retrieved from https://interviews.televisionacademy.com/.",
        "related_ids": [],
        "preview_url": null,
        "verification_status": "partially_verified",
        "verification_note": "Languages inferred from country and subject; not stated by the source.",
        "provenance": "Wikipedia/Wikidata harvest, September 2026 audit (Wikidata Q4787268; URL from wikidata:P856). See data/new-entries-provenance.json.",
        "date_added": "2026-09-20",
        "iso3166_1_alpha2": "US",
        "region": "Americas",
        "subregion": "Northern America",
        "theme_groups": [
          "Music, performance & broadcasting"
        ]
      }
    },
    {
      "type": "Feature",
      "id": "MV-000205",
      "geometry": {
        "type": "Point",
        "coordinates": [
          -118.232,
          34.0492
        ]
      },
      "properties": {
        "id": "the-outwords-archive",
        "mv_id": "MV-000205",
        "title": "The Outwords Archive",
        "archive": "The OUTWORDS Archive",
        "country": "United States",
        "languages": [
          "English"
        ],
        "themes": [
          "community memory",
          "human rights"
        ],
        "decade_start": 2016,
        "decade_end": null,
        "summary": "The Outwords Archive records on-camera interviews with elders from the LGBTQ+ community throughout the United States. The nonprofit's stated mission is to capture, preserve, and share the stories of LGBTQIA2S+ elders to build community and catalyze social change. Their digital collection is made available to the public for free through their website.",
        "url": "https://www.theoutwordsarchive.org/",
        "citation": "The OUTWORDS Archive. The Outwords Archive. Retrieved from https://www.theoutwordsarchive.org/.",
        "related_ids": [
          "storycorps-national-archive",
          "usc-shoah-foundation-vha",
          "one-archives-usc"
        ],
        "preview_url": null,
        "verification_status": "partially_verified",
        "verification_note": "Languages inferred from country and subject; not stated by the source.",
        "provenance": "Wikipedia/Wikidata harvest, September 2026 audit (Wikidata Q65089759; URL from wikidata:P856). See data/new-entries-provenance.json.",
        "date_added": "2026-09-20",
        "iso3166_1_alpha2": "US",
        "region": "Americas",
        "subregion": "Northern America",
        "theme_groups": [
          "Human rights & justice",
          "Memory & community"
        ]
      }
    },
    {
      "type": "Feature",
      "id": "MV-000206",
      "geometry": {
        "type": "Point",
        "coordinates": [
          18.4285,
          43.862
        ]
      },
      "properties": {
        "id": "war-childhood-museum",
        "mv_id": "MV-000206",
        "title": "War Childhood Museum",
        "archive": "War Childhood Museum",
        "country": "Bosnia and Herzegovina",
        "languages": [
          "Bosnian"
        ],
        "themes": [
          "war and conflict",
          "community memory",
          "everyday life"
        ],
        "decade_start": 2010,
        "decade_end": null,
        "historical_period_start": 1992,
        "historical_period_end": 1995,
        "summary": "The War Childhood Museum in Sarajevo collects and presents the memories of children who lived through the Bosnian war, gathered initially through an online platform that received over 1,000 submissions from young adults. The museum displays these recollections through objects, video testimonies, and oral history excerpts.",
        "url": "https://warchildhood.org/",
        "citation": "War Childhood Museum. Retrieved from https://warchildhood.org/.",
        "archive_type": "museum",
        "related_ids": [],
        "preview_url": null,
        "verification_status": "partially_verified",
        "verification_note": "Languages inferred from country and subject; not stated by the source.",
        "provenance": "Wikipedia/Wikidata harvest, September 2026 audit (Wikidata Q28654544; URL from wikidata:P856). See data/new-entries-provenance.json.",
        "date_added": "2026-09-20",
        "iso3166_1_alpha2": "BA",
        "region": "Europe",
        "subregion": "Southern Europe",
        "theme_groups": [
          "Memory & community",
          "War & conflict"
        ]
      }
    },
    {
      "type": "Feature",
      "id": "MV-000207",
      "geometry": {
        "type": "Point",
        "coordinates": [
          16.3487,
          48.1923
        ]
      },
      "properties": {
        "id": "osterreichische-mediathek",
        "mv_id": "MV-000207",
        "title": "Österreichische Mediathek",
        "archive": "Österreichische Mediathek",
        "country": "Austria",
        "languages": [
          "German"
        ],
        "themes": [
          "history"
        ],
        "decade_start": 1960,
        "decade_end": null,
        "summary": "The Österreichische Mediathek is the Austrian archive for sound recordings and videos documenting cultural and contemporary history. Founded in 1960 as the Österreichische Phonothek by the Ministry of Education, it has been a branch of the Vienna Technical Museum since 2001. It is responsible for preserving Austrian audio-visual cultural heritage, excluding film on photographic carrier material and photography.",
        "url": "https://www.mediathek.at/",
        "citation": "Österreichische Mediathek. Retrieved from https://www.mediathek.at/.",
        "related_ids": [],
        "preview_url": null,
        "verification_status": "partially_verified",
        "verification_note": "Languages inferred from country and subject; not stated by the source.",
        "provenance": "Wikipedia/Wikidata harvest, September 2026 audit (Wikidata Q303798; URL from wikidata:P856). See data/new-entries-provenance.json.",
        "date_added": "2026-09-20",
        "iso3166_1_alpha2": "AT",
        "region": "Europe",
        "subregion": "Western Europe",
        "theme_groups": [
          "History & politics"
        ]
      }
    },
    {
      "type": "Feature",
      "id": "MV-000208",
      "geometry": {
        "type": "Point",
        "coordinates": [
          -72.9,
          41.3304
        ]
      },
      "properties": {
        "id": "oral-history-of-american-music",
        "mv_id": "MV-000208",
        "title": "Oral History of American Music",
        "archive": "Oral History of American Music",
        "country": "United States",
        "languages": [
          "English"
        ],
        "themes": [
          "music"
        ],
        "decade_start": 1969,
        "decade_end": null,
        "summary": "An oral history project and archive of audio and video recordings consisting mainly of interviews with American classical and jazz musicians. Currently holds approximately 3,000 interviews with more than 900 subjects and is considered the definitive collection of its kind. Housed as a special collection of the Irving S. Gilmore Music Library at Yale University.",
        "url": "https://library.yale.edu/visit-and-study/libraries-locations/gilmore-music-library/oral-history-american-music",
        "citation": "Oral History of American Music. Retrieved from https://library.yale.edu/visit-and-study/libraries-locations/gilmore-music-library/oral-history-american-music.",
        "related_ids": [
          "ralph-rinzler-folklife-archives",
          "association-cultural-equity-lomax"
        ],
        "preview_url": null,
        "verification_status": "partially_verified",
        "verification_note": "Languages inferred from country and subject; not stated by the source.",
        "provenance": "Wikipedia/Wikidata harvest, September 2026 audit (Wikidata Q22095677; URL from wikidata:P856). See data/new-entries-provenance.json.",
        "date_added": "2026-09-20",
        "iso3166_1_alpha2": "US",
        "region": "Americas",
        "subregion": "Northern America",
        "theme_groups": [
          "Music, performance & broadcasting"
        ]
      }
    },
    {
      "type": "Feature",
      "id": "MV-000209",
      "geometry": {
        "type": "Point",
        "coordinates": [
          -77.0114,
          38.9015
        ]
      },
      "properties": {
        "id": "slave-narratives-a-folk-history-of-slavery-in-the",
        "mv_id": "MV-000209",
        "title": "Slave Narratives: A Folk History of Slavery in the United States",
        "archive": "Slave Narrative Collection",
        "country": "United States",
        "languages": [
          "English"
        ],
        "themes": [
          "oral tradition",
          "history",
          "community memory",
          "folklife"
        ],
        "decade_start": 1936,
        "decade_end": null,
        "summary": "A collection of oral histories and photographs from formerly enslaved people gathered by the Federal Writers' Project across seventeen states from 1936 to 1939. The collection contains more than 10,000 typed pages representing more than 2,000 interviews, now in the public domain and digitized. The Library of Congress holds digitized audio recordings from the project.",
        "url": "https://www.loc.gov/collections/slave-narratives-from-the-federal-writers-project-1936-to-1938/articles-and-essays/introduction-to-the-wpa-slave-narratives/wpa-and-the-slave-narrative-collection/",
        "citation": "Slave Narrative Collection. Slave Narratives: A Folk History of Slavery in the United States. Retrieved from https://www.loc.gov/collections/slave-narratives-from-the-federal-writers-project-1936-to-1938/articles-and-essays/introduction-to-the-wpa-slave-narratives/wpa-and-the-slave-narrative-collection/.",
        "related_ids": [
          "ralph-rinzler-folklife-archives",
          "association-cultural-equity-lomax",
          "nmai-archive-center"
        ],
        "preview_url": null,
        "verification_status": "partially_verified",
        "verification_note": "Languages inferred from country and subject; not stated by the source.",
        "provenance": "Wikipedia/Wikidata harvest, September 2026 audit (Wikidata Q7539156; URL from wikipedia:infobox). See data/new-entries-provenance.json.",
        "date_added": "2026-09-20",
        "iso3166_1_alpha2": "US",
        "region": "Americas",
        "subregion": "Northern America",
        "theme_groups": [
          "History & politics",
          "Memory & community",
          "Oral tradition & folklore"
        ]
      }
    },
    {
      "type": "Feature",
      "id": "MV-000210",
      "geometry": {
        "type": "Point",
        "coordinates": [
          31.2,
          -26.4667
        ]
      },
      "properties": {
        "id": "swaziland-oral-history-project",
        "mv_id": "MV-000210",
        "title": "Swaziland Oral History Project",
        "archive": "University of Cape Town Libraries (Emandulo digital collections)",
        "country": "Eswatini",
        "languages": [
          "Swazi",
          "English"
        ],
        "language_note": "Interviews mainly in siSwati; a selection transcribed and translated into English.",
        "themes": [
          "oral tradition",
          "history",
          "indigenous history"
        ],
        "decade_start": 1985,
        "decade_end": null,
        "summary": "The Swaziland Oral History Project is a research and archival initiative that collects, preserves, transcribes and translates oral histories, clan genealogies and testimonies of Swazi elders, with particular attention to precolonial history of the Swazi kingdom. Materials were developed through cooperation between Swazi archivists, elders and professional historians, and were also transferred to the Historical Papers Research Archive at the University of the Witwatersrand in South Africa.",
        "url": "https://emandulo.apc.uct.ac.za/metadata/SWOHP/index.html",
        "citation": "University of Cape Town Libraries (Emandulo digital collections). Swaziland Oral History Project. Retrieved from https://emandulo.apc.uct.ac.za/metadata/SWOHP/index.html.",
        "archive_type": "university or research institute",
        "related_ids": [],
        "preview_url": null,
        "verification_status": "partially_verified",
        "provenance": "Wikipedia/Wikidata harvest, September 2026 audit (Wikidata Q137572000; URL from wikipedia:infobox). See data/new-entries-provenance.json.",
        "date_added": "2026-09-20",
        "iso3166_1_alpha2": "SZ",
        "region": "Africa",
        "subregion": "Sub-Saharan Africa",
        "theme_groups": [
          "Colonialism & Indigenous histories",
          "History & politics",
          "Oral tradition & folklore"
        ]
      }
    },
    {
      "type": "Feature",
      "id": "MV-000211",
      "geometry": {
        "type": "Point",
        "coordinates": [
          7.5886,
          47.5596
        ]
      },
      "properties": {
        "id": "schweizerisches-volksliedarchiv",
        "mv_id": "MV-000211",
        "title": "Schweizerisches Volksliedarchiv (Swiss Folk Song Archive)",
        "archive": "Empirische Kulturwissenschaft Schweiz (formerly Swiss Society for Folklore), Basel",
        "country": "Switzerland",
        "languages": [
          "Multiple languages"
        ],
        "language_note": "Swiss folk song; the source does not list the languages or dialects of the recordings.",
        "themes": [
          "music",
          "folklore",
          "oral tradition"
        ],
        "decade_start": 1906,
        "decade_end": null,
        "summary": "Founded in 1906 by the Swiss Society for Folklore to collect and study Swiss folk song, the archive in Basel holds song collections alongside sound recordings, including historical field recordings and some 400 records and tapes from the Armin Breu collection; its tape recordings were transferred to digital formats between 1998 and 2000.",
        "url": "https://volksliedarchiv.ch/",
        "citation": "Empirische Kulturwissenschaft Schweiz (formerly Swiss Society for Folklore), Basel. Schweizerisches Volksliedarchiv (Swiss Folk Song Archive). Retrieved from https://volksliedarchiv.ch/.",
        "verification_status": "partially_verified",
        "verification_note": "Recording languages not stated by the source.",
        "provenance": "Review-queue lead from the September 2026 Wikipedia/Wikidata harvest (docs/review-queue.csv), completed by search-based research on 2026-09-27; evidence in data/review-log.json.",
        "date_added": "2026-09-27",
        "iso3166_1_alpha2": "CH",
        "region": "Europe",
        "subregion": "Western Europe",
        "theme_groups": [
          "Music, performance & broadcasting",
          "Oral tradition & folklore"
        ]
      }
    },
    {
      "type": "Feature",
      "id": "MV-000212",
      "geometry": {
        "type": "Point",
        "coordinates": [
          32.8597,
          39.9334
        ]
      },
      "properties": {
        "id": "uysal-walker-archive-turkish-oral-narrative",
        "mv_id": "MV-000212",
        "title": "Uysal–Walker Archive of Turkish Oral Narrative",
        "archive": "Southwest Collection/Special Collections Library, Texas Tech University",
        "country": "Turkey",
        "languages": [
          "Turkish",
          "English"
        ],
        "language_note": "Tales recorded in Turkish; about 2,000 translated into English by native Turkish speakers.",
        "themes": [
          "oral tradition",
          "folklore",
          "music"
        ],
        "decade_start": 1961,
        "decade_end": null,
        "summary": "Folktales and other oral narratives collected in Turkey from 1961 by Ahmet E. Uysal, Warren S. Walker and Barbara K. Walker and donated to Texas Tech University in 1980. The archive's site offers transcriptions and English translations of some 2,000 tales, audio recordings, and over forty hours of Turkish folk music.",
        "url": "https://www.aton.ttu.edu/",
        "citation": "Southwest Collection/Special Collections Library, Texas Tech University. Uysal–Walker Archive of Turkish Oral Narrative. Retrieved from https://www.aton.ttu.edu/.",
        "archive_type": "university or research institute",
        "verification_status": "partially_verified",
        "verification_note": "End year of collecting not stated by the source; decade_end left open.",
        "provenance": "Review-queue lead from the September 2026 Wikipedia/Wikidata harvest (docs/review-queue.csv), completed by search-based research on 2026-09-27; evidence in data/review-log.json.",
        "date_added": "2026-09-27",
        "iso3166_1_alpha2": "TR",
        "region": "Asia",
        "subregion": "Western Asia",
        "theme_groups": [
          "Music, performance & broadcasting",
          "Oral tradition & folklore"
        ]
      }
    },
    {
      "type": "Feature",
      "id": "MV-000213",
      "geometry": {
        "type": "Point",
        "coordinates": [
          -123.3675,
          48.4198
        ]
      },
      "properties": {
        "id": "bc-archives-sound-heritage-series",
        "mv_id": "MV-000213",
        "title": "Sound Heritage Series sound programs",
        "archive": "BC Archives, Royal BC Museum",
        "country": "Canada",
        "languages": [
          "English"
        ],
        "themes": [
          "history",
          "social history",
          "community memory"
        ],
        "decade_start": 1976,
        "decade_end": 1983,
        "summary": "Twenty documentary sound programs produced by the Provincial Archives of British Columbia's Aural History Programme to accompany its Sound Heritage publications (1976–1983), built from excerpts of oral history interviews in the archives' collection. The materials are held by the Royal BC Museum, which merged with the provincial archives in 2003.",
        "url": "https://search-bcarchives.royalbcmuseum.bc.ca/sound-heritage-series-sound-programs",
        "citation": "BC Archives, Royal BC Museum. Sound Heritage Series sound programs. Retrieved from https://search-bcarchives.royalbcmuseum.bc.ca/sound-heritage-series-sound-programs.",
        "verification_status": "partially_verified",
        "verification_note": "Languages inferred from country and subject; not stated by the source.",
        "provenance": "Review-queue lead from the September 2026 Wikipedia/Wikidata harvest (docs/review-queue.csv), completed by search-based research on 2026-09-27; evidence in data/review-log.json.",
        "date_added": "2026-09-27",
        "iso3166_1_alpha2": "CA",
        "region": "Americas",
        "subregion": "Northern America",
        "theme_groups": [
          "History & politics",
          "Memory & community"
        ]
      }
    },
    {
      "type": "Feature",
      "id": "MV-000214",
      "geometry": {
        "type": "Point",
        "coordinates": [
          51.389,
          35.6892
        ]
      },
      "properties": {
        "id": "fis-oral-history-of-iran",
        "mv_id": "MV-000214",
        "title": "Oral History of Iran",
        "archive": "Foundation for Iranian Studies",
        "country": "Iran",
        "languages": [
          "Persian",
          "English"
        ],
        "language_note": "The foundation lists interviews by language; English interviews were conducted jointly with Columbia University.",
        "themes": [
          "political history",
          "history",
          "national memory"
        ],
        "decade_start": 1982,
        "decade_end": null,
        "summary": "Begun in 1982 by the Bethesda-based Foundation for Iranian Studies, the program recorded structured interviews with about 180 political, diplomatic, cultural and economic figures of Pahlavi-era Iran, both proponents and opponents of the state's decisions. Tapes and transcripts are kept by the foundation; copies of the English interviews are held in Columbia University's Oral History Archives.",
        "url": "https://fis-iran.org/oralhistory/",
        "citation": "Foundation for Iranian Studies. Oral History of Iran. Retrieved from https://fis-iran.org/oralhistory/.",
        "archive_type": "foundation or nonprofit",
        "related_ids": [
          "columbia-oral-history-archives",
          "harvard-iranian-oral-history"
        ],
        "verification_status": "partially_verified",
        "verification_note": "Persian inferred from the foundation's by-language listing; end year not stated by the source.",
        "provenance": "Review-queue lead from the September 2026 Wikipedia/Wikidata harvest (docs/review-queue.csv), completed by search-based research on 2026-09-27; evidence in data/review-log.json.",
        "date_added": "2026-09-27",
        "iso3166_1_alpha2": "IR",
        "region": "Asia",
        "subregion": "Southern Asia",
        "theme_groups": [
          "History & politics",
          "Memory & community"
        ]
      }
    },
    {
      "type": "Feature",
      "id": "MV-000215",
      "geometry": {
        "type": "Point",
        "coordinates": [
          -82.3549,
          29.6436
        ]
      },
      "properties": {
        "id": "samuel-proctor-oral-history-program",
        "mv_id": "MV-000215",
        "title": "Samuel Proctor Oral History Program",
        "archive": "University of Florida",
        "country": "United States",
        "languages": [
          "English"
        ],
        "themes": [
          "history",
          "social history",
          "indigenous history",
          "military history"
        ],
        "decade_start": 1967,
        "decade_end": null,
        "summary": "Founded at the University of Florida in 1967, the program holds more than 10,000 interviews and sound recordings documenting Florida, the U.S. Southeast and beyond, with major projects on Native American, African American, military and county history; about 8,000 are publicly available through UF Digital Collections. Its projects include the Mississippi Freedom Project interviews with civil rights veterans.",
        "url": "https://oral.history.ufl.edu/",
        "citation": "University of Florida. Samuel Proctor Oral History Program. Retrieved from https://oral.history.ufl.edu/.",
        "access_notes": "About 8,000 interviews freely accessible online through UF Digital Collections.",
        "archive_type": "university or research institute",
        "related_ids": [
          "sohp-unc"
        ],
        "verification_status": "partially_verified",
        "verification_note": "Languages inferred from country and subject; not stated by the source.",
        "provenance": "Review-queue lead from the September 2026 Wikipedia/Wikidata harvest (docs/review-queue.csv), completed by search-based research on 2026-09-27; evidence in data/review-log.json.",
        "date_added": "2026-09-27",
        "iso3166_1_alpha2": "US",
        "region": "Americas",
        "subregion": "Northern America",
        "theme_groups": [
          "Colonialism & Indigenous histories",
          "History & politics",
          "War & conflict"
        ]
      }
    },
    {
      "type": "Feature",
      "id": "MV-000216",
      "geometry": {
        "type": "Point",
        "coordinates": [
          -73.9632,
          40.8064
        ]
      },
      "properties": {
        "id": "columbia-oral-history-archives",
        "mv_id": "MV-000216",
        "title": "Oral History Archives at Columbia",
        "archive": "Rare Book & Manuscript Library, Columbia University",
        "country": "United States",
        "languages": [
          "English"
        ],
        "themes": [
          "history",
          "political history",
          "social history"
        ],
        "decade_start": 1948,
        "decade_end": null,
        "summary": "Founded by historian Allan Nevins, who recorded his first interview on 18 May 1948, the archive is widely credited with starting the modern oral history movement. It now holds over 10,000 interviews with people in politics, philanthropy, business, media, medicine, science, law, the military, architecture and the arts, and is open to all at the Rare Book & Manuscript Library.",
        "url": "https://library.columbia.edu/libraries/rbml/collecting/oral-history.html",
        "citation": "Rare Book & Manuscript Library, Columbia University. Oral History Archives at Columbia. Retrieved from https://library.columbia.edu/libraries/rbml/collecting/oral-history.html.",
        "access_notes": "Open to all researchers at the Rare Book & Manuscript Library, Butler Library.",
        "access": "on site only",
        "archive_type": "university or research institute",
        "related_ids": [
          "fis-oral-history-of-iran"
        ],
        "verification_status": "partially_verified",
        "verification_note": "Languages inferred from country and subject; not stated by the source.",
        "provenance": "Review-queue lead from the September 2026 Wikipedia/Wikidata harvest (docs/review-queue.csv), completed by search-based research on 2026-09-27; evidence in data/review-log.json.",
        "date_added": "2026-09-27",
        "iso3166_1_alpha2": "US",
        "region": "Americas",
        "subregion": "Northern America",
        "theme_groups": [
          "History & politics"
        ]
      }
    },
    {
      "type": "Feature",
      "id": "MV-000217",
      "geometry": {
        "type": "Point",
        "coordinates": [
          -122.2585,
          37.8721
        ]
      },
      "properties": {
        "id": "bancroft-oral-history-center",
        "mv_id": "MV-000217",
        "title": "Oral History Center of The Bancroft Library",
        "archive": "Bancroft Library, University of California, Berkeley",
        "country": "United States",
        "languages": [
          "English"
        ],
        "themes": [
          "history",
          "political history",
          "social history"
        ],
        "decade_start": 1954,
        "decade_end": null,
        "summary": "Established in 1954 as the Regional Oral History Office to interview leading figures of the American West — the second university oral history office in the U.S. after Columbia — and renamed the Oral History Center in 2014. Its collection holds over 5,000 interviews with governors, industrialists, artists, activists and scholars, most of them available online.",
        "url": "https://www.lib.berkeley.edu/visit/bancroft/oral-history-center",
        "citation": "Bancroft Library, University of California, Berkeley. Oral History Center of The Bancroft Library. Retrieved from https://www.lib.berkeley.edu/visit/bancroft/oral-history-center.",
        "access_notes": "Most interviews available online.",
        "access": "partial online",
        "archive_type": "university or research institute",
        "related_ids": [
          "roho-disability-rights"
        ],
        "verification_status": "partially_verified",
        "verification_note": "Languages inferred from country and subject; not stated by the source.",
        "provenance": "Review-queue lead from the September 2026 Wikipedia/Wikidata harvest (docs/review-queue.csv), completed by search-based research on 2026-09-27; evidence in data/review-log.json.",
        "date_added": "2026-09-27",
        "iso3166_1_alpha2": "US",
        "region": "Americas",
        "subregion": "Northern America",
        "theme_groups": [
          "History & politics"
        ]
      }
    },
    {
      "type": "Feature",
      "id": "MV-000218",
      "geometry": {
        "type": "Point",
        "coordinates": [
          -71.1226,
          42.3764
        ]
      },
      "properties": {
        "id": "black-women-oral-history-project",
        "mv_id": "MV-000218",
        "title": "Black Women Oral History Project",
        "archive": "Schlesinger Library, Harvard Radcliffe Institute",
        "country": "United States",
        "languages": [
          "English"
        ],
        "themes": [
          "women's history",
          "social history",
          "civil rights"
        ],
        "decade_start": 1976,
        "decade_end": 1981,
        "summary": "Between 1976 and 1981 the project interviewed 72 African American women, many then in their 70s to 90s, who had made significant contributions to American life in the first half of the 20th century, covering family, education, careers, voluntary and union work, and how race and gender shaped their choices.",
        "url": "https://www.radcliffe.harvard.edu/schlesinger-library/collections/black-women-oral-history-project",
        "citation": "Schlesinger Library, Harvard Radcliffe Institute. Black Women Oral History Project. Retrieved from https://www.radcliffe.harvard.edu/schlesinger-library/collections/black-women-oral-history-project.",
        "access_notes": "Transcripts and audio are fully digitized and available online through the library's research guide.",
        "access": "open online",
        "archive_type": "university or research institute",
        "verification_status": "partially_verified",
        "verification_note": "Languages inferred from country and subject; not stated by the source.",
        "provenance": "Review-queue lead from the September 2026 Wikipedia/Wikidata harvest (docs/review-queue.csv), completed by search-based research on 2026-09-27; evidence in data/review-log.json.",
        "date_added": "2026-09-27",
        "iso3166_1_alpha2": "US",
        "region": "Americas",
        "subregion": "Northern America",
        "theme_groups": [
          "Gender & sexuality",
          "History & politics",
          "Human rights & justice"
        ]
      }
    },
    {
      "type": "Feature",
      "id": "MV-000219",
      "geometry": {
        "type": "Point",
        "coordinates": [
          -73.7967,
          40.7057
        ]
      },
      "properties": {
        "id": "queens-memory-project",
        "mv_id": "MV-000219",
        "title": "Queens Memory Project",
        "archive": "Queens Public Library and Queens College Libraries (CUNY)",
        "country": "United States",
        "languages": [
          "English",
          "Bengali",
          "Hindi",
          "Korean",
          "Mandarin Chinese",
          "Nepali",
          "Tagalog",
          "Tibetan",
          "Urdu"
        ],
        "language_note": "The project has produced bilingual episodes in Bangla, Hindi, Korean, Mandarin, Nepali, Tagalog, Tibetan and Urdu, widely spoken Asian languages in Queens.",
        "themes": [
          "community memory",
          "migration",
          "everyday life"
        ],
        "decade_start": 2010,
        "decade_end": null,
        "summary": "A community archive founded in 2010 by Queens College and Queens Public Library that records oral histories with residents of Queens, New York — one of the most linguistically diverse places in the world — about their neighborhoods, migrations and everyday lives.",
        "url": "https://www.queensmemory.org/",
        "citation": "Queens Public Library and Queens College Libraries (CUNY). Queens Memory Project. Retrieved from https://www.queensmemory.org/.",
        "related_ids": [
          "storycorps-national-archive"
        ],
        "verification_status": "partially_verified",
        "provenance": "Review-queue lead from the September 2026 Wikipedia/Wikidata harvest (docs/review-queue.csv), completed by search-based research on 2026-09-27; evidence in data/review-log.json.",
        "date_added": "2026-09-27",
        "iso3166_1_alpha2": "US",
        "region": "Americas",
        "subregion": "Northern America",
        "theme_groups": [
          "Memory & community",
          "Migration & displacement"
        ]
      }
    },
    {
      "type": "Feature",
      "id": "MV-000220",
      "geometry": {
        "type": "Point",
        "coordinates": [
          -95.9928,
          36.154
        ]
      },
      "properties": {
        "id": "voices-of-oklahoma",
        "mv_id": "MV-000220",
        "title": "Voices of Oklahoma",
        "archive": "Voices of Oklahoma, in partnership with the Oklahoma Historical Society",
        "country": "United States",
        "languages": [
          "English"
        ],
        "themes": [
          "history",
          "community memory",
          "political history"
        ],
        "decade_start": 2009,
        "decade_end": null,
        "summary": "An oral history website founded in Tulsa by radio broadcaster John Erling, recording in-depth interviews with Oklahomans including political and tribal leaders, entertainers, business figures and survivors of the Tulsa Race Massacre; it works in partnership with the Oklahoma Historical Society.",
        "url": "https://voicesofoklahoma.com/",
        "citation": "Voices of Oklahoma, in partnership with the Oklahoma Historical Society. Voices of Oklahoma. Retrieved from https://voicesofoklahoma.com/.",
        "access_notes": "Interviews freely available online, with audio and transcripts.",
        "access": "open online",
        "verification_status": "partially_verified",
        "verification_note": "Sources give 2009 or 2010 as the start year; languages inferred.",
        "provenance": "Review-queue lead from the September 2026 Wikipedia/Wikidata harvest (docs/review-queue.csv), completed by search-based research on 2026-09-27; evidence in data/review-log.json.",
        "date_added": "2026-09-27",
        "iso3166_1_alpha2": "US",
        "region": "Americas",
        "subregion": "Northern America",
        "theme_groups": [
          "History & politics",
          "Memory & community"
        ]
      }
    },
    {
      "type": "Feature",
      "id": "MV-000221",
      "geometry": {
        "type": "Point",
        "coordinates": [
          -73.9565,
          41.3915
        ]
      },
      "properties": {
        "id": "west-point-center-for-oral-history",
        "mv_id": "MV-000221",
        "title": "West Point Center for Oral History",
        "archive": "United States Military Academy",
        "country": "United States",
        "languages": [
          "English"
        ],
        "themes": [
          "war and conflict",
          "military history"
        ],
        "decade_start": 2008,
        "decade_end": null,
        "summary": "A video oral history archive founded at the U.S. Military Academy in 2008 to record the experiences of soldiers, statesmen and others who have shaped the profession of arms, with collections on Vietnam, the wars in Iraq and Afghanistan, the African-American military experience, and women in the military.",
        "url": "https://www.westpoint.edu/directory/center-for-oral-history",
        "citation": "United States Military Academy. West Point Center for Oral History. Retrieved from https://www.westpoint.edu/directory/center-for-oral-history.",
        "related_ids": [
          "veterans-history-project"
        ],
        "verification_status": "partially_verified",
        "verification_note": "Languages inferred from country and subject; not stated by the source.",
        "provenance": "Review-queue lead from the September 2026 Wikipedia/Wikidata harvest (docs/review-queue.csv), completed by search-based research on 2026-09-27; evidence in data/review-log.json.",
        "date_added": "2026-09-27",
        "iso3166_1_alpha2": "US",
        "region": "Americas",
        "subregion": "Northern America",
        "theme_groups": [
          "War & conflict"
        ]
      }
    }
  ]
}
