mv_id,id,title,archive,country,iso3166_1_alpha2,region,subregion,lat,lng,languages,language_note,themes,theme_groups,decade_start,decade_end,summary,url,citation,access_notes,related_ids,preview_url,verification_status,verification_note,provenance,date_added
MV-000001,storycorps-national-archive,StoryCorps Archive,StoryCorps / Library of Congress American Folklife Center,United States,US,Americas,Northern America,40.7128,-74.006,English; Spanish,,everyday life; family history; community memory,Memory & community,2003,,"Since 2003, StoryCorps has recorded unscripted conversations between everyday Americans about their lives. The full collection is preserved at the Library of Congress, with searchable highlights published in the online StoryCorps Archive.",https://archive.storycorps.org/,StoryCorps / Library of Congress American Folklife Center. StoryCorps Archive. Retrieved from https://archive.storycorps.org/.,Freely accessible online via the StoryCorps Archive; the full recorded collection is preserved at the Library of Congress.,911-memorial-museum-oral-history; a-people-s-archive-of-police-violence-in-cleveland; moise-a-khayrallah-center-for-lebanese-diaspora; preserve-the-baltimore-uprising; the-historymakers; the-outwords-archive,,partially_verified,,"v0.1 seed dataset, maintainer-curated from the holding institution's public page.",2026-09-01
MV-000002,veterans-history-project,Veterans History Project,"Library of Congress, American Folklife Center",United States,US,Americas,Northern America,38.8951,-77.0364,English,,war and conflict; military history,War & conflict,2000,,"A congressionally established program that collects and preserves firsthand video and audio interviews, letters, diaries, and photographs of U.S. wartime veterans from World War I through current conflicts.",https://www.loc.gov/vets/,"Library of Congress, American Folklife Center. Veterans History Project. Retrieved from https://www.loc.gov/vets/.",Many interviews viewable online via the Library of Congress; the full collection is available by research visit.,iwm-sound-archive; korean-war-legacy-foundation; national-wwii-museum-oral-history; vietnam-center-ttu,,partially_verified,,"v0.1 seed dataset, maintainer-curated from the holding institution's public page.",2026-09-01
MV-000003,densho-digital-repository,Densho Digital Repository,Densho,United States,US,Americas,Northern America,47.6062,-122.3321,English; Japanese,,migration; incarceration; civil rights,Human rights & justice; Migration & displacement,1996,,"Densho preserves and freely shares video oral history interviews with Japanese Americans unjustly incarcerated during World War II, alongside primary-source documents and photographs from before, during, and after that period.",https://ddr.densho.org/,Densho. Densho Digital Repository. Retrieved from https://ddr.densho.org/.,Freely accessible online.,japanese-american-national-museum; the-historymakers,,partially_verified,,"v0.1 seed dataset, maintainer-curated from the holding institution's public page.",2026-09-01
MV-000004,usc-shoah-foundation-vha,Visual History Archive,USC Shoah Foundation,United States,US,Americas,Northern America,34.0224,-118.2851,English; Hebrew; Russian; Polish; Multiple languages,multiple other languages,genocide; Holocaust; human rights,Genocide & mass violence; Human rights & justice,1994,,"Founded by Steven Spielberg in 1994, the Visual History Archive holds tens of thousands of video testimonies from survivors and witnesses of the Holocaust and later genocides, including in Rwanda, Armenia, Cambodia, and Nanjing.",https://sfi.usc.edu/vha,USC Shoah Foundation. Visual History Archive. Retrieved from https://sfi.usc.edu/vha.,Full testimonies require registration through partner institutions or educational access via IWitness; some clips are public.,a-people-s-archive-of-police-violence-in-cleveland; armenian-film-foundation; fortunoff-video-archive; freedom-collection; preserve-the-baltimore-uprising; the-outwords-archive; yad-vashem-testimonies,,partially_verified,,"v0.1 seed dataset, maintainer-curated from the holding institution's public page.",2026-09-01
MV-000005,ralph-rinzler-folklife-archives,Ralph Rinzler Folklife Archives and Collections,Smithsonian Center for Folklife and Cultural Heritage,United States,US,Americas,Northern America,38.8951,-77.0364,English; Multiple languages,multiple,folklife; music; oral tradition,"Music, performance & broadcasting; Oral tradition & folklore",1967,,"Holds field recordings, oral history interviews, and documentation connected to the Smithsonian Folklife Festival and Smithsonian Folkways Recordings, spanning traditions from the United States and around the world.",https://folklife.si.edu/archives,Smithsonian Center for Folklife and Cultural Heritage. Ralph Rinzler Folklife Archives and Collections. Retrieved from https://folklife.si.edu/archives.,,association-cultural-equity-lomax; berlin-phonogramm-archiv; oral-history-of-american-music; slave-narratives-a-folk-history-of-slavery-in-the,,partially_verified,,"v0.1 seed dataset, maintainer-curated from the holding institution's public page.",2026-09-01
MV-000006,nctr-residential-schools,National Centre for Truth and Reconciliation,University of Manitoba,Canada,CA,Americas,Northern America,49.8951,-97.1384,English; French; Indigenous languages of the Americas,Indigenous languages,indigenous history; human rights; residential schools,Colonialism & Indigenous histories; Human rights & justice,2007,,"The permanent home for the statements, documents, and video testimony gathered by Canada's Truth and Reconciliation Commission from Survivors of the residential school system.",https://nctr.ca/,University of Manitoba. National Centre for Truth and Reconciliation. Retrieved from https://nctr.ca/.,,doris-duke-utah-oral-history,,partially_verified,,"v0.1 seed dataset, maintainer-curated from the holding institution's public page.",2026-09-01
MV-000007,museu-da-pessoa,Museu da Pessoa (Museum of the Person),Museu da Pessoa,Brazil,BR,Americas,Latin America and the Caribbean,-23.5505,-46.6333,Portuguese,,everyday life; migration; labor history,Labor; Memory & community; Migration & displacement,1991,,"A collaborative virtual museum of life stories founded in Sao Paulo in 1991, holding tens of thousands of personal narratives documenting migration, work, and community memory across Brazil.",https://museudapessoa.org/,Museu da Pessoa. Museu da Pessoa (Museum of the Person). Retrieved from https://museudapessoa.org/.,,cpdoc-fgv-brazil,,partially_verified,,"v0.1 seed dataset, maintainer-curated from the holding institution's public page.",2026-09-01
MV-000008,cnmh-colombia,Human Rights and Historical Memory Virtual Archive,Centro Nacional de Memoria Historica,Colombia,CO,Americas,Latin America and the Caribbean,4.711,-74.0721,Spanish,,war and conflict; human rights; memory and reconciliation,Human rights & justice; War & conflict,2011,,"Colombia's national public institution charged with collecting oral testimony and documentation related to the country's decades-long armed conflict, made accessible through its virtual human-rights archive.",https://www.archivodelosddhh.gov.co/,Centro Nacional de Memoria Historica. Human Rights and Historical Memory Virtual Archive. Retrieved from https://www.archivodelosddhh.gov.co/.,,lugar-de-la-memoria-peru; memoria-abierta-argentina; museo-palabra-imagen-el-salvador,,partially_verified,,"v0.1 seed dataset, maintainer-curated from the holding institution's public page.",2026-09-01
MV-000009,memoria-abierta-argentina,Archivo Oral de Memoria Abierta,Memoria Abierta,Argentina,AR,Americas,Latin America and the Caribbean,-34.6037,-58.3816,Spanish,,state terrorism; human rights; memory,Genocide & mass violence; Human rights & justice; Memory & community,1999,,An alliance of Argentine human rights organizations whose oral archive gathers testimony from people affected by state terrorism during the 1976-1983 military dictatorship and the resistance to it.,https://memoriaabierta.org.ar/wp/archivo-oral/,Memoria Abierta. Archivo Oral de Memoria Abierta. Retrieved from https://memoriaabierta.org.ar/wp/archivo-oral/.,,cnmh-colombia; museo-memoria-chile; museo-palabra-imagen-el-salvador,,partially_verified,,"v0.1 seed dataset, maintainer-curated from the holding institution's public page.",2026-09-01
MV-000010,bl-national-life-stories,National Life Stories,British Library,United Kingdom,GB,Europe,Northern Europe,51.5074,-0.1278,English,,social history; labor history; science,"History & politics; Labor; Science, environment & disaster",1987,,"An oral history charity based at the British Library that has recorded in-depth biographical interviews since 1987 across industry, science, the arts, and public life, preserved within the British Library Sound Archive.",https://www.bl.uk/about/projects/national-life-stories,British Library. National Life Stories. Retrieved from https://www.bl.uk/about/projects/national-life-stories.,,iwm-sound-archive; warwick-modern-records-centre,,partially_verified,,"v0.1 seed dataset, maintainer-curated from the holding institution's public page.",2026-09-01
MV-000011,tobar-an-dualchais,Tobar an Dualchais / Kist o Riches,"School of Scottish Studies Archives, University of Edinburgh",United Kingdom,GB,Europe,Northern Europe,55.9533,-3.1883,Scottish Gaelic; Scots; English,,oral tradition; folklore; music,"Music, performance & broadcasting; Oral tradition & folklore",1930,,"Digitized recordings from the University of Edinburgh's School of Scottish Studies Archives and partner collections, offering thousands of songs, stories, and oral history recorded across Scotland from the 1930s onward.",https://www.tobarandualchais.co.uk/,"School of Scottish Studies Archives, University of Edinburgh. Tobar an Dualchais / Kist o Riches. Retrieved from https://www.tobarandualchais.co.uk/.",,association-cultural-equity-lomax; duchas-national-folklore-collection; estonian-folklore-archives; finnish-literature-society-folklore-archive,,partially_verified,,"v0.1 seed dataset, maintainer-curated from the holding institution's public page.",2026-09-01
MV-000012,duchas-national-folklore-collection,National Folklore Collection (Duchas),University College Dublin,Ireland,IE,Europe,Northern Europe,53.3498,-6.2603,Irish; English,,folklore; oral tradition,Oral tradition & folklore,1935,,"One of Europe's largest folklore archives, held at University College Dublin and digitized via duchas.ie, including the 1930s Schools' Collection of oral tradition gathered by schoolchildren and thousands of hours of sound recordings.",https://www.duchas.ie/en,University College Dublin. National Folklore Collection (Duchas). Retrieved from https://www.duchas.ie/en.,,finnish-literature-society-folklore-archive; tobar-an-dualchais,,partially_verified,,"v0.1 seed dataset, maintainer-curated from the holding institution's public page.",2026-09-01
MV-000013,memory-of-nations-czech,Memory of Nations,Post Bellum,Czech Republic,CZ,Europe,Eastern Europe,50.0755,14.4378,Czech; Slovak; English,,totalitarianism; war and conflict; political history,Genocide & mass violence; History & politics; War & conflict,2001,,"Built by the non-profit Post Bellum, this online database holds thousands of testimonies from witnesses of 20th-century totalitarian regimes in Czechoslovakia and the Czech Republic, including WWII, the Holocaust, and communist-era persecution.",https://www.memoryofnations.eu/en,Post Bellum. Memory of Nations. Retrieved from https://www.memoryofnations.eu/en.,,european-solidarity-centre-archive; karta-center-poland; osa-archivum-budapest; yahad-in-unum,,partially_verified,,"v0.1 seed dataset, maintainer-curated from the holding institution's public page.",2026-09-01
MV-000014,1947-partition-archive,The 1947 Partition Archive,The 1947 Partition Archive,India,IN,Asia,Southern Asia,28.6139,77.209,English; Hindi; Urdu; Punjabi; Bengali; Gujarati; Sindhi,,migration; Partition; displacement,Migration & displacement,2010,,"A crowd-sourced oral history project, founded in Berkeley in 2010, that has recorded over 12,000 witness accounts of the 1947 Partition of British India from survivors across India, Pakistan, Bangladesh, and the diaspora.",https://www.1947partitionarchive.org/,The 1947 Partition Archive. The 1947 Partition Archive. Retrieved from https://www.1947partitionarchive.org/.,,citizens-archive-pakistan; nehru-memorial-oral-history,,partially_verified,,"v0.1 seed dataset, maintainer-curated from the holding institution's public page.",2026-09-01
MV-000015,hiroshima-peace-memorial-testimony,A-bomb Survivor Testimony Archive,Hiroshima Peace Memorial Museum,Japan,JP,Asia,Eastern Asia,34.3955,132.4536,Japanese; English,,war and conflict; nuclear history; peace,War & conflict,1986,,"Video testimonies of hibakusha (atomic bomb survivors) recorded by the Hiroshima Peace Memorial Museum since 1986, documenting firsthand accounts of the 1945 atomic bombing and its aftermath.",https://hpmm-db.jp/testify_en/,Hiroshima Peace Memorial Museum. A-bomb Survivor Testimony Archive. Retrieved from https://hpmm-db.jp/testify_en/.,,nagasaki-peace-memorial-testimonies; okinawa-peace-memorial-museum,,partially_verified,,"v0.1 seed dataset, maintainer-curated from the holding institution's public page.",2026-09-01
MV-000016,dccam-oral-history,Documentation Center of Cambodia Oral History Project,Documentation Center of Cambodia (DC-Cam),Cambodia,KH,Asia,South-eastern Asia,11.5564,104.9282,Khmer; English,,genocide; war and conflict; transitional justice,Genocide & mass violence; Human rights & justice; War & conflict,1995,,"DC-Cam documents the history of the Khmer Rouge regime (1975-1979) through survivor and perpetrator testimony, including an oral history project tied to the Extraordinary Chambers in the Courts of Cambodia.",https://www.dccam.org/,Documentation Center of Cambodia (DC-Cam). Documentation Center of Cambodia Oral History Project. Retrieved from https://www.dccam.org/.,,genocide-archive-rwanda; khmer-legacies,,partially_verified,,"v0.1 seed dataset, maintainer-curated from the holding institution's public page.",2026-09-01
MV-000017,palestinian-oral-history-archive,Palestinian Oral History Archive (POHA),"American University of Beirut, Issam Fares Institute",Lebanon,LB,Asia,Western Asia,33.8938,35.5018,Arabic,,displacement; refugees; Nakba,Migration & displacement,2011,,"Based at the American University of Beirut, POHA holds over 1,000 hours of testimony from first-generation Palestinian refugees living in Lebanon, documenting memories of pre-1948 Palestine and subsequent displacement.",https://www.aub.edu.lb/ifi/Pages/poha.aspx,"American University of Beirut, Issam Fares Institute. Palestinian Oral History Archive (POHA). Retrieved from https://www.aub.edu.lb/ifi/Pages/poha.aspx.",,ips-narrating-palestine; umam-documentation-research; zochrot-nakba-testimonies,,partially_verified,,"v0.1 seed dataset, maintainer-curated from the holding institution's public page.",2026-09-01
MV-000018,aiatsis-collection,AIATSIS Collection,Australian Institute of Aboriginal and Torres Strait Islander Studies,Australia,AU,Oceania,Australia and New Zealand,-35.2809,149.13,English; Aboriginal and Torres Strait Islander languages,,indigenous history; oral tradition; language documentation,Colonialism & Indigenous histories; Language & linguistics; Oral tradition & folklore,1964,,"Australia's national collection of Aboriginal and Torres Strait Islander cultural heritage, including decades of oral history interviews and language recordings gathered in partnership with Indigenous communities.",https://aiatsis.gov.au/collection,Australian Institute of Aboriginal and Torres Strait Islander Studies. AIATSIS Collection. Retrieved from https://aiatsis.gov.au/collection.,,nga-taonga-sound-vision; paradisec-archive,,partially_verified,,"v0.1 seed dataset, maintainer-curated from the holding institution's public page.",2026-09-01
MV-000019,nga-taonga-sound-vision,Nga Taonga Sound & Vision,Nga Taonga Sound & Vision,New Zealand,NZ,Oceania,Australia and New Zealand,-41.2865,174.7762,English; Māori,,broadcast history; oral tradition; national memory,"Memory & community; Music, performance & broadcasting; Oral tradition & folklore",1988,,"Aotearoa New Zealand's audiovisual archive, formed from the merger of the Nga Taonga Korero sound archive, the Television New Zealand Archive, and the New Zealand Film Archive, preserving over a century of recorded sound and moving image.",https://www.ngataonga.org.nz/,Nga Taonga Sound & Vision. Nga Taonga Sound & Vision. Retrieved from https://www.ngataonga.org.nz/.,,aiatsis-collection,,partially_verified,,"v0.1 seed dataset, maintainer-curated from the holding institution's public page.",2026-09-01
MV-000020,saha-oral-history,SAHA Oral History Collections,South African History Archive,South Africa,ZA,Africa,Sub-Saharan Africa,-26.2041,28.0473,English; Afrikaans; Zulu; Xhosa,,apartheid; human rights; resistance history,Human rights & justice; War & conflict,1988,,"An independent archive founded by anti-apartheid activists, SAHA holds oral history interviews and documents relating to the struggle against apartheid and South Africa's Truth and Reconciliation Commission.",https://www.saha.org.za/collections/oral_history.htm,South African History Archive. SAHA Oral History Collections. Retrieved from https://www.saha.org.za/collections/oral_history.htm.,,district-six-museum; gala-queer-archive,,partially_verified,,"v0.1 seed dataset, maintainer-curated from the holding institution's public page.",2026-09-01
MV-000021,district-six-museum,District Six Museum Sound Archive,District Six Museum,South Africa,ZA,Africa,Sub-Saharan Africa,-33.9249,18.4241,English; Afrikaans,,forced removal; urban history; memory,Memory & community; Migration & displacement,1994,,"The District Six Museum's Sound Archive collects recorded interviews with former residents forcibly removed from Cape Town's District Six under apartheid's Group Areas Act, preserving memories of the destroyed community.",https://www.districtsix.co.za/collections/,District Six Museum. District Six Museum Sound Archive. Retrieved from https://www.districtsix.co.za/collections/.,,saha-oral-history,,partially_verified,,"v0.1 seed dataset, maintainer-curated from the holding institution's public page.",2026-09-01
MV-000022,genocide-archive-rwanda,Genocide Archive of Rwanda,Aegis Trust / National Commission for the Fight Against Genocide,Rwanda,RW,Africa,Sub-Saharan Africa,-1.9403,29.8739,Kinyarwanda; French; English,,genocide; transitional justice; human rights,Genocide & mass violence; Human rights & justice,2010,,"A digital archive holding over 8,000 survivor and witness testimonies, Gacaca court records, and memorial documentation of the 1994 genocide against the Tutsi, built with the University of Texas Libraries.",https://genocidearchiverwanda.org.rw/,Aegis Trust / National Commission for the Fight Against Genocide. Genocide Archive of Rwanda. Retrieved from https://genocidearchiverwanda.org.rw/.,Freely accessible online with a searchable video player.,dccam-oral-history; khmer-legacies,https://genocidearchiverwanda.org.rw/index.php/Category:Survivor_Testimonies,partially_verified,,"v0.1 seed dataset, maintainer-curated from the holding institution's public page.",2026-09-01
MV-000023,celhto-oral-tradition-archive,CELHTO Oral Tradition Archive,Centre d'Etudes Linguistiques et Historiques par Tradition Orale (African Union),Niger,NE,Africa,Sub-Saharan Africa,13.5127,2.1128,Hausa; Zarma; Fulfulde; Tamasheq; French,,oral tradition; history; linguistics,History & politics; Language & linguistics; Oral tradition & folklore,1968,,"An African Union research center based in Niamey since 1968 (created with UNESCO support as the Regional Center for Oral Tradition), CELHTO collects, studies, and preserves oral traditions and languages from across Africa on audio, video, and written media.",https://www.celhto.org/,Centre d'Etudes Linguistiques et Historiques par Tradition Orale (African Union). CELHTO Oral Tradition Archive. Retrieved from https://www.celhto.org/.,,fondation-hampate-ba; irsh-niamey-boubou-hama; sahel-sounds-field-recordings,,partially_verified,,"v0.1 seed dataset, maintainer-curated from the holding institution's public page.",2026-09-01
MV-000024,irsh-niamey-boubou-hama,Institut de Recherches en Sciences Humaines,Universite Abdou Moumouni de Niamey,Niger,NE,Africa,Sub-Saharan Africa,13.5127,2.1128,Hausa; Zarma; French; Arabic,,oral tradition; manuscripts; history,History & politics; Oral tradition & folklore,1944,,"Niger's oldest research institution, IRSH grew out of a regional branch of IFAN and continues the documentation work begun by historian Boubou Hama, whose collection of oral sources and manuscripts helped found Niger's tradition of oral-history-based scholarship.",https://irsh-uam.com/,Universite Abdou Moumouni de Niamey. Institut de Recherches en Sciences Humaines. Retrieved from https://irsh-uam.com/.,,celhto-oral-tradition-archive,,partially_verified,,"v0.1 seed dataset, maintainer-curated from the holding institution's public page.",2026-09-01
MV-000025,bird-mali-collections,Charles S. Bird Mali Collections,"Archives of Traditional Music, Indiana University",Mali,ML,Africa,Sub-Saharan Africa,12.6392,-8.0029,Bambara,,oral tradition; epic performance; music,"Music, performance & broadcasting; Oral tradition & folklore",1960,2000,"Field recordings made by linguist Charles S. Bird together with Malian collaborators, capturing griot performances of the Epic of Sunjata, kora and donso ngoni music, and hunters' songs unavailable in any other archive.",https://libraries.indiana.edu/bird-mali,"Archives of Traditional Music, Indiana University. Charles S. Bird Mali Collections. Retrieved from https://libraries.indiana.edu/bird-mali.",,fondation-hampate-ba; sahel-sounds-field-recordings,,partially_verified,,"v0.1 seed dataset, maintainer-curated from the holding institution's public page.",2026-09-01
MV-000026,sosso-bala-cultural-space,Cultural Space of Sosso-Bala,UNESCO Intangible Cultural Heritage / Ministry of Culture of Guinea,Guinea,GN,Africa,Sub-Saharan Africa,11.42,-9.16,Maninka; French,,oral tradition; griot heritage; music,"Music, performance & broadcasting; Oral tradition & folklore",2001,,"UNESCO-recognized heritage centered on the Sosso-Bala, a sacred 13th-century balafon kept in the village of Nyagassola, whose annual ceremonial playing carries the oral epic tradition of the Sunjata story through griot performance.",https://ich.unesco.org/en/RL/cultural-space-of-sosso-bala-00009,UNESCO Intangible Cultural Heritage / Ministry of Culture of Guinea. Cultural Space of Sosso-Bala. Retrieved from https://ich.unesco.org/en/RL/cultural-space-of-sosso-bala-00009.,,ifa-divination-system; moorish-epic-theydinn,,partially_verified,,"v0.1 seed dataset, maintainer-curated from the holding institution's public page.",2026-09-01
MV-000027,ifa-divination-system,Ifa Divination System,UNESCO Intangible Cultural Heritage / Yoruba babalawo tradition,Nigeria,NG,Africa,Sub-Saharan Africa,7.4905,4.5521,Yoruba,,oral tradition; divination; religion,Oral tradition & folklore; Religion & belief,2005,,A UNESCO-listed oral literary corpus (the Odu Ifa) of the Yoruba people of southwestern Nigeria: an enormous body of verses transmitted orally by babalawo priests and drawn upon in divination practice.,https://ich.unesco.org/en/RL/ifa-divination-system-00146,UNESCO Intangible Cultural Heritage / Yoruba babalawo tradition. Ifa Divination System. Retrieved from https://ich.unesco.org/en/RL/ifa-divination-system-00146.,,gelede-oral-heritage; sosso-bala-cultural-space,,partially_verified,,"v0.1 seed dataset, maintainer-curated from the holding institution's public page.",2026-09-01
MV-000028,gelede-oral-heritage,Oral Heritage of Gelede,UNESCO Intangible Cultural Heritage / Yoruba-Nago communities,Benin,BJ,Africa,Sub-Saharan Africa,7.3667,2.6,Yoruba,,oral tradition; masquerade; women's history,Gender & sexuality; Oral tradition & folklore,2001,,"A UNESCO-listed oral and performance tradition of the Yoruba-Nago communities spanning Benin, Nigeria, and Togo, combining masked dance with sung epic and satirical verse that honors women's role in social life.",https://ich.unesco.org/en/RL/oral-heritage-of-gelede-00002,UNESCO Intangible Cultural Heritage / Yoruba-Nago communities. Oral Heritage of Gelede. Retrieved from https://ich.unesco.org/en/RL/oral-heritage-of-gelede-00002.,,ifa-divination-system,,partially_verified,,"v0.1 seed dataset, maintainer-curated from the holding institution's public page.",2026-09-01
MV-000029,ifan-dakar-sound-archives,IFAN Sound Archives,"Institut Fondamental d'Afrique Noire, Universite Cheikh Anta Diop",Senegal,SN,Africa,Sub-Saharan Africa,14.6928,-17.4467,Wolof; French; Multiple languages,multiple Senegalese languages,oral tradition; music; colonial history,"Colonialism & Indigenous histories; Music, performance & broadcasting; Oral tradition & folklore",1938,,"Founded in Dakar in 1938, IFAN holds a large sound archive of West African oral traditions, songs, and epics, including over 1,400 digitized cassette recordings and historic WWI-era recordings of Senegalese soldiers.",https://ifan.ucad.sn/,"Institut Fondamental d'Afrique Noire, Universite Cheikh Anta Diop. IFAN Sound Archives. Retrieved from https://ifan.ucad.sn/.",,nketia-archives-ghana; sahel-sounds-field-recordings,,partially_verified,,"v0.1 seed dataset, maintainer-curated from the holding institution's public page.",2026-09-01
MV-000030,nketia-archives-ghana,J.H. Kwabena Nketia Archives,"Institute of African Studies, University of Ghana",Ghana,GH,Africa,Sub-Saharan Africa,5.6494,-0.187,Twi; Ga; Ewe; English; Multiple languages,multiple Ghanaian languages,oral tradition; music; ethnomusicology,"Music, performance & broadcasting; Oral tradition & folklore",1952,,"Named for ethnomusicologist J.H. Kwabena Nketia, this archive at the University of Ghana holds the largest and most systematic set of recordings by any African ethnomusicologist: over six decades of field recordings documenting music, oral tradition, and performance across Ghana.",https://ias.ug.edu.gh/content/jh-kwabena-nketia-archives,"Institute of African Studies, University of Ghana. J.H. Kwabena Nketia Archives. Retrieved from https://ias.ug.edu.gh/content/jh-kwabena-nketia-archives.",,ifan-dakar-sound-archives,,partially_verified,,"v0.1 seed dataset, maintainer-curated from the holding institution's public page.",2026-09-01
MV-000031,sahel-sounds-field-recordings,Sahel Sounds Field Recordings Archive,Sahel Sounds,Niger,NE,Africa,Sub-Saharan Africa,13.5127,2.1128,Hausa; Zarma; Tamasheq; French; Arabic,,oral tradition; music; griot heritage,"Music, performance & broadcasting; Oral tradition & folklore",2009,,"An independent record label and blog run by ethnomusicologist Christopher Kirkley since 2009, documenting music and everyday sound across Niger, Mali, and Mauritania, including cellphone-shared recordings, radio broadcasts, and village field recordings published openly online.",https://blog.sahelsounds.com/,Sahel Sounds. Field Recordings from the Sahel. Retrieved from https://blog.sahelsounds.com/.,Freely accessible online via blog and Bandcamp releases.,bird-mali-collections; celhto-oral-tradition-archive; ifan-dakar-sound-archives,,partially_verified,,"v0.1 seed dataset, maintainer-curated from the holding institution's public page.",2026-09-01
MV-000032,ibadan-african-studies-audiovisual,African Studies Ibadan Audiovisual and Arabic Manuscripts Archive,"Institute of African Studies, University of Ibadan",Nigeria,NG,Africa,Sub-Saharan Africa,7.3775,3.947,Yoruba; Hausa; English; Arabic,,oral tradition; history; language documentation,History & politics; Language & linguistics; Oral tradition & folklore,1962,,"Founded in 1962, the Institute has long recorded festivals, songs, and oral traditions across Nigeria; a 2021 Arcadia-funded project is digitizing its audiovisual and Arabic-manuscript holdings from West Africa's decolonization period.",https://ui.edu.ng/content/institute-african-studies,"Institute of African Studies, University of Ibadan. African Studies Ibadan Audiovisual and Arabic Manuscripts Archive. Retrieved from https://ui.edu.ng/content/institute-african-studies.",In-person access at the Institute; digitized portions being released via the Endangered Archives Programme.,endangered-archives-programme,,partially_verified,,"v0.1 seed dataset, maintainer-curated from the holding institution's public page.",2026-09-01
MV-000033,zimbabwe-archives-oral-history,Oral History Programme,National Archives of Zimbabwe,Zimbabwe,ZW,Africa,Sub-Saharan Africa,-17.8292,31.0522,Shona; Ndebele; English,,oral tradition; war and conflict; national memory,Memory & community; Oral tradition & folklore; War & conflict,1935,,"Zimbabwe's National Archives, established in 1935, runs an Oral History programme with the National Museums and Monuments and the University of Zimbabwe recording testimony of the First and Second Chimurenga liberation struggles in English and local languages.",https://www.archives.gov.zw/,National Archives of Zimbabwe. Oral History Programme. Retrieved from https://www.archives.gov.zw/.,In-person/reading-room access; some liberation-history recordings referenced in public reporting.,,,partially_verified,,"v0.1 seed dataset, maintainer-curated from the holding institution's public page.",2026-09-01
MV-000034,kenya-national-archives-oral-history,Oral History Collections,Kenya National Archives and Documentation Service,Kenya,KE,Africa,Sub-Saharan Africa,-1.2833,36.8167,Swahili; English; Multiple languages,multiple Kenyan languages,oral tradition; colonial history; national memory,Colonialism & Indigenous histories; Memory & community; Oral tradition & folklore,1965,,"Kenya's national archive, established by Act of Parliament in 1965, holds audio cassette recordings of oral histories and folk songs alongside colonial records, government files, and papers of prominent Kenyans.",https://www.archives.go.ke/homepage,Kenya National Archives and Documentation Service. Oral History Collections. Retrieved from https://www.archives.go.ke/homepage.,,,,partially_verified,,"v0.1 seed dataset, maintainer-curated from the holding institution's public page.",2026-09-01
MV-000035,institute-ethiopian-studies,Institute of Ethiopian Studies Audiovisual Archive,Addis Ababa University,Ethiopia,ET,Africa,Sub-Saharan Africa,9.03,38.7633,Amharic; Ge'ez; Oromo; Multiple languages,multiple Ethiopian languages,oral tradition; ethnomusicology; manuscripts,"Music, performance & broadcasting; Oral tradition & folklore",1963,,"Established in 1963, the Institute holds the world's largest single collection of Ethiopian manuscripts alongside an Audiovisual Materials section with ethnomusicological field recordings documenting Ethiopia's oral and musical traditions.",https://aau.edu.et/institute/IES,"Institute of Ethiopian Studies, Addis Ababa University. Audiovisual Archive. Retrieved from https://aau.edu.et/institute/IES.",,,,partially_verified,,"v0.1 seed dataset, maintainer-curated from the holding institution's public page.",2026-09-01
MV-000036,mosireen-858-archive,858: An Archive of Resistance,Mosireen Collective,Egypt,EG,Africa,Northern Africa,30.0444,31.2357,Arabic; English,,war and conflict; human rights; political history,History & politics; Human rights & justice; War & conflict,2011,,"A video collective formed during the 2011 Egyptian revolution released 858 hours of raw, timestamped footage of protests and state violence, freely licensed and published as a public archive of firsthand documentation and voice.",https://858.ma/,Mosireen Collective. 858: An Archive of Resistance. Retrieved from https://858.ma/.,"Freely accessible online, indexed and searchable video.",,,partially_verified,,"v0.1 seed dataset, maintainer-curated from the holding institution's public page.",2026-09-01
MV-000037,ircam-amazigh-culture,Institut Royal de la Culture Amazighe,Institut Royal de la Culture Amazighe (IRCAM),Morocco,MA,Africa,Northern Africa,34.0209,-6.8416,Tamazight; Arabic; French,,oral tradition; language documentation; history,History & politics; Language & linguistics; Oral tradition & folklore,2001,,"Founded by royal decree in 2001, IRCAM researches and promotes Amazigh (Berber) language and culture across Morocco, including documentation of oral literature and dialects through its research centres in Rabat.",https://www.ircam.ma/,Institut Royal de la Culture Amazighe. Retrieved from https://www.ircam.ma/.,,,,partially_verified,,"v0.1 seed dataset, maintainer-curated from the holding institution's public page.",2026-09-01
MV-000038,fondation-hampate-ba,Fondation Amadou Hampâté Bâ,Fondation Amadou Hampâté Bâ,Côte d'Ivoire,CI,Africa,Sub-Saharan Africa,5.3599,-3.9906,French; Fulfulde; Bambara,,oral tradition; history; griot heritage,History & politics; Oral tradition & folklore,2002,,"Based in Abidjan, this foundation preserves the personal archive of Malian writer and ethnologist Amadou Hampate Ba, a lifelong advocate for African oral tradition, including audiovisual recordings and manuscripts now being digitized with UNESCO support.",https://www.unesco.org/en/memory-world/amadou-hampate-ba,Fondation Amadou Hampâté Bâ. Retrieved via UNESCO Memory of the World: https://www.unesco.org/en/memory-world/amadou-hampate-ba.,In-person access in Abidjan; digitization and online access underway via UNESCO partnership.,bird-mali-collections; celhto-oral-tradition-archive,,partially_verified,,"v0.1 seed dataset, maintainer-curated from the holding institution's public page.",2026-09-01
MV-000039,moorish-epic-theydinn,Moorish Epic T'heydinn,UNESCO Intangible Cultural Heritage / Mauritanian griot (iggawin) tradition,Mauritania,MR,Africa,Sub-Saharan Africa,18.0735,-15.9582,Hassaniya Arabic,,oral tradition; griot heritage; history,History & politics; Oral tradition & folklore,2011,,"A UNESCO-listed oral epic tradition of Mauritania's Moorish tribes, recited by griot (iggawin) families accompanied by lute, harp, and kettledrum, functioning as each tribe's sung and spoken oral history handed down through generations.",https://ich.unesco.org/en/USL/moorish-epic-t-heydinn-00524,UNESCO Intangible Cultural Heritage. Moorish Epic T'heydinn. Retrieved from https://ich.unesco.org/en/USL/moorish-epic-t-heydinn-00524.,,sosso-bala-cultural-space,,partially_verified,,"v0.1 seed dataset, maintainer-curated from the holding institution's public page.",2026-09-01
MV-000040,refugee-law-project-uganda,Documentation of War-Affected Communities,"Refugee Law Project, Makerere University",Uganda,UG,Africa,Sub-Saharan Africa,0.3476,32.5825,English; Acholi; Luo,,war and conflict; transitional justice; human rights,Human rights & justice; War & conflict,1999,,"Founded in 1999 as an outreach project of Makerere University's law school, the Refugee Law Project documents testimony and advocates for transitional justice for communities affected by conflict with the Lord's Resistance Army in northern Uganda.",https://www.refugeelawproject.org/,"Refugee Law Project, Makerere University. Retrieved from https://www.refugeelawproject.org/.",,,,partially_verified,,"v0.1 seed dataset, maintainer-curated from the holding institution's public page.",2026-09-01
MV-000041,zochrot-nakba-testimonies,Nakba Survivor Testimonies,Zochrot,Israel,IL,Asia,Western Asia,32.0853,34.7818,Arabic; Hebrew,,Nakba; displacement; memory and reconciliation,Human rights & justice; Migration & displacement,2002,,"An Israeli NGO founded in 2002 that collects and publishes video testimonies from Palestinian refugees who witnessed the 1948 Nakba, alongside accounts from Israelis who took part in the 1948 war, to promote public accountability and the right of return.",https://www.zochrot.org/testimonies/all/en,Zochrot. Nakba Survivor Testimonies. Retrieved from https://www.zochrot.org/testimonies/all/en.,"Freely accessible online, video testimonies with searchable database.",ips-narrating-palestine; palestinian-oral-history-archive,https://www.zochrot.org/testimonies/all/en,partially_verified,,"v0.1 seed dataset, maintainer-curated from the holding institution's public page.",2026-09-01
MV-000042,umam-documentation-research,UMAM Documentation & Research,UMAM Documentation & Research,Lebanon,LB,Asia,Western Asia,33.8464,35.4936,Arabic; French; English,,war and conflict; memory and reconciliation; human rights,Human rights & justice; War & conflict,2004,,"A nonprofit founded in 2004 in Beirut's southern suburbs that collects documents, interviews, and narratives relating to the 1975-1990 Lebanese Civil War, working to break cycles of blame through public engagement with contested memory.",https://www.umam-dr.org/,UMAM Documentation & Research. Retrieved from https://www.umam-dr.org/.,,palestinian-oral-history-archive,,partially_verified,,"v0.1 seed dataset, maintainer-curated from the holding institution's public page.",2026-09-01
MV-000043,ips-narrating-palestine,Narrating Palestine: The Palestinian Oral History Archive Project,Institute for Palestine Studies,Lebanon,LB,Asia,Western Asia,33.8938,35.5018,Arabic; English,,Nakba; displacement; oral tradition,Migration & displacement; Oral tradition & folklore,2011,,"Launched in 2011, this project of the Beirut-based Institute for Palestine Studies digitizes and catalogs Palestinian oral history testimonies gathered by researchers across the region, from Ramallah and Haifa to Beirut, Damascus, and Amman.",https://www.palestine-studies.org/en/node/227700,Institute for Palestine Studies. Narrating Palestine: The Palestinian Oral History Archive Project. Retrieved from https://www.palestine-studies.org/en/node/227700.,,palestinian-oral-history-archive; zochrot-nakba-testimonies,,partially_verified,,"v0.1 seed dataset, maintainer-curated from the holding institution's public page.",2026-09-01
MV-000044,institut-kurde-paris,Kurdish Digital Library and Audio Archive,Institut kurde de Paris,France,FR,Europe,Western Europe,48.8566,2.3522,Kurdish; French,"Kurdish (Kurmanji, Sorani)",language documentation; oral tradition; history,History & politics; Language & linguistics; Oral tradition & folklore,1983,,"An independent Kurdish cultural foundation created in Paris in 1983 that maintains a library and audio archive of Kurdish music, spoken recordings, and periodicals aimed at preserving Kurdish language and cultural memory.",https://www.institutkurde.org/,Institut kurde de Paris. Retrieved from https://www.institutkurde.org/.,,pangloss-collection,,partially_verified,,"v0.1 seed dataset, maintainer-curated from the holding institution's public page.",2026-09-01
MV-000045,yad-vashem-testimonies,Survivor Testimonies Collection,Yad Vashem,Israel,IL,Asia,Western Asia,31.7736,35.175,Hebrew; English; Multiple languages,multiple languages,Holocaust; genocide; human rights,Genocide & mass violence; Human rights & justice,1953,,"Israel's official Holocaust remembrance authority, established by law in 1953, holds over 125,000 survivor testimonies (written, audio, and video) among more than 210 million pages of Holocaust documentation, with thousands available online.",https://www.yadvashem.org/archive/about/testimonies.html,Yad Vashem. Survivor Testimonies Collection. Retrieved from https://www.yadvashem.org/archive/about/testimonies.html.,Thousands of full testimonies freely viewable online; broader archive by researcher request.,armenian-film-foundation; david-boder-voices-of-holocaust; fortunoff-video-archive; usc-shoah-foundation-vha; yahad-in-unum,https://www.yadvashem.org/holocaust/video-testimonies.html,partially_verified,,"v0.1 seed dataset, maintainer-curated from the holding institution's public page.",2026-09-01
MV-000046,harvard-iranian-oral-history,Iranian Oral History Project,Harvard University Center for Middle Eastern Studies,Iran,IR,Asia,Southern Asia,35.6892,51.389,Persian; English,,political history; history; memory and reconciliation,History & politics; Human rights & justice,1981,,"Launched at Harvard in 1981 by historian Habib Ladjevardi, this project recorded personal accounts of 134 political leaders and eyewitnesses to major events in Iranian history from the 1920s through the 1980s, now digitized and streamed publicly.",https://cmes.fas.harvard.edu/projects/iohp,Harvard University Center for Middle Eastern Studies. Iranian Oral History Project. Retrieved from https://cmes.fas.harvard.edu/projects/iohp.,,,,partially_verified,,"v0.1 seed dataset, maintainer-curated from the holding institution's public page.",2026-09-01
MV-000047,odysseo-generiques-oral-archives,Oral Archives of Immigration History (Odysseo),Genériques / Les Amis de Génériques,France,FR,Europe,Western Europe,48.8566,2.3522,French; Arabic; Multiple languages,multiple immigrant languages,migration; displacement; labor history,Labor; Migration & displacement,1987,,"Founded in 1987, the association Genériques built the Odysseo portal cataloguing sources on immigration to France since 1800, including an oral-history campaign recording dozens of witnesses to 1968-1988 immigrant mobilization and anti-discrimination struggles.",https://www.lesamisdegeneriques.org/,Genériques. Oral Archives of Immigration History. Retrieved from https://www.lesamisdegeneriques.org/.,Digitized sources freely searchable online via the Odysseo portal.,domid-migration-museum,,partially_verified,,"v0.1 seed dataset, maintainer-curated from the holding institution's public page.",2026-09-01
MV-000048,iwm-sound-archive,Sound Archive,Imperial War Museums,United Kingdom,GB,Europe,Northern Europe,51.4954,-0.1098,English; Multiple languages,multiple languages,war and conflict; military history; oral tradition,Oral tradition & folklore; War & conflict,1972,,"Established in 1972 as the Department of Sound Records, IWM's Sound Archive is the world's largest oral history archive of its kind, with over 60,000 hours of interviews covering conflicts since 1914 in more than 15 languages.",https://www.iwm.org.uk/collections/sound,Imperial War Museums. Sound Archive. Retrieved from https://www.iwm.org.uk/collections/sound.,Many recordings streamable online; full collection via research room visit.,bl-national-life-stories; fortunoff-video-archive; national-wwii-museum-oral-history; veterans-history-project,,partially_verified,,"v0.1 seed dataset, maintainer-curated from the holding institution's public page.",2026-09-01
MV-000049,prisons-memory-archive,Prisons Memory Archive,Prisons Memory Archive / Public Record Office of Northern Ireland,United Kingdom,GB,Europe,Northern Europe,54.5973,-5.9301,English,,war and conflict; memory and reconciliation; human rights,Human rights & justice; War & conflict,2006,2007,"Between 2006 and 2007, filmmakers recorded 161 filmed oral histories with former prisoners, officers, chaplains, and visitors inside Armagh Gaol and the Maze and Long Kesh Prison, capturing life-storytelling about Northern Ireland's Troubles.",https://prisonsmemoryarchive.com/,Prisons Memory Archive. Retrieved from https://prisonsmemoryarchive.com/.,Selected extracts online; full collection held at the Public Record Office of Northern Ireland.,,,partially_verified,,"v0.1 seed dataset, maintainer-curated from the holding institution's public page.",2026-09-01
MV-000050,ajr-refugee-voices,AJR Refugee Voices Testimony Archive,Association of Jewish Refugees,United Kingdom,GB,Europe,Northern Europe,51.5074,-0.1278,English; German,,Holocaust; migration; displacement,Genocide & mass violence; Migration & displacement,2003,,"Commissioned in 2003, this UK archive holds 310 filmed interviews totalling 450 hours with Jewish refugees and survivors of Nazi Europe who rebuilt their lives in Britain, with summaries and clips available and full interviews via research partners.",https://www.ajrrefugeevoices.org.uk/,Association of Jewish Refugees. Refugee Voices Testimony Archive. Retrieved from https://www.ajrrefugeevoices.org.uk/.,Summaries and short clips online; full unedited interviews via institutional partners.,,,partially_verified,,"v0.1 seed dataset, maintainer-curated from the holding institution's public page.",2026-09-01
MV-000051,warwick-modern-records-centre,Working Class and Labour Oral History Archive,"Modern Records Centre, University of Warwick",United Kingdom,GB,Europe,Northern Europe,52.3793,-1.561,English,,labor history; social history; political history,History & politics; Labor,1973,,"Established in 1973, the Modern Records Centre holds Britain's largest archive of trade union records and industrial relations history, including oral history recordings documenting the working-class labour movement.",https://warwick.ac.uk/services/library/mrc/,"Modern Records Centre, University of Warwick. Retrieved from https://warwick.ac.uk/services/library/mrc/.",,bl-national-life-stories; walter-reuther-library,,partially_verified,,"v0.1 seed dataset, maintainer-curated from the holding institution's public page.",2026-09-01
MV-000052,national-library-wales-sound-archive,Screen and Sound Archive,National Library of Wales,United Kingdom,GB,Europe,Northern Europe,52.4153,-4.0829,Welsh; English,,oral tradition; migration; social history,History & politics; Migration & displacement; Oral tradition & folklore,1898,,"The National Library of Wales's Screen and Sound Archive preserves recordings of Welsh life dating from 1898 onward, including oral history interviews with Welsh migrants to North America and Patagonia, dialect recordings, and industrial-community testimony.",https://www.library.wales/catalogues-searching/about-our-collections/screen-sound-archive,National Library of Wales. Screen and Sound Archive. Retrieved from https://www.library.wales/catalogues-searching/about-our-collections/screen-sound-archive.,,,,partially_verified,,"v0.1 seed dataset, maintainer-curated from the holding institution's public page.",2026-09-01
MV-000053,european-solidarity-centre-archive,European Solidarity Centre Archive,European Solidarity Centre,Poland,PL,Europe,Eastern Europe,54.352,18.6466,Polish; English,,labor history; political history; totalitarianism,Genocide & mass violence; History & politics; Labor,2008,,"Operating since 2008 in Gdansk, this archive collects documents, photographs, and personal testimony documenting Poland's Solidarity trade union movement and the wider anti-communist opposition in Eastern Europe from 1970 to 1989.",https://ecs.gda.pl/en/archive/,European Solidarity Centre. Archive. Retrieved from https://ecs.gda.pl/en/archive/.,,karta-center-poland; memory-of-nations-czech,,partially_verified,,"v0.1 seed dataset, maintainer-curated from the holding institution's public page.",2026-09-01
MV-000054,karta-center-poland,Ośrodek KARTA Oral History Collections,KARTA Center Foundation,Poland,PL,Europe,Eastern Europe,52.2148,21.0128,Polish; Russian; Ukrainian,,totalitarianism; war and conflict; political history,Genocide & mass violence; History & politics; War & conflict,1982,,"Growing out of an underground publishing project launched in early 1982 during martial law, Poland's largest community archive now holds oral history recordings and biographical accounts documenting Nazi and Soviet occupation, deportation, and communist-era persecution.",https://karta.org.pl/,KARTA Center Foundation. Retrieved from https://karta.org.pl/.,,european-solidarity-centre-archive; memory-of-nations-czech; osa-archivum-budapest,,partially_verified,,"v0.1 seed dataset, maintainer-curated from the holding institution's public page.",2026-09-01
MV-000055,osa-archivum-budapest,Blinken OSA Archivum,Central European University,Hungary,HU,Europe,Eastern Europe,47.4979,19.0402,English; Hungarian; Russian,,totalitarianism; human rights; political history,Genocide & mass violence; History & politics; Human rights & justice,1995,,"Founded by George Soros in 1995, this Budapest archive holds Cold War-era records including Radio Free Europe/Radio Liberty materials and oral history interviews with former Soviet dissidents and Communist Party officials.",https://archivum.org/,"Blinken OSA Archivum, Central European University. Retrieved from https://archivum.org/.",,karta-center-poland; memory-of-nations-czech,,partially_verified,,"v0.1 seed dataset, maintainer-curated from the holding institution's public page.",2026-09-01
MV-000056,pcrc-ordinary-heroes,Ordinary Heroes Digital Archive,Post-Conflict Research Center,Bosnia and Herzegovina,BA,Europe,Southern Europe,43.8563,18.4131,Bosnian,,war and conflict; memory and reconciliation; human rights,Human rights & justice; War & conflict,2011,,"Founded in Sarajevo in 2011, the Post-Conflict Research Center collects testimony of rescuers and survivors from the 1992-95 Bosnian War through its Ordinary Heroes peacebuilding programme, preserving oral testimonies, letters, and diaries.",https://p-crc.org/our-work/post-conflict-research/rescue-and-survivor-testemonials/ordinary-heroes-digital-archive/,Post-Conflict Research Center. Ordinary Heroes Digital Archive. Retrieved from https://p-crc.org/our-work/post-conflict-research/rescue-and-survivor-testemonials/ordinary-heroes-digital-archive/.,,,,partially_verified,,"v0.1 seed dataset, maintainer-curated from the holding institution's public page.",2026-09-01
MV-000057,yahad-in-unum,Holocaust by Bullets Testimony Archive,Yahad-In Unum,France,FR,Europe,Western Europe,48.8566,2.3522,French; Ukrainian; Russian; Polish; Multiple languages,multiple languages,Holocaust; genocide; war and conflict,Genocide & mass violence; War & conflict,2004,,"Founded in 2004 by Father Patrick Desbois, this Paris-based organization has recorded over 7,000 eyewitness interviews across Central and Eastern Europe documenting mass shootings of Jews during the Holocaust, identifying more than 3,000 execution sites.",https://www.yahadinunum.org/,Yahad-In Unum. Holocaust by Bullets Testimony Archive. Retrieved from https://www.yahadinunum.org/.,Archive being transferred to Yad Vashem for public research access.,memory-of-nations-czech; yad-vashem-testimonies,,partially_verified,,"v0.1 seed dataset, maintainer-curated from the holding institution's public page.",2026-09-01
MV-000058,berlin-phonogramm-archiv,Berliner Phonogramm-Archiv,"Ethnologisches Museum, Staatliche Museen zu Berlin",Germany,DE,Europe,Western Europe,52.5063,13.2066,Multiple languages,multiple world languages,oral tradition; ethnomusicology; music,"Music, performance & broadcasting; Oral tradition & folklore",1893,1954,"One of the world's oldest sound archives, the Berlin Phonogramm-Archiv preserves about 30,000 wax cylinder recordings made between 1893 and 1954 documenting music and spoken traditions from cultures around the globe, inscribed on UNESCO's Memory of the World register.",https://www.smb.museum/en/museums-institutions/ethnologisches-museum/collection-research/research/sound-recordings-made-by-the-prussian-phonographic-commission/,"Ethnologisches Museum, Staatliche Museen zu Berlin. Berliner Phonogramm-Archiv. Retrieved from https://www.smb.museum/en/museums-institutions/ethnologisches-museum/collection-research/research/sound-recordings-made-by-the-prussian-phonographic-commission/.",,association-cultural-equity-lomax; austria-phonogrammarchiv; ralph-rinzler-folklife-archives,,partially_verified,,"v0.1 seed dataset, maintainer-curated from the holding institution's public page.",2026-09-01
MV-000059,romarchive,RomArchive,RomArchive e.V.,Germany,DE,Europe,Western Europe,52.52,13.405,Romani; German; English,,oral tradition; genocide; human rights,Genocide & mass violence; Human rights & justice; Oral tradition & folklore,2019,,"Launched online in January 2019 after a five-year international project, RomArchive is a digital archive of Roma and Sinti arts and history told by Roma and Sinti themselves, including a dedicated section of oral testimonies from victims of Nazi persecution.",https://www.romarchive.eu/en/,RomArchive. Retrieved from https://www.romarchive.eu/en/.,Freely accessible online.,austria-phonogrammarchiv,,partially_verified,,"v0.1 seed dataset, maintainer-curated from the holding institution's public page.",2026-09-01
MV-000060,finnish-literature-society-folklore-archive,Folklore Archives of the Finnish Literature Society,Finnish Literature Society (SKS),Finland,FI,Europe,Northern Europe,60.1699,24.9384,Finnish; Karelian,,oral tradition; folklife; music,"Music, performance & broadcasting; Oral tradition & folklore",1937,,"Consolidated in 1937 from folklore collections begun when the Society was founded in 1831, this archive holds around 4 million folklore items and 30,000 hours of sound and video, including the field poetry that formed the basis of the Finnish epic Kalevala.",https://www.finlit.fi/en/archives/,Finnish Literature Society (SKS). Folklore Archives. Retrieved from https://www.finlit.fi/en/archives/.,,duchas-national-folklore-collection; estonian-folklore-archives; tobar-an-dualchais,,partially_verified,,"v0.1 seed dataset, maintainer-curated from the holding institution's public page.",2026-09-01
MV-000061,estonian-folklore-archives,Estonian Folklore Archives,Estonian Literary Museum,Estonia,EE,Europe,Northern Europe,58.3776,26.729,Estonian; Võro; Seto,,oral tradition; folklife; language documentation,Language & linguistics; Oral tradition & folklore,1927,,"Founded in Tartu in 1927, Estonia's central folklore archive holds roughly 1.5 million manuscript pages, 188,000 sound recordings, and 1,700 films documenting Estonian and Seto folk song, storytelling, and oral tradition.",https://www.kirmus.ee/en/about-us/departments/estonian-folklore-archives,Estonian Literary Museum. Estonian Folklore Archives. Retrieved from https://www.kirmus.ee/en/about-us/departments/estonian-folklore-archives.,,finnish-literature-society-folklore-archive; tobar-an-dualchais,,partially_verified,,"v0.1 seed dataset, maintainer-curated from the holding institution's public page.",2026-09-01
MV-000062,georgia-traditional-polyphony-center,International Research Center for Traditional Polyphony,Tbilisi Vano Sarajishvili State Conservatoire,Georgia,GE,Asia,Western Asia,41.71,44.79,Georgian,,oral tradition; music; ethnomusicology,"Music, performance & broadcasting; Oral tradition & folklore",2002,,"Established with UNESCO support in 2002-2003, this Tbilisi research centre studies and documents Georgian traditional vocal polyphony, an oral musical tradition inscribed on UNESCO's list of the Intangible Cultural Heritage of Humanity.",https://polyphony.ge/en/home-2/,"International Research Center for Traditional Polyphony, Tbilisi State Conservatoire. Retrieved from https://polyphony.ge/en/home-2/.",,,,partially_verified,,"v0.1 seed dataset, maintainer-curated from the holding institution's public page.",2026-09-01
MV-000063,ahotsak-basque-oral-archive,Ahotsak.eus Basque Oral Archive,Badihardugu Association,Spain,ES,Europe,Southern Europe,43.263,-2.935,Basque; Spanish; French,,oral tradition; language documentation; social history,History & politics; Language & linguistics; Oral tradition & folklore,2003,,"Since 2003, this project has video-recorded interviews with more than 6,000 Basque speakers over age 75 across Spain and France, documenting Basque dialects, local history, and 20th-century historical memory.",https://ahotsak.eus/english/,Badihardugu Association. Ahotsak.eus Basque Oral Archive. Retrieved from https://ahotsak.eus/english/.,"Freely accessible online, catalogued by topic and town.",,,partially_verified,,"v0.1 seed dataset, maintainer-curated from the holding institution's public page.",2026-09-01
MV-000064,isof-sweden-folklore,"Dialect, Name, and Folklore Archives",Institutet för sprak och folkminnen (Isof),Sweden,SE,Europe,Northern Europe,59.8586,17.6389,Swedish; Sámi languages; Finnish,Sami,oral tradition; folklife; language documentation,Language & linguistics; Oral tradition & folklore,2006,,"Sweden's government agency for language and folklore, in its current form since a 2006 institutional merger, holds archives of dialect recordings, folk music, and folklore gathered from across the country and Swedish-speaking areas abroad.",https://www.isof.se/,Institutet för sprak och folkminnen (Isof). Retrieved from https://www.isof.se/.,,,,partially_verified,,"v0.1 seed dataset, maintainer-curated from the holding institution's public page.",2026-09-01
MV-000065,austria-phonogrammarchiv,Phonogrammarchiv,Austrian Academy of Sciences,Austria,AT,Europe,Western Europe,48.2082,16.3738,Multiple languages,multiple world languages,oral tradition; ethnomusicology; language documentation,"Language & linguistics; Music, performance & broadcasting; Oral tradition & folklore",1899,,"Founded in 1899, the Vienna Phonogrammarchiv is the world's oldest audiovisual research archive, holding field recordings of languages, dialects, and non-European music made chiefly by Austrian scholars, many inscribed on UNESCO's Memory of the World register.",https://www.oeaw.ac.at/en/phonogrammarchiv/phonogrammarchiv/history-of-the-pha,Austrian Academy of Sciences. Phonogrammarchiv. Retrieved from https://www.oeaw.ac.at/en/phonogrammarchiv/phonogrammarchiv/history-of-the-pha.,,berlin-phonogramm-archiv; romarchive,,partially_verified,,"v0.1 seed dataset, maintainer-curated from the holding institution's public page.",2026-09-01
MV-000066,sami-archives-norway,The Sami Archives,National Archival Services of Norway,Norway,NO,Europe,Northern Europe,69.0125,23.0412,Northern Sámi; Norwegian,,indigenous history; oral tradition; language documentation,Colonialism & Indigenous histories; Language & linguistics; Oral tradition & folklore,1988,,"Located at the Sami academic park Diehtosiida in Kautokeino, the Sami Archives has preserved material relating to the Sami people since 1988, and since 2005 operates as part of Norway's National Archival Services.",https://www.arkivverket.no/om-oss/samisk-arkiv,National Archival Services of Norway. The Sami Archives. Retrieved from https://www.arkivverket.no/om-oss/samisk-arkiv.,,,,partially_verified,,"v0.1 seed dataset, maintainer-curated from the holding institution's public page.",2026-09-01
MV-000067,singapore-oral-history-centre,Oral History Centre,National Archives of Singapore,Singapore,SG,Asia,South-eastern Asia,1.2833,103.85,English; Mandarin Chinese; Malay; Tamil,,national memory; everyday life; social history,History & politics; Memory & community,1979,,"Set up in 1979, Singapore's Oral History Centre records life stories and eyewitness accounts documenting the nation's diverse voices, from leaders and innovators to ordinary residents who witnessed historical change.",https://www.nas.gov.sg/archivesonline/oral_history_interviews/about-us,National Archives of Singapore. Oral History Centre. Retrieved from https://www.nas.gov.sg/archivesonline/oral_history_interviews/about-us.,Interviews searchable online; full recordings subject to interviewee consent.,,,partially_verified,,"v0.1 seed dataset, maintainer-curated from the holding institution's public page.",2026-09-01
MV-000068,citizens-archive-pakistan,Oral History Project,Citizens Archive of Pakistan,Pakistan,PK,Asia,Southern Asia,24.8607,67.0011,Urdu; English; Punjabi; Sindhi,,Partition; displacement; migration,Migration & displacement,2007,,"Founded in 2007 in Karachi, this nonprofit's Oral History Project has recorded over 5,000 testimonies, beginning with survivors of the 1947 Partition and expanding to broader South Asian historical narratives.",https://citizensarchive.org/portfolio-item/oral-history-project/,Citizens Archive of Pakistan. Oral History Project. Retrieved from https://citizensarchive.org/portfolio-item/oral-history-project/.,,1947-partition-archive,,partially_verified,,"v0.1 seed dataset, maintainer-curated from the holding institution's public page.",2026-09-01
MV-000069,nehru-memorial-oral-history,Oral History Division,Nehru Memorial Museum and Library,India,IN,Asia,Southern Asia,28.5921,77.1998,Hindi; English,,political history; history; national memory,History & politics; Memory & community,1966,,"Organized beginning in 1966, this division of India's Nehru Memorial Museum and Library recorded reminiscences of figures connected to Gandhi and Nehru and participants in India's freedom struggle, later expanding to economic and cultural history; 838 transcripts are held.",https://nehruportal.nic.in/oral-history,Nehru Memorial Museum and Library. Oral History Division. Retrieved from https://nehruportal.nic.in/oral-history.,,1947-partition-archive,,partially_verified,,"v0.1 seed dataset, maintainer-curated from the holding institution's public page.",2026-09-01
MV-000070,sparrow-india,SPARROW: Sound & Picture Archives for Research on Women,SPARROW,India,IN,Asia,Southern Asia,19.2183,72.8493,Hindi; Tamil; English; Multiple languages,multiple Indian languages,women's history; oral tradition; everyday life,Gender & sexuality; Memory & community; Oral tradition & folklore,1988,,"Founded in Mumbai in 1988 by writer C.S. Lakshmi, SPARROW is India's largest archive of women's history, holding oral history recordings, personal papers, photographs, and documentary films centering women's own accounts of social change.",https://www.sparrowonline.org/,SPARROW. Sound & Picture Archives for Research on Women. Retrieved from https://www.sparrowonline.org/.,,sophia-smith-voices-of-feminism,,partially_verified,,"v0.1 seed dataset, maintainer-curated from the holding institution's public page.",2026-09-01
MV-000071,hong-kong-memory-project,Hong Kong Memory Project,Hong Kong University of Science and Technology,Hong Kong,HK,Asia,Eastern Asia,22.3193,114.1694,Cantonese; English,,oral tradition; everyday life; national memory,Memory & community; Oral tradition & folklore,2006,,"Begun in 2006, this digital repository gathers oral history and multimedia documentation of Hong Kong's history and culture, covering topics from Kai Tak Airport's neighbourhood to village life and traditional festivals.",https://www.hkmemory.hk/en/index.html,Hong Kong Memory Project. Retrieved from https://www.hkmemory.hk/en/index.html.,Freely accessible online.,,,partially_verified,,"v0.1 seed dataset, maintainer-curated from the holding institution's public page.",2026-09-01
MV-000072,shanghai-comfort-women-museum,"Chinese ""Comfort Women"" History Museum and Research Center",Shanghai Normal University,China,CN,Asia,Eastern Asia,31.1631,121.4184,Mandarin Chinese,,war and conflict; women's history; human rights,Gender & sexuality; Human rights & justice; War & conflict,1999,,"Since founding a research center in 1999, historian Su Zhiliang and colleagues have recorded testimony from more than 100 Chinese survivors of Japan's wartime military sexual slavery system, opening a dedicated museum on campus in 2016.",https://www.shnu.edu.cn/,"Shanghai Normal University. Chinese ""Comfort Women"" History Museum and Research Center. Retrieved from https://www.shnu.edu.cn/.",,house-of-sharing-korea,,partially_verified,,"v0.1 seed dataset, maintainer-curated from the holding institution's public page.",2026-09-01
MV-000073,jeju43-peace-foundation,Jeju 4.3 Archives,Jeju 4.3 Peace Foundation,South Korea,KR,Asia,Eastern Asia,33.4996,126.5312,Korean,,war and conflict; human rights; memory and reconciliation,Human rights & justice; War & conflict,2008,,"Established in 2008, this foundation manages Jeju's Peace Memorial Hall and an archive of over 14,600 victim and bereaved-family testimonies documenting the 1947-54 Jeju uprising and massacre, inscribed on UNESCO's Memory of the World Register in 2025.",http://jeju43peace.org/,Jeju 4.3 Peace Foundation. Jeju 4.3 Archives. Retrieved from http://jeju43peace.org/.,,,,partially_verified,,"v0.1 seed dataset, maintainer-curated from the holding institution's public page.",2026-09-01
MV-000074,house-of-sharing-korea,Museum of Sexual Slavery by the Japanese Military,House of Sharing,South Korea,KR,Asia,Eastern Asia,37.4292,127.2145,Korean; English; Japanese,,war and conflict; women's history; human rights,Gender & sexuality; Human rights & justice; War & conflict,1992,,"Founded in 1992 as a residence for surviving Korean 'comfort women,' the House of Sharing includes the world's first museum devoted to wartime sexual slavery, preserving the testimonies, belongings, and artwork of its former residents.",http://www.nanum.org/,House of Sharing. Museum of Sexual Slavery by the Japanese Military. Retrieved from http://www.nanum.org/.,,shanghai-comfort-women-museum,,partially_verified,,"v0.1 seed dataset, maintainer-curated from the holding institution's public page.",2026-09-01
MV-000075,korean-war-legacy-foundation,Korean War Legacy Foundation Interview Archive,Korean War Legacy Foundation,United States,US,Americas,Northern America,43.0481,-76.1474,English; Korean; Multiple languages,multiple UN-participant languages,war and conflict; military history,War & conflict,2005,,"Growing from a 2005 encounter with Syracuse-area veterans, this foundation built the world's largest archive of Korean War oral histories, with over 1,500 recorded interviews of veterans from dozens of participating countries.",https://koreanwarlegacy.org/interactive-library/,Korean War Legacy Foundation. Interview Archive. Retrieved from https://koreanwarlegacy.org/interactive-library/.,"Freely accessible online, searchable video library.",veterans-history-project,https://koreanwarlegacy.org/interactive-library/,partially_verified,,"v0.1 seed dataset, maintainer-curated from the holding institution's public page.",2026-09-01
MV-000076,taiwan-human-rights-museum-white-terror,White Terror Oral History Archive,National Human Rights Museum,Taiwan,TW,Asia,Eastern Asia,24.9737,121.5398,Mandarin Chinese; Taiwanese Hokkien,,political history; human rights; memory and reconciliation,History & politics; Human rights & justice,2011,,"A preparatory office founded in 2011 (formally established as a museum in 2018) has recorded oral history interviews with more than 500 political prisoners and their families, documenting Taiwan's 1949-1987 White Terror era of martial-law repression.",https://www.nhrm.gov.tw/w/nhrmEN/About,National Human Rights Museum. White Terror Oral History Archive. Retrieved from https://www.nhrm.gov.tw/w/nhrmEN/About.,,,,partially_verified,,"v0.1 seed dataset, maintainer-curated from the holding institution's public page.",2026-09-01
MV-000077,vietnam-center-ttu,Oral History Project,"The Vietnam Center and Sam Johnson Vietnam Archive, Texas Tech University",United States,US,Americas,Northern America,33.5779,-101.8552,English; Vietnamese,,war and conflict; military history; migration,Migration & displacement; War & conflict,1999,,"Since 1999, this project of the world's largest nongovernmental Vietnam War archive has collected over 1,100 oral history interviews with American veterans, Vietnamese allies and opponents, protesters, and family members, available via its Virtual Vietnam Archive.",https://www.vietnam.ttu.edu/oralhistory/,"The Vietnam Center and Sam Johnson Vietnam Archive, Texas Tech University. Oral History Project. Retrieved from https://www.vietnam.ttu.edu/oralhistory/.",,veterans-history-project,,partially_verified,,"v0.1 seed dataset, maintainer-curated from the holding institution's public page.",2026-09-01
MV-000078,liberation-war-museum-bangladesh,Liberation War Museum Oral History Archive,Liberation War Museum,Bangladesh,BD,Asia,Southern Asia,23.7797,90.3639,Bengali; English,,war and conflict; national memory; displacement,Memory & community; Migration & displacement; War & conflict,1996,,"Established in Dhaka in 1996, the Liberation War Museum has coordinated student-led oral history collection nationwide, gathering some 70,000 eyewitness accounts of Bangladesh's 1971 Liberation War alongside its collection of wartime artifacts.",https://www.liberationwarmuseumbd.org/,Liberation War Museum. Oral History Archive. Retrieved from https://www.liberationwarmuseumbd.org/.,,,,partially_verified,,"v0.1 seed dataset, maintainer-curated from the holding institution's public page.",2026-09-01
MV-000079,nagasaki-peace-memorial-testimonies,Testimonies of the Atomic Bomb Survivors,Nagasaki National Peace Memorial Hall for the Atomic Bomb Victims,Japan,JP,Asia,Eastern Asia,32.7736,129.8636,Japanese; English,,war and conflict; nuclear history; peace,War & conflict,2003,,"Opened in 2003, this Nagasaki memorial hall records and preserves video testimony from hibakusha (atomic bomb survivors), documenting firsthand accounts of the 1945 atomic bombing and postwar life, alongside a searchable photograph and record database.",https://www.peace-nagasaki.go.jp/en/,Nagasaki National Peace Memorial Hall for the Atomic Bomb Victims. Testimonies of the Atomic Bomb Survivors. Retrieved from https://www.peace-nagasaki.go.jp/en/.,,hiroshima-peace-memorial-testimony; okinawa-peace-memorial-museum,,partially_verified,,"v0.1 seed dataset, maintainer-curated from the holding institution's public page.",2026-09-01
MV-000080,okinawa-peace-memorial-museum,Battle of Okinawa Survivor Testimonies,Okinawa Prefectural Peace Memorial Museum,Japan,JP,Asia,Eastern Asia,26.0908,127.7128,Japanese; Okinawan; English,,war and conflict; peace; memory and reconciliation,Human rights & justice; War & conflict,1975,,"Established in 1975 in Itoman, this museum has documented written and video testimonies of Battle of Okinawa survivors since its founding, honoring the memory of all who perished in the 1945 battle regardless of nationality or military status.",https://www.peace-museum.okinawa.jp/english/,Okinawa Prefectural Peace Memorial Museum. Battle of Okinawa Survivor Testimonies. Retrieved from https://www.peace-museum.okinawa.jp/english/.,,hiroshima-peace-memorial-testimony; nagasaki-peace-memorial-testimonies,,partially_verified,,"v0.1 seed dataset, maintainer-curated from the holding institution's public page.",2026-09-01
MV-000081,michinoku-shinrokuden,Michinoku Shinrokuden,"International Research Institute of Disaster Science, Tohoku University",Japan,JP,Asia,Eastern Asia,38.2682,140.8694,Japanese; English,,disaster and survivor testimony; everyday life; memory and reconciliation,"Human rights & justice; Memory & community; Science, environment & disaster",2011,,"Launched in September 2011, this Tohoku University digital archive collects photographs, records, and firsthand testimonies and stories of the thoughts and memories of survivors of the 2011 Great East Japan Earthquake and tsunami, with civic contributions welcomed.",https://search.shinrokuden.irides.tohoku.ac.jp/shinrokuden/,"International Research Institute of Disaster Science, Tohoku University. Michinoku Shinrokuden. Retrieved from https://search.shinrokuden.irides.tohoku.ac.jp/shinrokuden/.",Freely accessible online; open to public contributions.,hurricane-digital-memory-bank,,partially_verified,,"v0.1 seed dataset, maintainer-curated from the holding institution's public page.",2026-09-01
MV-000082,ainu-museum-nibutani,Nibutani Ainu Culture Museum,"Nibutani Ainu Culture Museum, Biratori Town",Japan,JP,Asia,Eastern Asia,42.6939,142.0158,Ainu; Japanese,,indigenous history; oral tradition; language documentation,Colonialism & Indigenous histories; Language & linguistics; Oral tradition & folklore,1992,,"Opened in 1992 in the Ainu community of Nibutani, Hokkaido, this museum preserves and screens recordings of yukar (heroic epics) and other Ainu oral traditions passed down by word of mouth for generations.",https://www.town.biratori.hokkaido.jp/,"Nibutani Ainu Culture Museum, Biratori Town. Retrieved from https://www.town.biratori.hokkaido.jp/.",,,,partially_verified,,"v0.1 seed dataset, maintainer-curated from the holding institution's public page.",2026-09-01
MV-000083,vanuatu-cultural-centre-archive,Film and Audio Archive,Vanuatu Cultural Centre,Vanuatu,VU,Oceania,Melanesia,-17.7333,168.3167,Bislama; English; French; Multiple languages,multiple ni-Vanuatu languages,oral tradition; folklife; indigenous history,Colonialism & Indigenous histories; Oral tradition & folklore,1955,,"Vanuatu's national cultural institution, tracing its origins to 1955, maintains a Film and Audio Archive and a national heritage registry documenting kastom (customary) oral traditions, ceremonies, and languages across the archipelago's many communities.",https://vanuatuculturalcentre.gov.vu/,Vanuatu Cultural Centre. Film and Audio Archive. Retrieved from https://vanuatuculturalcentre.gov.vu/.,,,,partially_verified,,"v0.1 seed dataset, maintainer-curated from the holding institution's public page.",2026-09-01
MV-000084,itaukei-institute-fiji,iTaukei Institute of Language and Culture,iTaukei Affairs Board,Fiji,FJ,Oceania,Melanesia,-18.1248,178.4501,Fijian; English,,oral tradition; language documentation; indigenous history,Colonialism & Indigenous histories; Language & linguistics; Oral tradition & folklore,1974,,"Evolving from a Fijian dictionary project begun in 1974, this institute is custodian of iTaukei dialects and oral traditions across Fiji's fourteen provinces, running a Cultural Mapping Programme recording traditional knowledge village by village.",https://www.itaukeiaffairs.gov.fj/index.php/divisions/tilc,iTaukei Affairs Board. iTaukei Institute of Language and Culture. Retrieved from https://www.itaukeiaffairs.gov.fj/index.php/divisions/tilc.,,,,partially_verified,,"v0.1 seed dataset, maintainer-curated from the holding institution's public page.",2026-09-01
MV-000085,paradisec-archive,PARADISEC,Pacific and Regional Archive for Digital Sources in Endangered Cultures,Australia,AU,Oceania,Australia and New Zealand,-33.8886,151.1873,Multiple languages,multiple Pacific and Southeast Asian languages,language documentation; oral tradition; indigenous history,Colonialism & Indigenous histories; Language & linguistics; Oral tradition & folklore,2003,,"Established in 2003, this digital archive preserves endangered field recordings from Oceania and Southeast Asia, holding 20,500 hours of audio and 4,000 hours of video documenting 1,291 languages that would otherwise risk being lost.",https://www.paradisec.org.au/,PARADISEC. Retrieved from https://www.paradisec.org.au/.,,aiatsis-collection; ailla-archive; elar-soas,,partially_verified,,"v0.1 seed dataset, maintainer-curated from the holding institution's public page.",2026-09-01
MV-000086,australian-queer-archives,Australian Queer Archives,Australian Queer Archives (AQuA),Australia,AU,Oceania,Australia and New Zealand,-37.8567,144.9749,English,,LGBTQ+ history; social history; community memory,Gender & sexuality; History & politics; Memory & community,1978,,"Established in Melbourne in 1978 as the Australian Lesbian and Gay Archives, AQuA holds over 500,000 items including oral history and audio recordings, the largest collection relating to LGBTQI+ Australians.",https://queerarchives.org.au/,Australian Queer Archives (AQuA). Retrieved from https://queerarchives.org.au/.,,gala-queer-archive; one-archives-usc,,partially_verified,,"v0.1 seed dataset, maintainer-curated from the holding institution's public page.",2026-09-01
MV-000087,gala-queer-archive,GALA Queer Archive,GALA Queer Archive,South Africa,ZA,Africa,Sub-Saharan Africa,-26.1929,28.0305,English; Afrikaans; Zulu; Xhosa,,LGBTQ+ history; human rights; community memory,Gender & sexuality; Human rights & justice; Memory & community,1997,,"Founded in Johannesburg in 1997 as Gay and Lesbian Memory in Action, GALA documents LGBTQIA+ history and culture in South Africa and the region, including oral history projects on lesbian narratives and African women's queer experience.",https://gala.co.za/,GALA Queer Archive. Retrieved from https://gala.co.za/.,,australian-queer-archives; one-archives-usc; saha-oral-history,,partially_verified,,"v0.1 seed dataset, maintainer-curated from the holding institution's public page.",2026-09-01
MV-000088,one-archives-usc,ONE Archives at the USC Libraries,University of Southern California Libraries,United States,US,Americas,Northern America,34.0224,-118.2851,English,,LGBTQ+ history; social history; community memory,Gender & sexuality; History & politics; Memory & community,1952,,"Founded in 1952 and housed at USC Libraries since 2010, ONE Archives is the largest LGBTQ archive in the world, holding over two million items including thousands of oral history video and audio recordings.",https://one.usc.edu/,ONE Archives at the USC Libraries. Retrieved from https://one.usc.edu/.,,a-people-s-archive-of-police-violence-in-cleveland; australian-queer-archives; gala-queer-archive; glbt-historical-society; lesbian-herstory-archives; preserve-the-baltimore-uprising; the-outwords-archive,,partially_verified,,"v0.1 seed dataset, maintainer-curated from the holding institution's public page.",2026-09-01
MV-000089,lesbian-herstory-archives,Lesbian Herstory Archives,Lesbian Herstory Archives,United States,US,Americas,Northern America,40.671,-73.9814,English,,LGBTQ+ history; women's history; community memory,Gender & sexuality; Memory & community,1974,,"Founded in 1974 by members of New York's Gay Academic Union, the Lesbian Herstory Archives in Brooklyn holds the world's largest collection of lesbian history, including roughly 3,000 oral history cassette recordings and 950 videotapes.",https://lesbianherstoryarchives.org/,Lesbian Herstory Archives. Retrieved from https://lesbianherstoryarchives.org/.,,activist-women-s-voices; glbt-historical-society; one-archives-usc,,partially_verified,,"v0.1 seed dataset, maintainer-curated from the holding institution's public page.",2026-09-01
MV-000090,glbt-historical-society,GLBT Historical Society Archives,GLBT Historical Society,United States,US,Americas,Northern America,37.7749,-122.4194,English,,LGBTQ+ history; social history; community memory,Gender & sexuality; History & politics; Memory & community,1985,,"Founded in San Francisco in 1985, the GLBT Historical Society holds an oral history collection begun in 1992 and later projects including the San Francisco ACT UP Oral History Project chronicling AIDS-era direct-action organizing.",https://www.glbthistory.org/archives-about-visitor-info,GLBT Historical Society. Archives. Retrieved from https://www.glbthistory.org/archives-about-visitor-info.,,lesbian-herstory-archives; one-archives-usc,,partially_verified,,"v0.1 seed dataset, maintainer-curated from the holding institution's public page.",2026-09-01
MV-000091,black-cultural-archives-windrush,Windrush Generation Oral Histories,Black Cultural Archives,United Kingdom,GB,Europe,Northern Europe,51.4613,-0.1156,English,,migration; displacement; community memory,Memory & community; Migration & displacement,1981,,"Founded in Brixton in 1981, the Black Cultural Archives holds oral history interviews with members of the Windrush generation and Black Women's Movement, documenting the postwar migration of Caribbean and African communities to Britain.",https://blackculturalarchives.org/our-story,Black Cultural Archives. Windrush Generation Oral Histories. Retrieved from https://blackculturalarchives.org/our-story.,,domid-migration-museum; saada-archive,,partially_verified,,"v0.1 seed dataset, maintainer-curated from the holding institution's public page.",2026-09-01
MV-000092,walter-reuther-library,Walter P. Reuther Library Oral History Collection,Wayne State University,United States,US,Americas,Northern America,42.3573,-83.0673,English,,labor history; social history; civil rights,History & politics; Human rights & justice; Labor,1960,,"Founded in 1960 as the Labor History Archives, North America's largest labor archive holds oral history recordings alongside the papers of unions and labor leaders documenting the American labor movement from Detroit's auto industry outward.",https://reuther.wayne.edu/memory,"Walter P. Reuther Library, Wayne State University. Oral History Collection. Retrieved from https://reuther.wayne.edu/memory.",In-person/reading-room access; recordings requested via the Audiovisual Department.,sohp-unc; warwick-modern-records-centre,,partially_verified,,"v0.1 seed dataset, maintainer-curated from the holding institution's public page.",2026-09-01
MV-000093,sophia-smith-voices-of-feminism,Voices of Feminism Oral History Project,"Sophia Smith Collection, Smith College",United States,US,Americas,Northern America,42.3168,-72.6412,English; Spanish,,women's history; civil rights; labor history,Gender & sexuality; Human rights & justice; Labor,1990,2006,"Recorded between 1990 and 2006 and expanded with Ford Foundation funding, this project documents grassroots feminist organizing in the late 20th-century United States through five-to-six-hour interviews with labor, anti-racism, lesbian-rights, and reproductive-justice activists.",https://libraries.smith.edu/special-collections/research-collections/resources-lists/oral-histories/voices-of-feminism,"Sophia Smith Collection, Smith College. Voices of Feminism Oral History Project. Retrieved from https://libraries.smith.edu/special-collections/research-collections/resources-lists/oral-histories/voices-of-feminism.",,jewish-womens-archive-weaving-words; sparrow-india,,partially_verified,,"v0.1 seed dataset, maintainer-curated from the holding institution's public page.",2026-09-01
MV-000094,jewish-womens-archive-weaving-words,Weaving Women's Words,Jewish Women's Archive,United States,US,Americas,Northern America,42.3601,-71.0589,English,,women's history; everyday life; community memory,Gender & sexuality; Memory & community,2001,,"This early-2000s Jewish Women's Archive initiative recorded oral histories with 30 Jewish women each in Baltimore and Seattle, all born in the early 20th century, capturing decades of social change through their working and family lives.",https://jwa.org/oralhistories,Jewish Women's Archive. Weaving Women's Words. Retrieved from https://jwa.org/oralhistories.,Full audio and transcripts freely available via the Internet Archive.,activist-women-s-voices; sophia-smith-voices-of-feminism,,partially_verified,,"v0.1 seed dataset, maintainer-curated from the holding institution's public page.",2026-09-01
MV-000095,association-cultural-equity-lomax,Alan Lomax Archive / Global Jukebox,Association for Cultural Equity,United States,US,Americas,Northern America,40.7685,-73.9645,Multiple languages,multiple world languages,oral tradition; folklife; music,"Music, performance & broadcasting; Oral tradition & folklore",1933,,"Housing the life's work of folklorist Alan Lomax, who began field recording in the 1930s across the American South, Britain, Spain, Italy, and the Caribbean, this Hunter College-based archive now streams over 6,000 songs from 1,000 cultures via its Global Jukebox platform.",https://www.culturalequity.org/,Association for Cultural Equity. Alan Lomax Archive / Global Jukebox. Retrieved from https://www.culturalequity.org/.,Freely accessible online via the Global Jukebox.,berlin-phonogramm-archiv; oral-history-of-american-music; ralph-rinzler-folklife-archives; slave-narratives-a-folk-history-of-slavery-in-the; tobar-an-dualchais,,partially_verified,,"v0.1 seed dataset, maintainer-curated from the holding institution's public page.",2026-09-01
MV-000096,the-historymakers,The HistoryMakers Digital Archive,The HistoryMakers,United States,US,Americas,Northern America,41.8781,-87.6298,English,,civil rights; everyday life; community memory,Human rights & justice; Memory & community,1999,,"Founded in Chicago in 1999, The HistoryMakers has recorded over 11,000 hours of video oral history across more than 400 U.S. cities, forming the single largest collection of African American first-person video testimony in the world, now preserved at the Library of Congress.",https://www.thehistorymakers.org/,The HistoryMakers. Digital Archive. Retrieved from https://www.thehistorymakers.org/.,,densho-digital-repository; storycorps-national-archive,,partially_verified,,"v0.1 seed dataset, maintainer-curated from the holding institution's public page.",2026-09-01
MV-000097,sohp-unc,Southern Oral History Program,University of North Carolina at Chapel Hill,United States,US,Americas,Northern America,35.9132,-79.0558,English,,social history; civil rights; labor history,History & politics; Human rights & justice; Labor,1973,,"Founded in 1973, the Southern Oral History Program stewards more than 6,000 interviews documenting the U.S. South, from Civil Rights Movement activists and millworkers to educators and community leaders.",https://sohp.org/,"Southern Oral History Program, University of North Carolina at Chapel Hill. Retrieved from https://sohp.org/.",,walter-reuther-library,,partially_verified,,"v0.1 seed dataset, maintainer-curated from the holding institution's public page.",2026-09-01
MV-000098,elar-soas,Endangered Languages Archive (ELAR),SOAS University of London,United Kingdom,GB,Europe,Northern Europe,51.5222,-0.13,Multiple languages,multiple endangered languages,language documentation; oral tradition; indigenous history,Colonialism & Indigenous histories; Language & linguistics; Oral tradition & folklore,2002,,"Based at SOAS since the early 2000s, ELAR is a digital repository of endangered-language documentation from around the world, with regional strongholds in Africa, the Middle East, Asia, Australia, and South America, mostly freely accessible after registration.",https://www.elararchive.org/,SOAS University of London. Endangered Languages Archive (ELAR). Retrieved from https://www.elararchive.org/.,,ailla-archive; endangered-archives-programme; paradisec-archive; tla-dobes,,partially_verified,,"v0.1 seed dataset, maintainer-curated from the holding institution's public page.",2026-09-01
MV-000099,ailla-archive,Archive of the Indigenous Languages of Latin America (AILLA),University of Texas at Austin,United States,US,Americas,Northern America,30.2849,-97.7341,Indigenous languages of the Americas,multiple Indigenous Latin American languages,language documentation; indigenous history; oral tradition,Colonialism & Indigenous histories; Language & linguistics; Oral tradition & folklore,2000,,"Founded in 2000, AILLA is a digital repository preserving field notes, narratives, songs, and oratory recordings documenting Indigenous languages of Latin America, freely accessible online in English, Spanish, and Portuguese.",https://ailla.utexas.org/,University of Texas at Austin. Archive of the Indigenous Languages of Latin America (AILLA). Retrieved from https://ailla.utexas.org/.,,elar-soas; paradisec-archive; tla-dobes,,partially_verified,,"v0.1 seed dataset, maintainer-curated from the holding institution's public page.",2026-09-01
MV-000100,tla-dobes,The Language Archive / DoBeS,Max Planck Institute for Psycholinguistics,Netherlands,NL,Europe,Western Europe,51.8126,5.8372,Multiple languages,multiple endangered languages,language documentation; oral tradition; indigenous history,Colonialism & Indigenous histories; Language & linguistics; Oral tradition & folklore,2000,,"Launched in 2000 with VolkswagenFoundation funding, the DoBeS programme has funded around 50 endangered-language documentation projects worldwide, with annotated recordings stored at Nijmegen's Language Archive; select collections joined UNESCO's Memory of the World register in 2015.",https://tla.mpi.nl/,Max Planck Institute for Psycholinguistics. The Language Archive / DoBeS. Retrieved from https://tla.mpi.nl/.,,ailla-archive; elar-soas,,partially_verified,,"v0.1 seed dataset, maintainer-curated from the holding institution's public page.",2026-09-01
MV-000101,alaska-native-language-archive,Michael E. Krauss Alaska Native Language Archive,University of Alaska Fairbanks,United States,US,Americas,Northern America,64.857,-147.834,Indigenous languages of the Americas,multiple Alaska Native languages,language documentation; indigenous history; oral tradition,Colonialism & Indigenous histories; Language & linguistics; Oral tradition & folklore,1972,,"Created by state legislation in 1972 alongside the Alaska Native Language Center, this Fairbanks archive holds over 15,000 documents and audio recordings dating to the 1940s documenting the twenty Native languages of Alaska.",https://www.uaf.edu/anla/,University of Alaska Fairbanks. Michael E. Krauss Alaska Native Language Archive. Retrieved from https://www.uaf.edu/anla/.,,project-jukebox-alaska,,partially_verified,,"v0.1 seed dataset, maintainer-curated from the holding institution's public page.",2026-09-01
MV-000102,project-jukebox-alaska,Project Jukebox,University of Alaska Fairbanks Oral History Program,United States,US,Americas,Northern America,64.857,-147.834,English; Indigenous languages of the Americas,multiple Alaska Native languages,oral tradition; indigenous history; everyday life,Colonialism & Indigenous histories; Memory & community; Oral tradition & folklore,1985,,"Since the mid-1980s, this digital branch of the University of Alaska Fairbanks Oral History Program has shared audio and video recordings, transcripts, and historic photographs from communities across Alaska, including a statewide 1994-96 Communities of Memory project.",https://jukebox.uaf.edu/,University of Alaska Fairbanks Oral History Program. Project Jukebox. Retrieved from https://jukebox.uaf.edu/.,Freely accessible online.,alaska-native-language-archive,,partially_verified,,"v0.1 seed dataset, maintainer-curated from the holding institution's public page.",2026-09-01
MV-000103,them-days-archives-labrador,Them Days Archives,Them Days,Canada,CA,Americas,Northern America,53.3018,-60.3258,English; Inuktitut; Innu-aimun,,oral tradition; everyday life; indigenous history,Colonialism & Indigenous histories; Memory & community; Oral tradition & folklore,1984,,"Growing out of a quarterly magazine published since 1975, the Them Days Archives in Happy Valley-Goose Bay has since 1984 gathered diaries, letters, and audio and video recordings documenting Labrador history and culture across Inuit, Innu, and settler communities.",https://www.themdays.com/,Them Days. Archives. Retrieved from https://www.themdays.com/.,,,,partially_verified,,"v0.1 seed dataset, maintainer-curated from the holding institution's public page.",2026-09-01
MV-000104,nmai-archive-center,Archive Center,"National Museum of the American Indian, Smithsonian Institution",United States,US,Americas,Northern America,38.8462,-76.9314,English; Indigenous languages of the Americas,multiple Indigenous languages of the Americas,indigenous history; oral tradition; community memory,Colonialism & Indigenous histories; Memory & community; Oral tradition & folklore,1989,,"The Smithsonian's National Museum of the American Indian, established in 1989, maintains an Archive Center with oral history recordings and records of Native and Indigenous artists, writers, activists, and organizations across the Western Hemisphere.",https://americanindian.si.edu/explore/collections/archive,"National Museum of the American Indian, Smithsonian Institution. Archive Center. Retrieved from https://americanindian.si.edu/explore/collections/archive.","By appointment only, onsite research visits.",activist-women-s-voices; doris-duke-utah-oral-history; slave-narratives-a-folk-history-of-slavery-in-the,,partially_verified,,"v0.1 seed dataset, maintainer-curated from the holding institution's public page.",2026-09-01
MV-000105,doris-duke-utah-oral-history,Doris Duke American Indian Oral History Project,"University of Utah, J. Willard Marriott Library",United States,US,Americas,Northern America,40.7649,-111.8421,English; Indigenous languages of the Americas,multiple Indigenous languages,indigenous history; oral tradition; community memory,Colonialism & Indigenous histories; Memory & community; Oral tradition & folklore,1966,1971,"Funded by the Doris Duke Charitable Foundation, the University of Utah's American West Center conducted interviews across six western U.S. states between 1966 and 1971, ultimately recording 1,458 interviews now being digitized with descendant communities.",https://lib.utah.edu/collections/multimedia/oralhistory.php,"University of Utah, J. Willard Marriott Library. Doris Duke American Indian Oral History Project. Retrieved from https://lib.utah.edu/collections/multimedia/oralhistory.php.",,nctr-residential-schools; nmai-archive-center,,partially_verified,,"v0.1 seed dataset, maintainer-curated from the holding institution's public page.",2026-09-01
MV-000106,angel-island-immigration-foundation,Immigrant Voices Oral History Collection,Angel Island Immigration Station Foundation,United States,US,Americas,Northern America,37.8608,-122.4326,English; Chinese; Multiple languages,multiple immigrant languages,migration; displacement; Partition,Migration & displacement,1983,,"Formed in 1983 after Chinese poetry carved into detention-barracks walls was rediscovered, this foundation has curated over 250 oral histories from immigrants detained at Angel Island between 1910 and 1940 and their descendants.",https://www.aiisf.org/,Angel Island Immigration Station Foundation. Immigrant Voices Oral History Collection. Retrieved from https://www.aiisf.org/.,,bracero-history-archive; saada-archive,,partially_verified,,"v0.1 seed dataset, maintainer-curated from the holding institution's public page.",2026-09-01
MV-000107,saada-archive,South Asian American Digital Archive (SAADA),South Asian American Digital Archive,United States,US,Americas,Northern America,39.9526,-75.1652,English; Multiple languages,multiple South Asian languages,migration; everyday life; community memory,Memory & community; Migration & displacement,2008,,"Established in Philadelphia in 2008, SAADA preserves the history of South Asian communities in the United States dating to the 1600s, including multiple oral history projects documenting Indo-American, Pakistani, and other South Asian migration experiences.",https://www.saada.org/browse/type/oral-history,South Asian American Digital Archive (SAADA). Oral History Collections. Retrieved from https://www.saada.org/browse/type/oral-history.,Freely accessible online.,angel-island-immigration-foundation; black-cultural-archives-windrush; moise-a-khayrallah-center-for-lebanese-diaspora,,partially_verified,,"v0.1 seed dataset, maintainer-curated from the holding institution's public page.",2026-09-01
MV-000108,bracero-history-archive,Bracero History Archive,"Institute of Oral History, University of Texas at El Paso",United States,US,Americas,Northern America,31.7619,-106.485,Spanish; English,,migration; labor history; everyday life,Labor; Memory & community; Migration & displacement,2005,,"A partnership begun in late 2005 among the Smithsonian, George Mason University, Brown University, and UTEP's Institute of Oral History, this archive holds the largest collection of oral histories of braceros, Mexican guest workers in mid-20th-century U.S. agriculture.",https://braceroarchive.org/,"Institute of Oral History, University of Texas at El Paso. Bracero History Archive. Retrieved from https://braceroarchive.org/.",Freely accessible online.,angel-island-immigration-foundation; chinese-railroad-workers-stanford; fanhs-national-pinoy-archives,,partially_verified,,"v0.1 seed dataset, maintainer-curated from the holding institution's public page.",2026-09-01
MV-000109,domid-migration-museum,Documentation Center and Museum of Migration in Germany (DOMiD),DOMiD e.V.,Germany,DE,Europe,Western Europe,50.9375,6.9603,German; Turkish,,migration; labor history; everyday life,Labor; Memory & community; Migration & displacement,1990,,"Founded in 1990 by Turkish 'guest worker' migrants as a self-organized archive, DOMiD now holds more than 150,000 objects and documents, including personal narratives and everyday objects, tracing the history of migration to postwar Germany.",https://domid.org/en/,DOMiD e.V. Documentation Center and Museum of Migration in Germany. Retrieved from https://domid.org/en/.,,black-cultural-archives-windrush; odysseo-generiques-oral-archives,,partially_verified,,"v0.1 seed dataset, maintainer-curated from the holding institution's public page.",2026-09-01
MV-000110,cuban-heritage-collection-miami,Cuban Heritage Collection Oral Histories,University of Miami Libraries,United States,US,Americas,Northern America,25.7174,-80.2762,Spanish; English,,migration; displacement; political history,History & politics; Migration & displacement,2008,,"Since 2008, the University of Miami's Cuban Heritage Collection has recorded oral histories of Cuban exiles and dissidents, including the Luis J. Botifoll Oral History Project and interviews with 2003 Black Spring political prisoners.",https://www.library.miami.edu/oral-histories.html,University of Miami Libraries. Cuban Heritage Collection Oral Histories. Retrieved from https://www.library.miami.edu/oral-histories.html.,,,,partially_verified,,"v0.1 seed dataset, maintainer-curated from the holding institution's public page.",2026-09-01
MV-000111,viet-stories-uci,Viet Stories: Vietnamese American Oral History Project,"University of California, Irvine",United States,US,Americas,Northern America,33.6405,-117.8443,Vietnamese; English,,migration; displacement; war and conflict,Migration & displacement; War & conflict,2011,,"Launched in 2011 in UC Irvine's Department of Asian American Studies, Viet Stories documents the life stories of first-generation Vietnamese Americans in Southern California, recording memories of prewar Vietnam, the Vietnam War, and refugee resettlement.",https://sites.uci.edu/vaohp/,"University of California, Irvine. Viet Stories: Vietnamese American Oral History Project. Retrieved from https://sites.uci.edu/vaohp/.",,hmong-archives-stpaul,,partially_verified,,"v0.1 seed dataset, maintainer-curated from the holding institution's public page.",2026-09-01
MV-000112,hmong-archives-stpaul,Hmong Archives,Hmong Archives,United States,US,Americas,Northern America,44.9537,-93.09,Hmong; English,,migration; displacement; everyday life,Memory & community; Migration & displacement,1999,,"Founded in Saint Paul in February 1999 by Hmong professionals, this archive collects materials and oral history documenting Hmong people, including a project recording Hmong immigrants who resettled in Minnesota from Laos and Thailand.",https://hmongarchives.org/,Hmong Archives. Retrieved from https://hmongarchives.org/.,,viet-stories-uci,,partially_verified,,"v0.1 seed dataset, maintainer-curated from the holding institution's public page.",2026-09-01
MV-000113,immigration-history-research-center-umn,Immigration History Research Center Archives,University of Minnesota,United States,US,Americas,Northern America,44.974,-93.2277,English; Multiple languages,multiple immigrant languages,migration; everyday life; community memory,Memory & community; Migration & displacement,1965,,"Founded in 1965, this is the oldest research center devoted to immigrant and refugee life in North America; its Minnesota Immigrant Oral Histories collection holds over 360 interviews recorded between 1967 and 2012.",https://www.lib.umn.edu/collections/special/ihrca,University of Minnesota. Immigration History Research Center Archives. Retrieved from https://www.lib.umn.edu/collections/special/ihrca.,,moise-a-khayrallah-center-for-lebanese-diaspora,,partially_verified,,"v0.1 seed dataset, maintainer-curated from the holding institution's public page.",2026-09-01
MV-000114,fortunoff-video-archive,Fortunoff Video Archive for Holocaust Testimonies,Yale University Library,United States,US,Americas,Northern America,41.3111,-72.928,English; Multiple languages,multiple languages,Holocaust; genocide; human rights,Genocide & mass violence; Human rights & justice,1979,,"Begun as a New Haven community project in 1979 and brought to Yale in 1981, the Fortunoff Archive now holds over 4,500 videotaped interviews with Holocaust witnesses and survivors, including Sinti and Roma survivors, resisters, and liberators.",https://web.library.yale.edu/fortuneoff_1,Yale University Library. Fortunoff Video Archive for Holocaust Testimonies. Retrieved from https://web.library.yale.edu/fortuneoff_1.,,david-boder-voices-of-holocaust; freedom-collection; iwm-sound-archive; usc-shoah-foundation-vha; yad-vashem-testimonies,,partially_verified,,"v0.1 seed dataset, maintainer-curated from the holding institution's public page.",2026-09-01
MV-000115,national-wwii-museum-oral-history,Oral History Collection,The National WWII Museum,United States,US,Americas,Northern America,29.9425,-90.0765,English,,war and conflict; military history,War & conflict,2000,,"Growing from historian Stephen Ambrose's personal collecting, this New Orleans museum (opened in 2000) holds more than 9,000 personal accounts of World War II veterans, part of over 250,000 artifacts.",https://www.nationalww2museum.org/oral-history-resources,The National WWII Museum. Oral History Collection. Retrieved from https://www.nationalww2museum.org/oral-history-resources.,,iwm-sound-archive; veterans-history-project,,partially_verified,,"v0.1 seed dataset, maintainer-curated from the holding institution's public page.",2026-09-01
MV-000116,911-memorial-museum-oral-history,Oral Histories,National September 11 Memorial & Museum,United States,US,Americas,Northern America,40.7115,-74.0134,English,,war and conflict; disaster and survivor testimony; community memory,"Memory & community; Science, environment & disaster; War & conflict",2005,,"The 9/11 Memorial & Museum's oral history collection, built since its 2005 founding, holds more than 2,500 recorded interviews with responders, survivors, and family members documenting the September 11, 2001 attacks and their aftermath.",https://www.911memorial.org/learn/resources/oral-histories,National September 11 Memorial & Museum. Oral Histories. Retrieved from https://www.911memorial.org/learn/resources/oral-histories.,Selected audio freely streamable online.,storycorps-national-archive,https://www.911memorial.org/learn/resources/oral-histories,partially_verified,,"v0.1 seed dataset, maintainer-curated from the holding institution's public page.",2026-09-01
MV-000117,hurricane-digital-memory-bank,Hurricane Digital Memory Bank,"Roy Rosenzweig Center for History and New Media, George Mason University",United States,US,Americas,Northern America,38.8315,-77.3067,English; Spanish,,disaster and survivor testimony; everyday life; community memory,"Memory & community; Science, environment & disaster",2005,,"Organized in 2005 with the University of New Orleans, this is the largest free public archive of Hurricanes Katrina and Rita, with over 25,000 first-hand accounts, images, blog postings, and podcasts documenting the storms and their aftermath.",https://hurricanearchive.org/,"Roy Rosenzweig Center for History and New Media, George Mason University. Hurricane Digital Memory Bank. Retrieved from https://hurricanearchive.org/.",Freely accessible online.,michinoku-shinrokuden,,partially_verified,,"v0.1 seed dataset, maintainer-curated from the holding institution's public page.",2026-09-01
MV-000118,armenian-film-foundation,Armenian Film Foundation Genocide Testimony Collection,Armenian Film Foundation,United States,US,Americas,Northern America,34.1706,-118.8376,Armenian; English; Multiple languages,multiple languages,genocide; Holocaust; human rights,Genocide & mass violence; Human rights & justice,1968,2005,"Founded in 1979 by filmmaker J. Michael Hagopian, himself a genocide survivor, this Thousand Oaks foundation holds 400 interviews filmed between 1968 and 2005 with Armenian Genocide survivors, witnesses, and their descendants, now integrated into the USC Shoah Foundation's archive.",http://www.armenianfilm.org/,Armenian Film Foundation. Genocide Testimony Collection. Retrieved from http://www.armenianfilm.org/.,,freedom-collection; usc-shoah-foundation-vha; yad-vashem-testimonies,,partially_verified,,"v0.1 seed dataset, maintainer-curated from the holding institution's public page.",2026-09-01
MV-000119,david-boder-voices-of-holocaust,Voices of the Holocaust,Illinois Institute of Technology,United States,US,Americas,Northern America,41.8356,-87.6266,Yiddish; German; Polish; Multiple languages,multiple languages,Holocaust; genocide; displacement,Genocide & mass violence; Migration & displacement,1946,1946,"In 1946, psychologist David P. Boder traveled to displaced-persons camps across France, Switzerland, Italy, and Germany with a wire recorder, capturing 130 interviews in nine languages that are considered the earliest known recorded oral histories of the Holocaust.",https://voices.library.iit.edu/,Illinois Institute of Technology. Voices of the Holocaust. Retrieved from https://voices.library.iit.edu/.,"Freely accessible online, fully transcribed and translated.",fortunoff-video-archive; yad-vashem-testimonies,,partially_verified,,"v0.1 seed dataset, maintainer-curated from the holding institution's public page.",2026-09-01
MV-000120,endangered-archives-programme,Endangered Archives Programme,British Library,United Kingdom,GB,Europe,Northern Europe,51.5299,-0.1276,Multiple languages,multiple world languages,language documentation; oral tradition; history,History & politics; Language & linguistics; Oral tradition & folklore,2004,,"Funded by Arcadia since 2004, this British Library programme has supported over 500 projects in more than 90 countries, digitizing 16 million images and 35,000 sound recordings of at-risk cultural heritage, including oral and audiovisual materials from Africa, Asia, and Latin America.",https://eap.bl.uk/,British Library. Endangered Archives Programme. Retrieved from https://eap.bl.uk/.,Digitized collections freely accessible online.,elar-soas; ibadan-african-studies-audiovisual,,partially_verified,,"v0.1 seed dataset, maintainer-curated from the holding institution's public page.",2026-09-01
MV-000121,japanese-american-national-museum,Hirasaki National Resource Center Oral Histories,Japanese American National Museum,United States,US,Americas,Northern America,34.0503,-118.2404,English; Japanese,,migration; incarceration; civil rights,Human rights & justice; Migration & displacement,1992,,"Founded in Los Angeles's Little Tokyo in 1992, JANM preserves oral history interviews, diaries, and military memoirs documenting Japanese American history and wartime incarceration, in long partnership with the Densho Digital Repository.",https://www.janm.org/hnrc,Japanese American National Museum. Hirasaki National Resource Center Oral Histories. Retrieved from https://www.janm.org/hnrc.,,densho-digital-repository; fanhs-national-pinoy-archives,,partially_verified,,"v0.1 seed dataset, maintainer-curated from the holding institution's public page.",2026-09-01
MV-000122,fanhs-national-pinoy-archives,National Pinoy Archives,Filipino American National Historical Society,United States,US,Americas,Northern America,47.6062,-122.3321,English; Tagalog; Ilocano,,migration; labor history; everyday life,Labor; Memory & community; Migration & displacement,1987,,"Founded in Seattle in 1987 by FANHS, the National Pinoy Archives collects historical records of Filipino Americans, including oral history interviews recorded by local chapters such as the Sacramento-Delta chapter's project on farmworker communities.",https://www.fanhs-national.org/national-pinoy-archives,Filipino American National Historical Society. National Pinoy Archives. Retrieved from https://www.fanhs-national.org/national-pinoy-archives.,,bracero-history-archive; japanese-american-national-museum,,partially_verified,,"v0.1 seed dataset, maintainer-curated from the holding institution's public page.",2026-09-01
MV-000123,gallaudet-university-archives,Gallaudet University Archives,Gallaudet University,United States,US,Americas,Northern America,38.9072,-76.9962,American Sign Language; English,,Deaf history; language documentation; community memory,Disability & Deaf histories; Language & linguistics; Memory & community,1864,,"Housed at Gallaudet University, founded in 1864 as the world's only university designed for Deaf and hard-of-hearing students, this archive is the largest collection of materials on Deaf culture, history, and signed languages worldwide, including personal papers and recorded interviews.",https://gallaudet.edu/archives/,Gallaudet University. Archives. Retrieved from https://gallaudet.edu/archives/.,,roho-disability-rights,,partially_verified,,"v0.1 seed dataset, maintainer-curated from the holding institution's public page.",2026-09-01
MV-000124,roho-disability-rights,Disability Rights and Independent Living Movement Oral History Project,"Bancroft Library, University of California, Berkeley",United States,US,Americas,Northern America,37.8721,-122.2607,English,,disability rights; civil rights; social history,Disability & Deaf histories; History & politics; Human rights & justice,1996,,"Launched in 1996 by the Bancroft Library's Regional Oral History Office, this project recorded more than 100 interviews with leaders and participants of the Berkeley-born disability rights and independent living movement of the 1960s-70s and its national growth.",https://www.lib.berkeley.edu/visit/bancroft/oral-history-center/projects/disability-rights,"Bancroft Library, University of California, Berkeley. Disability Rights and Independent Living Movement Oral History Project. Retrieved from https://www.lib.berkeley.edu/visit/bancroft/oral-history-center/projects/disability-rights.",,gallaudet-university-archives,,partially_verified,,"v0.1 seed dataset, maintainer-curated from the holding institution's public page.",2026-09-01
MV-000125,chinese-railroad-workers-stanford,Chinese Railroad Workers in North America Project,Stanford University,United States,US,Americas,Northern America,37.4275,-122.1697,English; Cantonese; Mandarin Chinese,,labor history; migration; everyday life,Labor; Memory & community; Migration & displacement,2012,2020,"Active from 2012 to 2020, this Stanford project recorded oral histories with nearly forty descendants of Chinese laborers who built the Transcontinental Railroad, recovering firsthand family memory absent from official records.",https://web.stanford.edu/group/chineserailroad/cgi-bin/website/,Stanford University. Chinese Railroad Workers in North America Project. Retrieved from https://web.stanford.edu/group/chineserailroad/cgi-bin/website/.,Project concluded in 2020; site maintained as a public research archive.,bracero-history-archive,,partially_verified,,"v0.1 seed dataset, maintainer-curated from the holding institution's public page.",2026-09-01
MV-000126,khmer-legacies,Khmer Legacies,Khmer Legacies,Cambodia,KH,Asia,South-eastern Asia,11.5564,104.9282,Khmer; English,,genocide; migration; displacement,Genocide & mass violence; Migration & displacement,2007,2011,"Founded in 2007 by filmmaker Socheata Poeuv, Khmer Legacies recorded more than one hundred testimonies of Khmer Rouge survivors and former cadres between 2007 and 2011, sixty in Cambodia and forty among the Cambodian diaspora in the United States.",https://apa.nyu.edu/survey/2015/01/khmer-legacies-records/,Khmer Legacies. Retrieved via NYU Asian/Pacific/American Archives Survey: https://apa.nyu.edu/survey/2015/01/khmer-legacies-records/.,,dccam-oral-history; genocide-archive-rwanda,,partially_verified,,"v0.1 seed dataset, maintainer-curated from the holding institution's public page.",2026-09-01
MV-000127,museo-palabra-imagen-el-salvador,Museo de la Palabra y la Imagen,Museo de la Palabra y la Imagen (MUPI),El Salvador,SV,Americas,Latin America and the Caribbean,13.6929,-89.2182,Spanish,,war and conflict; human rights; memory and reconciliation,Human rights & justice; War & conflict,1996,,"Founded in San Salvador in 1996 by former clandestine-radio broadcaster Carlos Henriquez Consalvi, MUPI holds El Salvador's most significant audiovisual archive of the 1980-1992 civil war, including the Radio Venceremos collection and oral history programming for younger generations.",https://www.elsalvadormemory.org/museo-de-la-palabra-es,Museo de la Palabra y la Imagen (MUPI). Retrieved from https://www.elsalvadormemory.org/museo-de-la-palabra-es.,,cnmh-colombia; lugar-de-la-memoria-peru; memoria-abierta-argentina,,partially_verified,,"v0.1 seed dataset, maintainer-curated from the holding institution's public page.",2026-09-01
MV-000128,lugar-de-la-memoria-peru,Centro de Documentación e Investigación (CVR Testimonies),"Lugar de la Memoria, la Tolerancia y la Inclusión Social (LUM)",Peru,PE,Americas,Latin America and the Caribbean,-12.1247,-77.03,Spanish; Quechua,,war and conflict; human rights; memory and reconciliation,Human rights & justice; War & conflict,2001,2003,"Peru's Truth and Reconciliation Commission collected nearly 17,000 testimonies between 2001 and 2003 documenting the country's 1980-2000 internal armed conflict; these video and audio archives are now preserved and digitized at Lima's LUM documentation center.",https://lum.cultura.pe/content/centro-de-documentaci%C3%B3n-e-investigaci%C3%B3n,"Lugar de la Memoria, la Tolerancia y la Inclusión Social (LUM). Centro de Documentación e Investigación. Retrieved from https://lum.cultura.pe/content/centro-de-documentaci%C3%B3n-e-investigaci%C3%B3n.",,cnmh-colombia; museo-memoria-chile; museo-palabra-imagen-el-salvador,,partially_verified,,"v0.1 seed dataset, maintainer-curated from the holding institution's public page.",2026-09-01
MV-000129,museo-memoria-chile,Archivo Oral,Museo de la Memoria y los Derechos Humanos,Chile,CL,Americas,Latin America and the Caribbean,-33.4372,-70.6683,Spanish,,war and conflict; human rights; memory and reconciliation,Human rights & justice; War & conflict,2010,,"Opened in Santiago in 2010, this museum's Oral Archive applies recorded-interview methodology to document personal and collective experiences of Chile's 1973-1990 military dictatorship, alongside its wider testimonial and documentary collections.",https://testimonios.museodelamemoria.cl/category/archivo-oral/,Museo de la Memoria y los Derechos Humanos. Archivo Oral. Retrieved from https://testimonios.museodelamemoria.cl/category/archivo-oral/.,,lugar-de-la-memoria-peru; memoria-abierta-argentina,,partially_verified,,"v0.1 seed dataset, maintainer-curated from the holding institution's public page.",2026-09-01
MV-000130,cavr-chega-timor-leste,Chega! CAVR Truth Commission Testimonies,"Comissão de Acolhimento, Verdade e Reconciliação (CAVR)",Timor-Leste,TL,Asia,South-eastern Asia,-8.5569,125.5603,Tetum; Portuguese; Indonesian,,war and conflict; human rights; memory and reconciliation,Human rights & justice; War & conflict,2002,2005,"Timor-Leste's Commission for Reception, Truth and Reconciliation operated from 2002 to 2005, relying heavily on eyewitness testimony to document mass killing and displacement during the 1974-1999 Indonesian occupation, published in its final report Chega!.",https://chegareport.org/,"Comissão de Acolhimento, Verdade e Reconciliação (CAVR). Chega! Final Report. Retrieved from https://chegareport.org/.",,,,partially_verified,,"v0.1 seed dataset, maintainer-curated from the holding institution's public page.",2026-09-01
MV-000131,cpdoc-fgv-brazil,Programa de Historia Oral (Oral History Program),"CPDOC, Fundação Getulio Vargas",Brazil,BR,Americas,Latin America and the Caribbean,-22.9399,-43.1878,Portuguese,,political history; history; national memory,History & politics; Memory & community,1975,,"Created in 1975 within Rio de Janeiro's Centro de Pesquisa e Documentacao de Historia Contemporanea do Brasil, this pioneering oral history program has shaped oral history methodology across Brazil while building interviews with figures central to the country's recent political history.",https://cpdoc.fgv.br/,"CPDOC, Fundação Getulio Vargas. Programa de Historia Oral. Retrieved from https://cpdoc.fgv.br/.",,museu-da-pessoa,,partially_verified,,"v0.1 seed dataset, maintainer-curated from the holding institution's public page.",2026-09-01
MV-000132,jamaica-memory-bank,Jamaica Memory Bank,African Caribbean Institute of Jamaica,Jamaica,JM,Americas,Latin America and the Caribbean,17.9712,-76.7936,Jamaican Patois; English,,oral tradition; folklife; everyday life,Memory & community; Oral tradition & folklore,1980,,"Begun as an independent agency in 1980 and integrated into the African Caribbean Institute of Jamaica in 1990, the Jamaica Memory Bank holds over 2,000 sound recordings and 800 videos of storytelling, folk religion, craft, and oral history from across Jamaica's parishes.",https://acij-ioj.org.jm/,African Caribbean Institute of Jamaica. Jamaica Memory Bank. Retrieved from https://acij-ioj.org.jm/.,,,,partially_verified,,"v0.1 seed dataset, maintainer-curated from the holding institution's public page.",2026-09-01
MV-000133,kazakhstan-central-state-sound-archive,"Central State Archive of Film, Photo Documents and Sound Recordings of the Republic of Kazakhstan","Central State Archive of Film, Photo Documents and Sound Recordings of the Republic of Kazakhstan",Kazakhstan,KZ,Asia,Central Asia,43.222,76.8512,Kazakh; Russian,,history; national memory,History & politics; Memory & community,1943,,"Kazakhstan's national audiovisual archive, founded in 1943 and based in Almaty, holds roughly 300,000 items of film, photo and sound-recording documents covering the country's Soviet-era and post-independence history.",http://kfdz.kz/,"Central State Archive of Film, Photo Documents and Sound Recordings of the Republic of Kazakhstan. Retrieved from http://kfdz.kz/.",,,,partially_verified,,"v0.1 seed dataset, maintainer-curated from the holding institution's public page.",2026-09-01
MV-000134,uzbekistan-institute-language-literature-folklore,"Folklore Archive of the Institute of Uzbek Language, Literature and Folklore","Institute of Uzbek Language, Literature and Folklore, Academy of Sciences of Uzbekistan",Uzbekistan,UZ,Asia,Central Asia,41.2995,69.2401,Uzbek,,folklore; oral tradition; epic performance; ethnomusicology,"Music, performance & broadcasting; Oral tradition & folklore",1934,,"Founded in 1934 in Tashkent, this Academy of Sciences institute's Department of Folklore has organized decades of field expeditions recording Uzbek oral narratives and epic dostons, including a large 1969 expedition that documented epic narrators with the Alisher Navoi Museum of Literature and Karshi State Pedagogical Institute.",https://tai.academy.uz/en,"Institute of Uzbek Language, Literature and Folklore, Academy of Sciences of Uzbekistan. Retrieved from https://tai.academy.uz/en.",,kyrgyzstan-manas-epic-trilogy,,partially_verified,,"v0.1 seed dataset, maintainer-curated from the holding institution's public page.",2026-09-01
MV-000135,kyrgyzstan-manas-epic-trilogy,"Kyrgyz Epic Trilogy: Manas, Semetey, Seytek",UNESCO Intangible Cultural Heritage / Kyrgyz manaschi (epic-teller) tradition,Kyrgyzstan,KG,Asia,Central Asia,42.8746,74.5698,Kyrgyz,,oral tradition; epic performance; history,History & politics; Oral tradition & folklore,1922,,"The Manas, Semetey and Seytek trilogy is an oral epic recited by Kyrgyz manaschi performers and inscribed on UNESCO's Representative List of the Intangible Cultural Heritage of Humanity in 2013. Its first large-scale transcription from oral performance, of the version narrated by Sagymbay Orozbakov, was carried out between 1922 and 1926 and is separately inscribed on UNESCO's Memory of the World Register.",https://ich.unesco.org/en/RL/kyrgyz-epic-trilogy-manas-semetey-seytek-00876,"UNESCO Intangible Cultural Heritage. Kyrgyz epic trilogy: Manas, Semetey, Seytek. Retrieved from https://ich.unesco.org/en/RL/kyrgyz-epic-trilogy-manas-semetey-seytek-00876.",,uzbekistan-institute-language-literature-folklore,,partially_verified,,"v0.1 seed dataset, maintainer-curated from the holding institution's public page.",2026-09-01
MV-000136,tajikistan-rudaki-institute-folklore-archive,Tajik Folklore Archive of the Rudaki Institute of Language and Literature,"Rudaki Institute of Language and Literature, Academy of Sciences of Tajikistan",Tajikistan,TJ,Asia,Central Asia,38.5598,68.787,Tajik,,folklore; oral tradition; linguistics,Language & linguistics; Oral tradition & folklore,1923,2003,"The Rudaki Institute in Dushanbe, founded in 1932, holds one of the few surviving repositories of Tajik expressive culture: a folklore archive of notebooks, notecards and loose-leaf papers from Soviet-era and post-Soviet fieldwork expeditions, collected between 1923 and 2003 and written in Arabic, Latin and Cyrillic script.",https://izar.tj/en/department-folklore,"Rudaki Institute of Language and Literature, Academy of Sciences of Tajikistan. Department of Folklore. Retrieved from https://izar.tj/en/department-folklore.",,,,partially_verified,,"v0.1 seed dataset, maintainer-curated from the holding institution's public page.",2026-09-01
MV-000137,turkey-trt-folk-music-archive,TRT Turkish Folk Music Archive,Turkish Radio and Television Corporation (TRT),Turkey,TR,Asia,Western Asia,39.9208,32.8541,Turkish,,folklore; music; ethnomusicology,"Music, performance & broadcasting; Oral tradition & folklore",1926,,"TRT's folk music archive comprises more than 6,500 field-collected recordings and notations of Turkish folk music, built on collecting expeditions beginning with the Istanbul Municipal Conservatory (1926-1929) and continued by the Ankara State Conservatory (1936-1952). Notation and recording holdings are made available through TRT's Nota Kutuphanesi (Notation Library) platform.",https://nota.trt.net.tr/Nota-Kutuphanesi,Turkish Radio and Television Corporation (TRT). Nota Kutuphanesi. Retrieved from https://nota.trt.net.tr/Nota-Kutuphanesi.,,,,partially_verified,,"v0.1 seed dataset, maintainer-curated from the holding institution's public page.",2026-09-01
MV-000138,afghanistan-hoover-oral-history-project,HART: Hoover Afghanistan Oral History Project,"Hoover Institution Library & Archives, Stanford University",Afghanistan,AF,Asia,Southern Asia,34.5553,69.2075,Dari; Pashto,,war and conflict; displacement; migration; refugees,Migration & displacement; War & conflict,2022,,"Since 2022, oral historian Halima Kazem has recorded more than 450 hours of interviews with Afghans who fled the country following the August 2021 Taliban takeover and the collapse of the Afghan government. The interviews are held in the Hoover Institution Library & Archives' digital repository.",https://digitalcollections2.hoover.org/collection/3249451/hart-hoover-afghanistan-oral-history-project,"Hoover Institution Library & Archives, Stanford University. HART: Hoover Afghanistan Oral History Project. Retrieved from https://digitalcollections2.hoover.org/collection/3249451/hart-hoover-afghanistan-oral-history-project.",,,,partially_verified,,"v0.1 seed dataset, maintainer-curated from the holding institution's public page.",2026-09-01
MV-000139,iraq-mosul-jewish-community-testimonies,Intangible Heritage Collection of Testimonies on the Jewish Community of Mosul,ALIPH Foundation (International Alliance for the Protection of Heritage in Conflict Areas),Iraq,IQ,Asia,Western Asia,36.3489,43.1189,Arabic,,displacement; community memory; religion,Memory & community; Migration & displacement; Religion & belief,2021,2022,"Between 2021 and 2022, an ALIPH Foundation-supported project recorded seventeen video interviews with individuals connected to Mosul's historic Jewish community, whose members had largely left Iraq by the mid-20th century, alongside digitization of private family archives and a community journal.",https://www.aliph-foundation.org/en/projects/intangible-heritage-collection-of-testimonies-on-the-jewish-community-of-mosul,ALIPH Foundation. Intangible Heritage Collection of Testimonies on the Jewish Community of Mosul. Retrieved from https://www.aliph-foundation.org/en/projects/intangible-heritage-collection-of-testimonies-on-the-jewish-community-of-mosul.,,,,partially_verified,,"v0.1 seed dataset, maintainer-curated from the holding institution's public page.",2026-09-01
MV-000140,saudi-arabia-darah-oral-history-center,Darah Oral History Center,King Abdulaziz Foundation for Research and Archives (Darah),Saudi Arabia,SA,Asia,Western Asia,24.7136,46.6753,Arabic,,oral tradition; history; family history,History & politics; Memory & community; Oral tradition & folklore,1995,,"Established in 1995 by the King Abdulaziz Foundation for Research and Archives (Darah) in Riyadh, this was the first specialized oral history center in Saudi Arabia. It has recorded thousands of audio and video interviews with storytellers, elders and narrators from across the Kingdom for use in historical research.",https://www.darah.org.sa/,King Abdulaziz Foundation for Research and Archives (Darah). Retrieved from https://www.darah.org.sa/.,,,,partially_verified,,"v0.1 seed dataset, maintainer-curated from the holding institution's public page.",2026-09-01
MV-000141,uae-national-archives-oral-history-programme,Oral History Programme,"National Library and Archives, United Arab Emirates",United Arab Emirates,AE,Asia,Western Asia,24.4539,54.3773,Arabic,,oral tradition; folklife; everyday life,Memory & community; Oral tradition & folklore,2008,,"Since 2008, the UAE's National Library and Archives has recorded more than 800 audio-visual interviews with elderly Emirati narrators and eyewitnesses, documenting local dialects, folk songs and the lifestyles of earlier generations for the national archival record.",https://www.nla.ae/en/our-history/oral-history/overview/overview/,"National Library and Archives, United Arab Emirates. Oral History Overview. Retrieved from https://www.nla.ae/en/our-history/oral-history/overview/overview/.",,,,partially_verified,,"v0.1 seed dataset, maintainer-curated from the holding institution's public page.",2026-09-01
MV-000142,kuwait-auk-oral-history-documentation-project,Oral History and Documentation Project (OHDP),American University of Kuwait Library,Kuwait,KW,Asia,Western Asia,29.3375,48.0758,Arabic; English,,oral tradition; community memory; everyday life,Memory & community; Oral tradition & folklore,2020,,"Launched in 2020 by the American University of Kuwait Library in collaboration with KIPCO, the Oral History and Documentation Project is Kuwait's first comprehensive program actively recording life-history interviews across a range of topics to preserve the voices of Kuwaiti and non-Kuwaiti residents. The library was among the first in the Arab world to adopt the OHMS oral-history indexing application, including Arabic-language support.",https://oralhistory.auk.edu.kw,American University of Kuwait Library. Oral History and Documentation Project. Retrieved from https://oralhistory.auk.edu.kw.,Selected life-history interviews are published and browsable via the project's own online platform.,,,partially_verified,,"v0.1 seed dataset, maintainer-curated from the holding institution's public page.",2026-09-01
MV-000143,sudan-folklore-traditional-music-archives,Folklore and Traditional Music Archives,"Institute of African and Asian Studies, University of Khartoum",Sudan,SD,Africa,Northern Africa,15.6136,32.5322,Arabic,,folklore; ethnomusicology; music,"Music, performance & broadcasting; Oral tradition & folklore",1963,,"The Institute of African and Asian Studies at the University of Khartoum holds the Folklore and Traditional Music Archives: more than 3,000 audio recordings and photographs of traditional Sudanese music and folklore gathered since 1963 through successive research initiatives. UNESCO's Intangible Cultural Heritage Fund has supported an action plan for digitizing and preserving the collection.",https://ich.unesco.org/en/news/digitization-of-sudan-folklore-and-traditional-music-archives-00046,UNESCO Intangible Cultural Heritage. Digitization of Sudan folklore and traditional music archives. Retrieved from https://ich.unesco.org/en/news/digitization-of-sudan-folklore-and-traditional-music-archives-00046.,,,,partially_verified,,"v0.1 seed dataset, maintainer-curated from the holding institution's public page.",2026-09-01
MV-000144,tunisia-cmam-phonotheque-nationale,Phonothèque Nationale de Tunisie (National Sound Archive),"Centre des Musiques Arabes et Méditerranéennes (CMAM), Ennejma Ezzahra",Tunisia,TN,Africa,Northern Africa,36.8687,10.3412,Arabic; French,,music; ethnomusicology; folklife,"Music, performance & broadcasting; Oral tradition & folklore",1907,,"The Phonothèque Nationale de Tunisie, run by the Centre des Musiques Arabes et Méditerranéennes at the Ennejma Ezzahra palace near Tunis, holds Tunisia's historical phonographic heritage: 78/80/45/33rpm discs and field recordings dating back to 1907, organized into roughly thirty corpora and made accessible online through the Telemeta audio platform.",https://phonotheque.cmam.tn/,,Many collections are streamable online via the Telemeta-based Phonothèque platform; other material requires an in-person consultation request to the Center.,,,partially_verified,,"v0.1 seed dataset, maintainer-curated from the holding institution's public page.",2026-09-01
MV-000145,botswana-national-archives-oral-history,Oral History Collection,Botswana National Archives and Records Services (BNARS),Botswana,BW,Africa,Sub-Saharan Africa,-24.6558,25.9086,Setswana; English,,oral tradition; community memory; history,History & politics; Memory & community; Oral tradition & folklore,1982,,"BNARS, a department under Botswana's Ministry of Youth, Sport and Culture, has collected oral history recordings since 1982 documenting the histories of Botswana's ethnic groups, villages and notable individuals, held alongside its documentary archival holdings in Gaborone.",https://www.gov.bw/culture/national-archives-research-enquiry,,In-person research-room access at the National Archives in Gaborone; researchers submit an enquiry form in advance.,,,partially_verified,Source URL returned 404 in the 2026-09-21 link check; no replacement page found yet.,"v0.1 seed dataset, maintainer-curated from the holding institution's public page.",2026-09-01
MV-000146,namibia-national-archives-aacrls-oral-history,AACRLS Oral History Collection,National Archives of Namibia,Namibia,NA,Africa,Sub-Saharan Africa,-22.57,17.0836,English; Afrikaans,,oral tradition; resistance history; colonial history,Colonialism & Indigenous histories; Oral tradition & folklore; War & conflict,2001,2010,"The National Archives of Namibia's Archives of Anti-Colonial Resistance and the Liberation Struggle (AACRLS) programme, jointly funded by Namibia and Germany from 2001 to 2010, expanded the Archives' oral history holdings from a small base to roughly 1,500 recorded interviews with participants in Namibia's liberation struggle.",https://nan.gov.na/finding-aids,,,,,partially_verified,,"v0.1 seed dataset, maintainer-curated from the holding institution's public page.",2026-09-01
MV-000147,mozambique-arquivo-historico-oral-history,Independence-War and Rural Life Oral History Collection,"Arquivo Histórico de Moçambique, Eduardo Mondlane University",Mozambique,MZ,Africa,Sub-Saharan Africa,-25.9689,32.5934,Portuguese,,war and conflict; oral tradition; everyday life,Memory & community; Oral tradition & folklore; War & conflict,1979,1984,"The Arquivo Histórico de Moçambique, overseen by Eduardo Mondlane University in Maputo since 1976, holds several hundred cassette-tape interviews and storytelling sessions recorded between 1979 and 1984 in Mozambique's northern provinces, documenting the war of independence, rural social life, rituals and local histories.",https://ahm.uem.mz/,,,,,partially_verified,,"v0.1 seed dataset, maintainer-curated from the holding institution's public page.",2026-09-01
MV-000148,angola-arquivo-nacional-oral-tradition,Oral Tradition Sound Collection,Arquivo Nacional de Angola,Angola,AO,Africa,Sub-Saharan Africa,-8.8147,13.2302,Portuguese; Umbundu,,oral tradition; folklife; history,History & politics; Oral tradition & folklore,1960,1979,"Angola's National Archive holds magnetic-tape recordings made during the 1960s and 1970s in the Benguela, Huambo, Bié and Luanda regions, including interviews with traditional leaders (sobas and sekulos), oral narratives, songs and elders' memories, some of it recovered after an earlier period of neglect and now cared for by the Archive's oral-archive department.",https://www.ana.gov.ao/,,,,,partially_verified,,"v0.1 seed dataset, maintainer-curated from the holding institution's public page.",2026-09-01
MV-000149,drc-rmca-ethnomusicology-sound-archive,Ethnomusicological Sound Archive (Congo Collections),"Royal Museum for Central Africa (Tervuren, Belgium)",Democratic Republic of the Congo,CD,Africa,Sub-Saharan Africa,-4.4419,15.2663,French; Lingala; Swahili; Kikongo; Tshiluba,,ethnomusicology; music; colonial history,"Colonialism & Indigenous histories; Music, performance & broadcasting",1910,,"The Royal Museum for Central Africa's ethnomusicology department holds roughly 3,000 hours of sound recordings of traditional music from Central Africa, with a strong focus on the Congo and Rwanda, spanning 1910 Edison-cylinder recordings made by Armand Hutereau in Uele province through later tape, cassette and digital field recordings. A digitization project (DEKKMMA), run with the Université Libre de Bruxelles and Ghent University, is making the collection more widely accessible.",https://www.africamuseum.be/en/research/discover/collections_management/archives_and_documentation/archives,,"Physically held in Tervuren, Belgium, as the historical repository for this Central African material; access is by request to the museum's ethnomusicology department.",,,partially_verified,,"v0.1 seed dataset, maintainer-curated from the holding institution's public page.",2026-09-01
MV-000150,madagascar-phonogrammarchiv-collection,Madagascar Sound Collection,"Phonogrammarchiv, Austrian Academy of Sciences",Madagascar,MG,Africa,Sub-Saharan Africa,-18.9146,47.5361,Malagasy,,oral tradition; folklore; music,"Music, performance & broadcasting; Oral tradition & folklore",1961,1992,"Field recordings of Malagasy traditional music, fairy tales and stories, made between 1961 and 1992 by researchers including Gerhard Kubik and August Schmidhofer, are held by the Vienna Phonogrammarchiv. In September 2012 the Archive repatriated a digital copy of over 1,000 of these sound documents to the Institut de Civilisations at the University of Antananarivo.",https://www.oeaw.ac.at/en/phonogrammarchiv/home,IASA. Phonogrammarchiv repatriates Madagascar's acoustic heritage. Retrieved from https://www.iasa-web.org/phonogrammarchiv-repatriates-madagascar%E2%80%99s-acoustic-heritage.,A digital copy of the collection was repatriated to the University of Antananarivo in 2012; the original recordings remain held by the Phonogrammarchiv in Vienna.,,,partially_verified,,"v0.1 seed dataset, maintainer-curated from the holding institution's public page.",2026-09-01
MV-000151,cameroon-cerdotola-oral-resources-laboratory,Oral Resources Laboratory (Laboratoire des Ressources Orales),Centre International de Recherche et de Documentation sur les Traditions et les Langues Africaines (CERDOTOLA),Cameroon,CM,Africa,Sub-Saharan Africa,3.848,11.5021,French,,oral tradition; linguistics; language documentation,Language & linguistics; Oral tradition & folklore,1977,,"CERDOTOLA, an intergovernmental research center founded by 11 African states in 1977 and headquartered in Yaoundé, runs an Oral Resources Laboratory (Laboratoire des Ressources Orales) dedicated to documenting and archiving African oral traditions and languages, and has hosted training sessions and conferences on sound, oral and radio archives across the continent.",https://en.cerdotola.org/,,,,,partially_verified,,"v0.1 seed dataset, maintainer-curated from the holding institution's public page.",2026-09-01
MV-000152,algeria-cnrpah-oral-heritage-recordings,Ethnomusicology and Oral Heritage Sound Recordings,"Centre National de Recherches Préhistoriques, Anthropologiques et Historiques (CNRPAH)",Algeria,DZ,Africa,Northern Africa,36.7538,3.0588,Arabic; Tamazight,,ethnomusicology; oral tradition; folklore,"Music, performance & broadcasting; Oral tradition & folklore",1974,,"CNRPAH, Algeria's national research center for prehistory, anthropology and history, has conducted ethnomusicological fieldwork since 1974 and built an audio collection of more than 300 hours of recordings; since 2007 it has coordinated Algeria's national inventory of intangible cultural heritage together with the country's regional cultural departments.",https://cnrpah.org/,,,,,partially_verified,,"v0.1 seed dataset, maintainer-curated from the holding institution's public page.",2026-09-01
MV-000153,libya-lcahs-oral-history-project,Libyan Oral History Project,Libyan Center for Archives and Historical Studies (formerly the Libyan Studies Center),Libya,LY,Africa,Northern Africa,32.8872,13.1913,Arabic,,resistance history; colonial history; oral tradition,Colonialism & Indigenous histories; Oral tradition & folklore; War & conflict,1978,,"Established in Tripoli in the late 1970s with methodological input from historian Jan Vansina, the Libyan Center for Archives and Historical Studies (formerly the Libyan Studies Center) built a large-scale oral history archive recording testimonies of participants in Libyan resistance to Italian colonial rule and survivors of Italy's concentration camps in Libya.",https://lcahs.ly/,,,,,partially_verified,,"v0.1 seed dataset, maintainer-curated from the holding institution's public page.",2026-09-01
MV-000154,italy-icbsa-sound-archive,ICBSA National Sound Archive,"Istituto Centrale per i Beni Sonori ed Audiovisivi (ICBSA), Italian Ministry of Culture",Italy,IT,Europe,Southern Europe,41.893,12.4763,Italian,,folklife; music; oral tradition; history,"History & politics; Music, performance & broadcasting; Oral tradition & folklore",1928,,"Italy's national sound archive, founded in 1928 as the Discoteca di Stato, holds over 300,000 sound items ranging from Edison wax cylinders to digital recordings, including field recordings of Italian folk music, regional dialects, and oral traditions.",http://www.icbsa.it/,,,,,partially_verified,,"v0.1 seed dataset, maintainer-curated from the holding institution's public page.",2026-09-01
MV-000155,greece-asia-minor-oral-tradition-archive,Oral Tradition Archive of the Centre for Asia Minor Studies,Centre for Asia Minor Studies (Κέντρο Μικρασιατικών Σπουδών),Greece,GR,Europe,Southern Europe,37.9716,23.7296,Greek,,displacement; migration; refugees; oral tradition,Migration & displacement; Oral tradition & folklore,1930,1970,"Founded in 1930 by Melpo and Octave Merlier, the Centre's Oral Tradition Archive gathered testimonies from more than 5,000 Greek Orthodox refugees from Asia Minor, covering roughly 1,475 investigated pre-1922 settlements and documenting daily life, the population exchange, and the 1922 Asia Minor Catastrophe.",https://www.kms.org.gr/en/archives/oral-tradition-archive/,,,,,partially_verified,,"v0.1 seed dataset, maintainer-curated from the holding institution's public page.",2026-09-01
MV-000156,slovenia-institute-ethnomusicology-sound-archive,Sound Archive of the Institute of Ethnomusicology,"Institute of Ethnomusicology (Glasbenonarodopisni inštitut), ZRC SAZU",Slovenia,SI,Europe,Southern Europe,46.0489,14.5061,Slovenian,,ethnomusicology; folklife; music; oral tradition,"Music, performance & broadcasting; Oral tradition & folklore",1934,,"Founded in 1934 and now part of the Slovenian Academy of Sciences and Arts, the Institute runs a dedicated Sound Archive and Studio (established 1994) of Slovenian and South Slavic folk music, song, and dance recordings, with selected material published through its Etnomuza digital platform.",https://gni.zrc-sazu.si/en,,,,,partially_verified,,"v0.1 seed dataset, maintainer-curated from the holding institution's public page.",2026-09-01
MV-000157,romania-brailoiu-institute-ethnography-folklore,Constantin Brăiloiu Institute of Ethnography and Folklore Archive,"Institutul de Etnografie și Folclor „Constantin Brăiloiu”, Romanian Academy",Romania,RO,Europe,Eastern Europe,44.4136,26.0836,Romanian,,ethnomusicology; folklore; oral tradition; music,"Music, performance & broadcasting; Oral tradition & folklore",1928,,"Successor to the folklore archive that composer-ethnomusicologist Constantin Brăiloiu founded in 1928 under the Society of Romanian Composers, the Institute preserves decades of field recordings of Romanian folk music and oral tradition gathered during Brăiloiu's and sociologist Dimitrie Gusti's village research campaigns and later fieldwork.",https://academiaromana.ro/ief/,,,,,partially_verified,,"v0.1 seed dataset, maintainer-curated from the holding institution's public page.",2026-09-01
MV-000158,latvia-folklore-archives-dainas,Archives of Latvian Folklore,"Institute of Literature, Folklore and Art, University of Latvia (Latviešu folkloras krātuve)",Latvia,LV,Europe,Northern Europe,56.9346,24.0972,Latvian,,oral tradition; folklore; music,"Music, performance & broadcasting; Oral tradition & folklore",1924,,"Established in 1924, the Archives of Latvian Folklore is the oldest folklore archive in the Baltic states, holding more than three million items including manuscripts, and audio and video recordings. Its centerpiece, the Cabinet of Dainas — Krišjānis Barons's card catalogue of over 200,000 Latvian folk songs — was inscribed on UNESCO's Memory of the World Register in 2001.",https://lulfmi.lv/en/archives-of-latvian-folklore,"UNESCO Memory of the World Register: 'Dainu skapis' (Cabinet of Dainas), inscribed 2001.",,,,partially_verified,,"v0.1 seed dataset, maintainer-curated from the holding institution's public page.",2026-09-01
MV-000159,lithuania-folklore-phonogram-collection,Lithuanian Folk Music Phonogram Collection,"Institute of Lithuanian Literature and Folklore, Lithuanian Folklore Archives",Lithuania,LT,Europe,Northern Europe,54.6975,25.3011,Lithuanian,,oral tradition; music; folklore,"Music, performance & broadcasting; Oral tradition & folklore",1908,1949,"Held at the Lithuanian Folklore Archives, this collection of early phonograph and later tape recordings of Lithuanian folk songs and music, made between 1908 and 1949, was inscribed on UNESCO's Memory of the World national register in 2008 as documentary heritage of regional significance.",https://archyvas.llti.lt/en/lithuanian_folk_music_phonogram_collection/?id=55793,,,,,partially_verified,,"v0.1 seed dataset, maintainer-curated from the holding institution's public page.",2026-09-01
MV-000160,switzerland-uzh-phonogrammarchiv,Phonogrammarchiv of the University of Zurich,"Phonogrammarchiv, University of Zurich",Switzerland,CH,Europe,Western Europe,47.3746,8.5501,German; French; Italian; Romansh,,linguistics; language documentation; oral tradition,Language & linguistics; Oral tradition & folklore,1909,,"Founded in 1909, Switzerland's oldest sound archive collects, documents, and publishes recordings of Swiss dialects across all four national languages; it is now housed within the University of Zurich's Institute of Computational Linguistics.",https://www.phonogrammarchiv.uzh.ch/de.html,,,,,partially_verified,,"v0.1 seed dataset, maintainer-curated from the holding institution's public page.",2026-09-01
MV-000161,denmark-folklore-archives-royal-library,Danish Folklore Archives,"Dansk Folkemindesamling, Royal Danish Library",Denmark,DK,Europe,Northern Europe,55.6739,12.5807,Danish,,folklore; everyday life; oral tradition,Memory & community; Oral tradition & folklore,1904,,"Established in 1904 and incorporated into the Royal Danish Library in 2008, the Danish Folklore Archives preserves manuscripts, audio recordings, and video documenting Danish folk narrative, custom, song, and everyday life across more than a century of collecting.",https://www.kb.dk/en/find-materials/collections/folklore-archive,,,,,partially_verified,,"v0.1 seed dataset, maintainer-curated from the holding institution's public page.",2026-09-01
MV-000162,iceland-arni-magnusson-folklore-collection,Folklore Collection of the Árni Magnússon Institute,Árni Magnússon Institute for Icelandic Studies (Stofnun Árna Magnússonar í íslenskum fræðum),Iceland,IS,Europe,Northern Europe,64.1394,-21.9508,Icelandic,,folklore; oral tradition; music,"Music, performance & broadcasting; Oral tradition & folklore",1900,,"The Institute's ethnology division holds a large tape-recorded folklore collection of ballads, folk songs, folktales, and descriptions of customs gathered across Iceland and Icelandic settlements in North America, with source material dating back to 1900.",https://arnastofnun.is/en/culture,,Selected recordings from the collection are accessible online via the ismus.is portal.,,,partially_verified,,"v0.1 seed dataset, maintainer-curated from the holding institution's public page.",2026-09-01
MV-000163,bulgaria-iefsem-ethnographic-archive,Ethnographic Archive of the Institute of Ethnology and Folklore Studies,"Institute of Ethnology and Folklore Studies with Ethnographic Museum (IEFSEM), Bulgarian Academy of Sciences",Bulgaria,BG,Europe,Eastern Europe,42.6941,23.3299,Bulgarian,,folklife; ethnomusicology; oral tradition,"Music, performance & broadcasting; Oral tradition & folklore",1947,,"Tracing its research lineage to the Institute of Folklore founded by the Bulgarian Academy of Sciences in 1947, IEFSEM's Ethnographic Archive holds field-collected written records, photographs, and sound recordings of Bulgarian pre-industrial and traditional culture, with active digitization efforts underway.",https://iefem.bas.bg/en/,,,,,partially_verified,,"v0.1 seed dataset, maintainer-curated from the holding institution's public page.",2026-09-01
MV-000164,croatia-ethnology-folklore-research-sound-archive,Sound Archive of the Institute of Ethnology and Folklore Research,"Institute of Ethnology and Folklore Research (Institut za etnologiju i folkloristiku), Zagreb",Croatia,HR,Europe,Southern Europe,45.809,15.9971,Croatian,,folklife; ethnomusicology; oral tradition,"Music, performance & broadcasting; Oral tradition & folklore",1948,,"Founded in 1948, the Institute's Audio Library holds several thousand recordings of Croatian oral literature, folk music and dance, and narrations of custom, gathered from Croatian-speaking regions and Croatian communities living outside Croatia.",https://www.ief.hr/en/archive/collections/,,,,,partially_verified,,"v0.1 seed dataset, maintainer-curated from the holding institution's public page.",2026-09-01
MV-000165,serbia-sasa-institute-musicology-archive,Archive of the Institute of Musicology SASA,"Institute of Musicology, Serbian Academy of Sciences and Arts (SASA)",Serbia,RS,Europe,Southern Europe,44.8175,20.4581,Serbian,,ethnomusicology; folklore; music,"Music, performance & broadcasting; Oral tradition & folklore",1948,,"Founded in 1948 as the first musicology institute in the former Yugoslavia, the Institute holds an extensive archive of ethnomusicological field notation and sound recordings of Serbian folk songs and dances, built up through decades of ongoing fieldwork.",https://music.sanu.ac.rs/en/archive/,,,,,partially_verified,,"v0.1 seed dataset, maintainer-curated from the holding institution's public page.",2026-09-01
MV-000166,portugal-fado-museum-digital-sound-archive,Digital Sound Archive (Arquivo Sonoro Digital),"INET-MD (Instituto de Etnomusicologia) and Museu do Fado, Lisbon",Portugal,PT,Europe,Southern Europe,38.7126,-9.1281,Portuguese,,music; oral tradition; everyday life,"Memory & community; Music, performance & broadcasting; Oral tradition & folklore",1900,,"A partnership between the Fado Museum and the Institute of Ethnomusicology (INET-MD, NOVA University Lisbon), this digital archive brings together thousands of historical fado recordings dating from the early 20th century, forming Portugal's largest historical popular-music sound repository.",https://www.inetmd.pt/publicacoes/arquivo-sonoro-digital/,,,,,partially_verified,,"v0.1 seed dataset, maintainer-curated from the holding institution's public page.",2026-09-01
MV-000167,belgium-cegesoma-oral-history-wwii,CegeSoma Oral History Interview Collections,"CegeSoma, State Archives of Belgium",Belgium,BE,Europe,Western Europe,50.8362,4.3315,French; Dutch,,war and conflict; oral tradition; everyday life; military history,Memory & community; Oral tradition & folklore; War & conflict,1969,,"Belgium's federal research centre on 20th-century conflict, part of the State Archives since 2016, holds about 1,800 digitized interviews with former WWII resistance fighters, collaborators, and eyewitnesses, plus 1,200 interviews recorded between 1984 and 1998 on daily life under the German Occupation.",https://www.cegesoma.be/en/home,,,,,partially_verified,,"v0.1 seed dataset, maintainer-curated from the holding institution's public page.",2026-09-01
MV-000168,ukraine-lviv-urban-media-archive,Urban Media Archive Oral History Interviews,"Center for Urban History of East Central Europe, Lviv",Ukraine,UA,Europe,Eastern Europe,49.8404,24.0297,Ukrainian; Russian; Polish,,oral tradition; urban history; everyday life; migration,Memory & community; Migration & displacement; Oral tradition & folklore,2004,,"Since its founding in 2004, the Center for Urban History has recorded oral history interviews on urban space, professional biographies, and everyday life across Lviv and East-Central Europe, digitized and annotated for public access in its Urban Media Archive.",https://uma.lvivcenter.org/en/interviews,,,,,partially_verified,,"v0.1 seed dataset, maintainer-curated from the holding institution's public page.",2026-09-01
MV-000169,slovakia-institute-musicology-folk-music-archive,Folk Music Sound Recordings of the Institute of Musicology SAS,"Institute of Musicology, Slovak Academy of Sciences (Ústav hudobnej vedy SAV)",Slovakia,SK,Europe,Eastern Europe,48.1633,17.0704,Slovak,,ethnomusicology; folklore; music,"Music, performance & broadcasting; Oral tradition & folklore",1950,,"The Institute's Department of Ethnomusicology holds Slovakia's most extensive folk-music recording collection: over 3,500 tapes recorded by Institute staff from the second half of the 20th century onward, covering every region of Slovakia and Slovak diaspora communities abroad.",https://uhv.sav.sk/en/,,,,,partially_verified,,"v0.1 seed dataset, maintainer-curated from the holding institution's public page.",2026-09-01
MV-000170,mexico-fonoteca-nacional,Fonoteca Nacional de México,Fonoteca Nacional de México,Mexico,MX,Americas,Latin America and the Caribbean,19.3467,-99.1718,Spanish; Indigenous languages of the Americas,Indigenous languages of Mexico,oral tradition; ethnomusicology; linguistics; folklife,"Language & linguistics; Music, performance & broadcasting; Oral tradition & folklore",1900,,"Mexico's national sound archive, established in 2008 in Coyoacán, Mexico City, holds and preserves historical and contemporary recordings including music, oral narratives, radio broadcasts and field recordings in Spanish and multiple Mexican indigenous languages, some dating to early wax-cylinder recordings.",https://www.fonotecanacional.gob.mx/,Fonoteca Nacional de México. Retrieved from https://www.fonotecanacional.gob.mx/.,,,,partially_verified,,"v0.1 seed dataset, maintainer-curated from the holding institution's public page.",2026-09-01
MV-000171,mexico-fonoteca-henrietta-yurchenco,Fonoteca Henrietta Yurchenco,Instituto Nacional de los Pueblos Indígenas (INPI),Mexico,MX,Americas,Latin America and the Caribbean,19.4326,-99.1332,Indigenous languages of the Americas; Spanish,Indigenous languages of Mexico,oral tradition; indigenous history; ethnomusicology; linguistics,"Colonialism & Indigenous histories; Language & linguistics; Music, performance & broadcasting; Oral tradition & folklore",1960,1997,"Named for ethnomusicologist Henrietta Yurchenco, this sound archive held by Mexico's national indigenous-peoples institute comprises more than 11,000 field recordings of indigenous music, oral narratives, interviews and festivals gathered by researchers between 1960 and 1997, plus some of the earliest known recordings of Mexican indigenous music.",https://www.inpi.gob.mx/acervos/fonoteca.html,Instituto Nacional de los Pueblos Indígenas. Fonoteca Henrietta Yurchenco. Retrieved from https://www.inpi.gob.mx/acervos/fonoteca.html.,,,,partially_verified,,"v0.1 seed dataset, maintainer-curated from the holding institution's public page.",2026-09-01
MV-000172,guatemala-remhi-centro-memoria-gerardi,REMHI — Proyecto Interdiocesano de Recuperación de la Memoria Histórica,"Centro de la Memoria Monseñor Juan Gerardi (Oficina de Derechos Humanos del Arzobispado de Guatemala, ODHAG)",Guatemala,GT,Americas,Latin America and the Caribbean,14.6349,-90.5069,Spanish; Mayan languages,,genocide; human rights; war and conflict; state terrorism; memory and reconciliation; transitional justice,Genocide & mass violence; Human rights & justice; War & conflict,1995,1998,"Directed by Bishop Juan Gerardi and published as the 1998 report 'Guatemala: Nunca Más', REMHI gathered several thousand oral testimonies from survivors and witnesses of Guatemala's internal armed conflict; the original testimonies and case files are preserved at the archdiocese's Centro de la Memoria, which bears Gerardi's name after his 1998 assassination.",https://www.odhag.org.gt/cmmjg/,,The popularized version of the REMHI report is freely available online; original testimony archives are held for research access at the Centro de la Memoria.,,,partially_verified,,"v0.1 seed dataset, maintainer-curated from the holding institution's public page.",2026-09-01
MV-000173,costa-rica-archivo-historico-musical-ucr,Archivo Histórico Musical,"Escuela de Artes Musicales, Universidad de Costa Rica",Costa Rica,CR,Americas,Latin America and the Caribbean,9.9376,-84.0505,Spanish,,music; folklife; everyday life; history,"History & politics; Memory & community; Music, performance & broadcasting; Oral tradition & folklore",1993,,"Founded in 1993 at the University of Costa Rica's School of Musical Arts, this archive rescues, preserves and digitizes Costa Rica's musical heritage, holding scores, photographs and sound recordings from more than 5,600 Costa Rican composers and musicians.",https://archivomusical.ucr.ac.cr/,"Universidad de Costa Rica, Escuela de Artes Musicales. Archivo Histórico Musical. Retrieved from https://archivomusical.ucr.ac.cr/.",,,,partially_verified,,"v0.1 seed dataset, maintainer-curated from the holding institution's public page.",2026-09-01
MV-000174,cuba-museo-nacional-musica-fonoteca,Fonoteca del Museo Nacional de la Música,Museo Nacional de la Música de Cuba,Cuba,CU,Americas,Latin America and the Caribbean,23.1367,-82.3553,Spanish,,music; ethnomusicology; folklife; history,"History & politics; Music, performance & broadcasting; Oral tradition & folklore",1971,,"Cuba's national music museum in Havana, formed in 1998 from the merger of the earlier Museo y Archivo de la Música with the Odilio Urfé documentation center, holds a sound archive of wax cylinders, reel-to-reel tapes and thousands of discs documenting Cuban musical history, built partly from the Urfé family's private collection.",https://www.ministeriodecultura.gob.cu/es/ministerio-2/directorio-de-entidades/instituciones-nacionales/museo-nacional-de-la-musica,Ministerio de Cultura de Cuba. Museo Nacional de la Música. Retrieved from https://www.ministeriodecultura.gob.cu/es/ministerio-2/directorio-de-entidades/instituciones-nacionales/museo-nacional-de-la-musica.,,,,partially_verified,,"v0.1 seed dataset, maintainer-curated from the holding institution's public page.",2026-09-01
MV-000175,haiti-radio-haiti-archive-duke,Radio Haiti Archive,"David M. Rubenstein Rare Book & Manuscript Library, Duke University",Haiti,HT,Americas,Latin America and the Caribbean,18.5944,-72.3074,Haitian Creole; French; English,,political history; human rights; resistance history; war and conflict; everyday life,History & politics; Human rights & justice; Memory & community; War & conflict,1957,2003,"More than 5,300 digitized audio recordings from independent station Radio Haiti-Inter, donated to Duke's Human Rights Archive by co-anchor Michèle Montas after journalist Jean Dominique's 2000 assassination, documenting Haitian politics, culture and daily life from the Duvalier era through the 1991-1994 coup years and beyond, with trilingual (Kreyòl, French, English) metadata.",https://repository.duke.edu/dc/radiohaiti,"Radio Haiti Archive, David M. Rubenstein Rare Book & Manuscript Library, Duke University. Retrieved from https://repository.duke.edu/dc/radiohaiti.",Freely accessible online via the Duke Digital Repository.,,,partially_verified,,"v0.1 seed dataset, maintainer-curated from the holding institution's public page.",2026-09-01
MV-000176,puerto-rico-archivo-musica-sonido-icp,Archivo de Música y Sonido,"Archivo General de Puerto Rico, Instituto de Cultura Puertorriqueña",Puerto Rico,PR,Americas,Latin America and the Caribbean,18.4655,-66.1057,Spanish,,music; oral tradition; folklife; everyday life,"Memory & community; Music, performance & broadcasting; Oral tradition & folklore",1955,,"A division of Puerto Rico's General Archive under the Instituto de Cultura Puertorriqueña, this collection preserves roughly 15,000 musical works by more than 700 composers alongside around 10,000 recordings, including field recordings of poetry recitations, political rallies and workshops documenting Puerto Rican oral testimony.",https://www.icp.pr.gov/archivo-general/,Instituto de Cultura Puertorriqueña. Archivo General de Puerto Rico. Retrieved from https://www.icp.pr.gov/archivo-general/.,,,,partially_verified,,"v0.1 seed dataset, maintainer-curated from the holding institution's public page.",2026-09-01
MV-000177,bolivia-archivo-oral-fondo-sonoro-umsa,El Archivo Oral — Fondo Oral Sonoro,"Carrera de Literatura, Universidad Mayor de San Andrés (UMSA)",Bolivia,BO,Americas,Latin America and the Caribbean,-16.5,-68.15,Aymara; Quechua; Spanish,"Also Mosetén, Guarayo, Tacana, Tsimán and Chiquitano, among others (per the archive's own description).",oral tradition; community memory; folklore; linguistics,Language & linguistics; Memory & community; Oral tradition & folklore,1980,,"Run by the Literature program at Bolivia's Universidad Mayor de San Andrés, this archive holds roughly 700 hours of audio with more than 7,000 recorded oral narratives — memories, local histories, testimonies, myths and stories — gathered from highland, valley and Amazonian communities across Bolivia's nine departments, in Aymara, Quechua and other languages.",http://www.literatura.edu.bo/archivo_oral/index.php/archivo/sobre-el-archivo,"Universidad Mayor de San Andrés, Carrera de Literatura. El Archivo Oral - Fondo Oral Sonoro. Retrieved from http://www.literatura.edu.bo/archivo_oral/index.php/archivo/sobre-el-archivo.",,,,partially_verified,,"v0.1 seed dataset, maintainer-curated from the holding institution's public page.",2026-09-01
MV-000178,venezuela-testimonios-audiovisuales-culturas-vivas,Testimonios Audiovisuales de las Culturas Vivas de América Latina y el Caribe del Siglo XX,Fundación Centro de la Diversidad Cultural,Venezuela,VE,Americas,Latin America and the Caribbean,10.4806,-66.9036,Spanish; Indigenous languages of the Americas,,ethnomusicology; oral tradition; folklife; religion,"Music, performance & broadcasting; Oral tradition & folklore; Religion & belief",1948,1986,"Custodied in Caracas by the Centro de la Diversidad Cultural (successor to the OAS-founded ethnomusicology institute INIDEF, built around Isabel Aretz's field research), this collection of 152,344 images and 23,383 sound recordings of music, legends, games, poetry, prayers and traditional medicine practices from across Latin America and the Caribbean was inscribed on UNESCO's Memory of the World Regional Register for Latin America and the Caribbean in November 2023.",http://www.diversidadcultural.gob.ve/,"UNESCO Memory of the World Programme, Regional Register for Latin America and the Caribbean (2023 inscriptions); Fundación Centro de la Diversidad Cultural. Retrieved from http://www.diversidadcultural.gob.ve/.",,,,partially_verified,,"v0.1 seed dataset, maintainer-curated from the holding institution's public page.",2026-09-01
MV-000179,uruguay-archivo-oral-memoria-mume,Archivo Oral de la Memoria,"Museo de la Memoria (MUME), Intendencia de Montevideo",Uruguay,UY,Americas,Latin America and the Caribbean,-34.9011,-56.1645,Spanish,,state terrorism; human rights; memory; political history; resistance history,Genocide & mass violence; History & politics; Human rights & justice; Memory & community; War & conflict,1973,1985,"Created by Montevideo's Museum of Memory together with the Association of Friends of MUME, this oral archive holds recorded testimonies from former political prisoners of Uruguay's civil-military dictatorship, including accounts from clandestine detention and torture sites, plus testimonies from relatives of the disappeared, accessible to researchers by appointment.",https://mume.montevideo.gub.uy/archivo-oral-de-la-memoria,,In-person access by appointment; summaries of available testimonies are published on the museum's site.,,,partially_verified,,"v0.1 seed dataset, maintainer-curated from the holding institution's public page.",2026-09-01
MV-000180,nicaragua-narrativas-orales-ihnca-exilio,Narrativas Orales — Brigada de Rescate Histórico Germán Pomares Ordóñez,Instituto de Historia de Nicaragua y Centroamérica (IHNCA),Nicaragua,NI,Americas,Latin America and the Caribbean,12.1364,-86.2514,Spanish,,political history; resistance history; war and conflict; community memory,History & politics; Memory & community; War & conflict,1980,1980,"In 1980, alongside Nicaragua's National Literacy Campaign, some 215 university-student brigadistas recorded roughly 6,900 cassette interviews with popular leaders and witnesses about the Somoza dictatorship and the Sandinista Popular Insurrection; the collection was held at IHNCA (Universidad Centroamericana) until the government's 2023 confiscation of the university, after which exiled Jesuit staff republished the digitized collection at 'El IHNCA en el Exilio'.",https://ihncaexilio.org/el-acervo-ihnca/colecciones/,El IHNCA en el Exilio. Colecciones. Retrieved from https://ihncaexilio.org/el-acervo-ihnca/colecciones/.,Freely browsable online following the 2023 relaunch as 'El IHNCA en el Exilio' after the original archive at UCA Managua was confiscated by the Nicaraguan government.,,,partially_verified,,"v0.1 seed dataset, maintainer-curated from the holding institution's public page.",2026-09-01
MV-000181,vietnam-institute-musicology-databank,Vietnamese Institute for Musicology Data Bank,Vietnamese Institute for Musicology (Viện Âm nhạc Việt Nam),Vietnam,VN,Asia,South-eastern Asia,21.0285,105.8542,Vietnamese; Multiple languages,multiple Vietnamese ethnic minority languages,ethnomusicology; folklife; oral tradition,"Music, performance & broadcasting; Oral tradition & folklore",1976,,"Vietnam's national musicology institute, formally independent since 1976, conducts ongoing fieldwork recording traditional and folk music across the country's ethnic groups, including tens of thousands of folk song and instrumental recordings catalogued in a searchable online data bank.",https://www.vienamnhac.vn/data-bank.html,Vietnamese Institute for Musicology. Data Bank. Retrieved from https://www.vienamnhac.vn/data-bank.html.,Catalog entries and some audio browsable on the institute's website; full recordings typically require contacting the institute directly.,,,partially_verified,,"v0.1 seed dataset, maintainer-curated from the holding institution's public page.",2026-09-01
MV-000182,thailand-sac-anthropological-archives,Anthropological Archives Database,Princess Maha Chakri Sirindhorn Anthropology Centre (SAC),Thailand,TH,Asia,South-eastern Asia,13.7739,100.4571,Thai; Multiple languages,multiple Thai regional and ethnic languages,folklore; linguistics; oral tradition,Language & linguistics; Oral tradition & folklore,1991,,"A public anthropological research organization under Thailand's Ministry of Culture that systematically gathers and preserves ethnographic material from across the country, including audio field recordings, in a searchable online Anthropological Archives Database.",https://db.sac.or.th/anthroarchives/en/about-us.php,,Database searchable online in Thai and English; some holdings require an in-person research visit to Bangkok.,,,partially_verified,,"v0.1 seed dataset, maintainer-curated from the holding institution's public page.",2026-09-01
MV-000183,indonesia-jaap-kunst-collection-ntt,Jaap Kunst Collection,"Perpustakaan Daerah Nusa Tenggara Timur (NTT Regional Library), with University of Amsterdam",Indonesia,ID,Asia,South-eastern Asia,-10.1772,123.607,Indonesian; Multiple languages,"multiple regional languages of Flores, Sumba, Alor, Timor and Kisar",ethnomusicology; music; colonial history,"Colonialism & Indigenous histories; Music, performance & broadcasting",1919,1934,"Colonial-era sound recordings, film footage, and photographs made by ethnomusicologist Jaap Kunst across Flores, Sumba, Alor, Timor, and Kisar between 1919 and 1934 were digitally repatriated in 2024 by the University of Amsterdam to the NTT Regional Library in Kupang, where they are now accessible in a dedicated 'Jaap Kunst Corner.'",https://www.uva.nl/en/shared-content/faculteiten/en/faculteit-der-geesteswetenschappen/news/2024/10/uva-returns-sound-recordings-and-film-footage-from-colonial-collection-to-indonesia.html,University of Amsterdam. UvA returns sound recordings and film footage from colonial collection to Indonesia (October 2024).,"Digitized copies freely accessible in person at the NTT Regional Library, Kupang; original recordings remain held at the University of Amsterdam.",,,partially_verified,,"v0.1 seed dataset, maintainer-curated from the holding institution's public page.",2026-09-01
MV-000184,philippines-hinilawod-epic-chant-recordings,Hinilawod Epic Chant Recordings,"Henry Luce III Library, Central Philippine University",Philippines,PH,Asia,South-eastern Asia,10.7305,122.5637,Karay-a,,epic performance; oral tradition; folklore,Oral tradition & folklore,1956,1957,"Magnetic-tape recordings of the Hinilawod, the epic cycle of Panay, chanted in archaic Karay-a by tradition-bearers Ulang Udig and Narcisa 'Hugan-an' Lingaya and recorded by anthropologist F. Landa Jocano in 1956-57. Inscribed on the UNESCO Memory of the World Committee for Asia and the Pacific (MOWCAP) Register in 2024 as the earliest extensive documentation of the Panay epics.",https://library.cpu.edu.ph/hinilawod-epic-chant-recordings-secured-in-unescos-memory-of-the-world-registry/,Memory of the World Committee for Asia and the Pacific. Hinilawod Epic Chant Recordings (2024). https://www.mowcapunesco.org/register/hinilawod-epic-chant-recordings-2024/,"Digitized and curated by the University of the Philippines Center for Ethnomusicology; original tapes held at Central Philippine University, Iloilo City.",,,partially_verified,,"v0.1 seed dataset, maintainer-curated from the holding institution's public page.",2026-09-01
MV-000185,malaysia-arkib-negara-oral-history,National Archives of Malaysia Oral History Programme,National Archives of Malaysia (Arkib Negara Malaysia),Malaysia,MY,Asia,South-eastern Asia,3.172,101.674,Malay,,oral tradition; history; community memory,History & politics; Memory & community; Oral tradition & folklore,1963,,"Malaysia's national archives has run an oral history programme since 1963, one of the earliest in Southeast Asia, housed within its Documentation and Publication section; interviews recorded through the programme have been used extensively in local historical publications since the 1980s.",https://www.arkib.gov.my/en/,,Registration required for full access; short audio excerpts viewable online via the Archives' Online Finding Aid at ofa.arkib.gov.my.,,,partially_verified,,"v0.1 seed dataset, maintainer-curated from the holding institution's public page.",2026-09-01
MV-000186,png-ipngs-music-archive,IPNGS Music Archive,Institute of Papua New Guinea Studies (IPNGS),Papua New Guinea,PG,Oceania,Melanesia,-9.4707,147.1908,Multiple languages,multiple Papua New Guinean languages,ethnomusicology; music; folklife,"Music, performance & broadcasting; Oral tradition & folklore",1898,,"A government-funded cultural research institute established in 1974 whose Music Archive holds the world's largest collection of Papua New Guinean music recordings and documentation: more than 6,700 collections totalling roughly 12,000 hours of tape, cassette, and digital recordings, including early wax-cylinder and shellac recordings dating to 1898 repatriated from European archives.",https://www.ipngs.gov.pg/,,Access to the archive is by application to IPNGS in Port Moresby.,,,partially_verified,,"v0.1 seed dataset, maintainer-curated from the holding institution's public page.",2026-09-01
MV-000187,solomon-islands-national-museum-tapes,Solomon Islands National Museum Analog Tape Collection,Solomon Islands Archives and National Museum,Solomon Islands,SB,Oceania,Melanesia,-9.428,159.9498,Multiple languages,multiple Solomon Islands languages,language documentation; folklife; oral tradition,Language & linguistics; Oral tradition & folklore,1970,,"Around 200 analog tapes held by the Solomon Islands National Museum contain field recordings in local languages and recordings of customary knowledge made from the 1970s by Solomon Islands government agencies and visiting researchers, covering many of the country's 74 languages, several with few remaining speakers.",https://eap.bl.uk/project/EAP693,"Endangered Archives Programme, British Library. EAP693: Preservation of Solomon Islands analog recordings.","Digitized copies deposited with the Solomon Islands National Museum, PARADISEC, and the British Library; originals remain in Honiara.",,,partially_verified,,"v0.1 seed dataset, maintainer-curated from the holding institution's public page.",2026-09-01
MV-000188,fsm-micsem-music-archive,MicSem Music Collection,Micronesian Seminar (MicSem),Federated States of Micronesia,FM,Oceania,Micronesia,6.96,158.2075,Multiple languages,multiple Micronesian languages,ethnomusicology; music; folklife,"Music, performance & broadcasting; Oral tradition & folklore",1950,1990,"MicSem, a Catholic Church-founded research and public education organization based in Pohnpei since 1992, holds a digitized collection of over 20,000 tracks of Micronesian music, including recordings gathered from government radio stations across Chuuk, Pohnpei, Kosrae, Yap, the Marshall Islands, and Palau dating from the 1950s onward, searchable through its own website.",https://micsem.org/music/music-listing/,,Music listings and audio streams are freely browsable on the MicSem website.,,,partially_verified,,"v0.1 seed dataset, maintainer-curated from the holding institution's public page.",2026-09-01
MV-000189,marshall-islands-alele-museum-archive,Alele Museum Audio-Visual Collection,"Alele Museum, Public Library and National Archives",Marshall Islands,MH,Oceania,Micronesia,7.105,171.38,Marshallese,,folklife; oral tradition; community memory,Memory & community; Oral tradition & folklore,1980,1999,"The Marshall Islands' national museum, library, and archive holds a video and audio collection including local television programs, traditional stories and proverbs, and community event recordings from the 1980s and 1990s, some documenting traditions no longer held by living community members.",https://www.alele.org/,,Located in Majuro; the archive functions as the country's designated national archives.,,,partially_verified,,"v0.1 seed dataset, maintainer-curated from the holding institution's public page.",2026-09-01
MV-000190,nepal-madan-puraskar-pustakalaya-audio,Madan Puraskar Pustakalaya Audio-Visual Collection,Madan Puraskar Pustakalaya,Nepal,NP,Asia,Southern Asia,27.671,85.3247,Nepali,,oral tradition; linguistics; folklife,Language & linguistics; Oral tradition & folklore,1955,,"Nepal's principal Nepali-language library and archive, founded in 1955, holds an audio-visual collection of roughly 750 items including oral testimonies, an audio corpus of Nepali speech, transcribed radio interviews, and recorded voices of Nepali writers.",https://madanpuraskar.org/collection-development-2/,,"Materials are held at the library's premises in Patan, Lalitpur; researchers should contact the library directly for access.",,,partially_verified,,"v0.1 seed dataset, maintainer-curated from the holding institution's public page.",2026-09-01
MV-000191,sri-lanka-national-library-folklore-collection,Folklore Collection,National Library of Sri Lanka,Sri Lanka,LK,Asia,Southern Asia,6.9066,79.863,Sinhala; Tamil,,folklore; oral tradition,Oral tradition & folklore,1990,,"Sri Lanka's national library maintains a dedicated Folklore Collection documenting Sinhala and Tamil oral traditions, folk literature, and related documentary heritage as part of its national holdings.",http://www.natlib.lk/index.php/folklore-collection,,Located in Colombo; materials accessible on-site as part of the library's reference collection.,,,partially_verified,Source URL returned 404 in the 2026-09-21 link check; site restructured. Scope (manuscripts vs. recordings) needs curator review.,"v0.1 seed dataset, maintainer-curated from the holding institution's public page.",2026-09-01
MV-000192,activist-women-s-voices,Activist Women's Voices,Activist Women's Voices,United States,US,Americas,Northern America,40.7485,-73.9836,English,,women's history; community memory; oral tradition,Gender & sexuality; Memory & community; Oral tradition & folklore,1995,,"An oral history project documenting 35 women activists from community-based organizations in the New York City area, representing Arab-American, Haitian, Hispanic, African-American, and Asian-American communities. The collection covers the period from 1995 to 2000 and is held at the Mina Rees Library at CUNY Graduate Center.",https://gc.cuny.edu/Page-Elements/Academics-Research-Centers-Initiatives/Centers-and-Institutes/Center-for-the-Study-of-Women-and-Society/Research-Projects,Activist Women's Voices. Retrieved from https://gc.cuny.edu/Page-Elements/Academics-Research-Centers-Initiatives/Centers-and-Institutes/Center-for-the-Study-of-Women-and-Society/Research-Projects.,,lesbian-herstory-archives; jewish-womens-archive-weaving-words; nmai-archive-center,,partially_verified,Languages inferred from country and subject; not stated by the source.,"Wikipedia/Wikidata harvest, September 2026 audit (Wikidata Q22906176; URL from wikipedia:infobox). See data/new-entries-provenance.json.",2026-09-20
MV-000193,a-people-s-archive-of-police-violence-in-cleveland,A People's Archive of Police Violence in Cleveland,A People's Archive of Police Violence in Cleveland,United States,US,Americas,Northern America,41.4719,-81.6969,English,,community memory; human rights; history,History & politics; Human rights & justice; Memory & community,2015,,"A community-created digital archive launched in 2015 to document experiences of police violence not captured in official narratives. The archive collects photographs and oral testimony from community members via the Omeka platform, grounded in archival activism and community healing from state violence.",https://www.archivingpoliceviolence.org,A People's Archive of Police Violence in Cleveland. Retrieved from https://www.archivingpoliceviolence.org.,,storycorps-national-archive; usc-shoah-foundation-vha; one-archives-usc,,partially_verified,Languages inferred from country and subject; not stated by the source.,"Wikipedia/Wikidata harvest, September 2026 audit (Wikidata Q76000748; URL from wikidata:P856). See data/new-entries-provenance.json.",2026-09-20
MV-000194,archives-of-american-art,Archives of American Art,Archives of American Art,United States,US,Americas,Northern America,38.8979,-77.0227,English,,history,History & politics,1954,,"The Archives of American Art holds over 20 million items of primary resources documenting the history of visual arts in the United States, including more than 2,000 art-related oral history interviews. The collection encompasses papers of artists, materials from galleries, dealers, and collectors, and represents all regions of the country across numerous eras and art movements.",https://www.aaa.si.edu/,Archives of American Art. Retrieved from https://www.aaa.si.edu/.,,,,partially_verified,Languages inferred from country and subject; not stated by the source.,"Wikipedia/Wikidata harvest, September 2026 audit (Wikidata Q2860568; URL from wikidata:P856). See data/new-entries-provenance.json.",2026-09-20
MV-000195,association-for-diplomatic-studies-and-training,Association for Diplomatic Studies and Training,Association for Diplomatic Studies and Training,United States,US,Americas,Northern America,38.8676,-77.1015,English,,history; political history,History & politics,1986,,"The ADST's Foreign Affairs Oral History program has recorded over 2,600 oral histories by American diplomats. The organization also produces and shares these oral histories and facilitates publication of books about diplomacy by diplomats and others.",https://adst.org,Association for Diplomatic Studies and Training. Retrieved from https://adst.org.,,,,partially_verified,Languages inferred from country and subject; not stated by the source.,"Wikipedia/Wikidata harvest, September 2026 audit (Wikidata Q4809439; URL from wikidata:P856). See data/new-entries-provenance.json.",2026-09-20
MV-000196,freedom-collection,Freedom Collection,Freedom Collection,United States,US,Americas,Northern America,32.772,-96.7947,English; Arabic; Czech; Spanish,,human rights; political history,History & politics; Human rights & justice,2012,,"Freedom Collection is a digital repository documenting major human rights and freedom movement figures from the 20th and 21st centuries through video interviews and documents. Launched in March 2012 with 56 interviews, it features contributors including former national leaders and civil rights activists from multiple countries. As of 2022, the website had not been updated since 2016 and the YouTube channel since October 2015, with unclear current status.",https://www.bushcenter.org/freedom-collection,Freedom Collection. Retrieved from https://www.bushcenter.org/freedom-collection.,,usc-shoah-foundation-vha; fortunoff-video-archive; armenian-film-foundation,,partially_verified,Languages inferred from country and subject; not stated by the source.,"Wikipedia/Wikidata harvest, September 2026 audit (Wikidata Q17014741; URL from wikidata:P856). See data/new-entries-provenance.json.",2026-09-20
MV-000197,german-broadcasting-archive-deutsches-rundfunkarchiv,German Broadcasting Archive (Deutsches Rundfunkarchiv; DRA),German Broadcasting Archive,Germany,DE,Europe,Western Europe,52.3897,13.1198,German,,broadcast history,"Music, performance & broadcasting",1952,,The DRA is a non-profit foundation supported by ARD that preserves essential aspects of German broadcasting history through sound recordings. It was founded in 1952 as the German sound archive and maintains two locations in Frankfurt am Main and Potsdam-Babelsberg.,https://www.dra.de/,German Broadcasting Archive. German Broadcasting Archive (Deutsches Rundfunkarchiv; DRA). Retrieved from https://www.dra.de/.,,,,partially_verified,Languages inferred from country and subject; not stated by the source.,"Wikipedia/Wikidata harvest, September 2026 audit (Wikidata Q1205934; URL from wikidata:P856). See data/new-entries-provenance.json.",2026-09-20
MV-000198,j-s-battye-library-of-west-australian-history,J. S. Battye Library of West Australian History,J S Battye Library,Australia,AU,Oceania,Australia and New Zealand,-31.9489,115.861,English,,history,History & politics,1956,,"The J. S. Battye Library is a division of the State Library of Western Australia that holds historical records including oral history tapes, photographs, artworks, films, videos, and non-government records. The library provides reference, copying, genealogical, consultancy, and reader education services.",https://slwa.wa.gov.au/dead_reckoning/battye_library,J S Battye Library. J. S. Battye Library of West Australian History. Retrieved from https://slwa.wa.gov.au/dead_reckoning/battye_library.,,,,partially_verified,Languages inferred from country and subject; not stated by the source.,"Wikipedia/Wikidata harvest, September 2026 audit (Wikidata Q6109426; URL from wikipedia:infobox). See data/new-entries-provenance.json.",2026-09-20
MV-000199,moise-a-khayrallah-center-for-lebanese-diaspora,Moise A. Khayrallah Center for Lebanese Diaspora Studies,Moise A. Khayrallah Center for Lebanese Diaspora Studies,United States,US,Americas,Northern America,35.7868,-78.6679,English; Arabic,,migration; community memory; history,History & politics; Memory & community; Migration & displacement,2010,,A research center at North Carolina State University that supports oral history collection and maintains a digital archive of material about the Lebanese diaspora in the US and worldwide. The center has produced documentary and museum exhibition work on Lebanese-American history in North Carolina.,https://lebanesestudies.ncsu.edu/,Moise A. Khayrallah Center for Lebanese Diaspora Studies. Retrieved from https://lebanesestudies.ncsu.edu/.,,saada-archive; immigration-history-research-center-umn; storycorps-national-archive,,partially_verified,Languages inferred from country and subject; not stated by the source.,"Wikipedia/Wikidata harvest, September 2026 audit (Wikidata Q22095741; URL from wikidata:P856). See data/new-entries-provenance.json.",2026-09-20
MV-000200,national-archives-of-the-cook-islands,National Archives of the Cook Islands,National Archives of the Cook Islands,Cook Islands,CK,Oceania,Polynesia,-21.2082,-159.7755,Cook Islands Māori; English,,oral tradition; indigenous history,Colonialism & Indigenous histories; Oral tradition & folklore,1974,,"The National Archives of the Cook Islands was established in 1974 to preserve government records, cultural materials, and oral traditions. It holds a collection of over 4,000 images of the Cook Islands from the 1950s from the Donald Stanley Marshall collection.",https://www.culture.gov.ck/category/national-archives/,National Archives of the Cook Islands. Retrieved from https://www.culture.gov.ck/category/national-archives/.,,,,partially_verified,Languages inferred from country and subject; not stated by the source.,"Wikipedia/Wikidata harvest, September 2026 audit (Wikidata Q16893043; URL from wikidata:P856). See data/new-entries-provenance.json.",2026-09-20
MV-000201,national-smokejumper-association,National Smokejumper Association,National Smokejumper Association,United States,US,Americas,Northern America,46.8722,-113.9931,English,,history; labor history,History & politics; Labor,1993,,"The NSA preserves the history of smokejumping and aerial fire management through interviews, rosters, photographs, films, letters, reports and publications. It serves as a meeting area for people involved in wildland firefighting and supports preservation of national forests and grasslands.",https://smokejumpers.com/,National Smokejumper Association. Retrieved from https://smokejumpers.com/.,,,,partially_verified,Languages inferred from country and subject; not stated by the source.,"Wikipedia/Wikidata harvest, September 2026 audit (Wikidata Q6978470; URL from wikidata:P856). See data/new-entries-provenance.json.",2026-09-20
MV-000202,pangloss-collection,Pangloss Collection,Pangloss Collection,France,FR,Europe,Western Europe,48.8581,2.353,Multiple languages,"about 170 languages, mostly of small, often endangered speech communities",language documentation,Language & linguistics,1996,,"The Pangloss Collection is a digital library developed by the LACITO centre of CNRS in Paris that stores audio recordings in endangered languages from all continents. It provides free online access to documents of connected, spontaneous speech in little-documented languages.",https://pangloss.cnrs.fr/,Pangloss Collection. Retrieved from https://pangloss.cnrs.fr/.,,institut-kurde-paris,,partially_verified,,"Wikipedia/Wikidata harvest, September 2026 audit (Wikidata Q6468667; URL from wikidata:P856). See data/new-entries-provenance.json.",2026-09-20
MV-000203,preserve-the-baltimore-uprising,Preserve the Baltimore Uprising,Preserve the Baltimore Uprising,United States,US,Americas,Northern America,39.2815,-76.6146,English,,community memory; history; human rights; political history,History & politics; Human rights & justice; Memory & community,2015,,"A crowd-sourced digital archive preserving media created by people and organizations involved in or witnessing the 2015 Baltimore protests following Freddie Gray's death. As of 2018, the collection held over 3,000 documents including images and oral histories, with materials portraying diverse perspectives on the events.",https://baltimoreuprising2015.org/,Preserve the Baltimore Uprising. Retrieved from https://baltimoreuprising2015.org/.,,storycorps-national-archive; usc-shoah-foundation-vha; one-archives-usc,,partially_verified,Languages inferred from country and subject; not stated by the source.,"Wikipedia/Wikidata harvest, September 2026 audit (Wikidata Q96400016; URL from wikipedia:infobox). See data/new-entries-provenance.json.",2026-09-20
MV-000204,the-interviews-an-oral-history-of-television,The Interviews: An Oral History of Television,The Interviews: An Oral History of Television,United States,US,Americas,Northern America,34.0492,-118.232,English,,broadcast history,"Music, performance & broadcasting",1997,,"A project of the Academy of Television Arts & Sciences Foundation that records videotaped interviews with television pioneers and industry professionals. The archive has interviewed over 950 people and posted over 900 interviews online, covering actors, producers, newscasters, and executives from all Emmy-recognized television professions.",https://interviews.televisionacademy.com/,The Interviews: An Oral History of Television. Retrieved from https://interviews.televisionacademy.com/.,,,,partially_verified,Languages inferred from country and subject; not stated by the source.,"Wikipedia/Wikidata harvest, September 2026 audit (Wikidata Q4787268; URL from wikidata:P856). See data/new-entries-provenance.json.",2026-09-20
MV-000205,the-outwords-archive,The Outwords Archive,The OUTWORDS Archive,United States,US,Americas,Northern America,34.0492,-118.232,English,,community memory; human rights,Human rights & justice; Memory & community,2016,,"The Outwords Archive records on-camera interviews with elders from the LGBTQ+ community throughout the United States. The nonprofit's stated mission is to capture, preserve, and share the stories of LGBTQIA2S+ elders to build community and catalyze social change. Their digital collection is made available to the public for free through their website.",https://www.theoutwordsarchive.org/,The OUTWORDS Archive. The Outwords Archive. Retrieved from https://www.theoutwordsarchive.org/.,,storycorps-national-archive; usc-shoah-foundation-vha; one-archives-usc,,partially_verified,Languages inferred from country and subject; not stated by the source.,"Wikipedia/Wikidata harvest, September 2026 audit (Wikidata Q65089759; URL from wikidata:P856). See data/new-entries-provenance.json.",2026-09-20
MV-000206,war-childhood-museum,War Childhood Museum,War Childhood Museum,Bosnia and Herzegovina,BA,Europe,Southern Europe,43.862,18.4285,Bosnian,,war and conflict; community memory; everyday life,Memory & community; War & conflict,2010,,"The War Childhood Museum in Sarajevo collects and presents the memories of children who lived through the Bosnian war, gathered initially through an online platform that received over 1,000 submissions from young adults. The museum displays these recollections through objects, video testimonies, and oral history excerpts.",https://warchildhood.org/,War Childhood Museum. Retrieved from https://warchildhood.org/.,,,,partially_verified,Languages inferred from country and subject; not stated by the source.,"Wikipedia/Wikidata harvest, September 2026 audit (Wikidata Q28654544; URL from wikidata:P856). See data/new-entries-provenance.json.",2026-09-20
MV-000207,osterreichische-mediathek,Österreichische Mediathek,Österreichische Mediathek,Austria,AT,Europe,Western Europe,48.1923,16.3487,German,,history,History & politics,1960,,"The Österreichische Mediathek is the Austrian archive for sound recordings and videos documenting cultural and contemporary history. Founded in 1960 as the Österreichische Phonothek by the Ministry of Education, it has been a branch of the Vienna Technical Museum since 2001. It is responsible for preserving Austrian audio-visual cultural heritage, excluding film on photographic carrier material and photography.",https://www.mediathek.at/,Österreichische Mediathek. Retrieved from https://www.mediathek.at/.,,,,partially_verified,Languages inferred from country and subject; not stated by the source.,"Wikipedia/Wikidata harvest, September 2026 audit (Wikidata Q303798; URL from wikidata:P856). See data/new-entries-provenance.json.",2026-09-20
MV-000208,oral-history-of-american-music,Oral History of American Music,Oral History of American Music,United States,US,Americas,Northern America,41.3304,-72.9,English,,music,"Music, performance & broadcasting",1969,,"An oral history project and archive of audio and video recordings consisting mainly of interviews with American classical and jazz musicians. Currently holds approximately 3,000 interviews with more than 900 subjects and is considered the definitive collection of its kind. Housed as a special collection of the Irving S. Gilmore Music Library at Yale University.",https://library.yale.edu/visit-and-study/libraries-locations/gilmore-music-library/oral-history-american-music,Oral History of American Music. Retrieved from https://library.yale.edu/visit-and-study/libraries-locations/gilmore-music-library/oral-history-american-music.,,ralph-rinzler-folklife-archives; association-cultural-equity-lomax,,partially_verified,Languages inferred from country and subject; not stated by the source.,"Wikipedia/Wikidata harvest, September 2026 audit (Wikidata Q22095677; URL from wikidata:P856). See data/new-entries-provenance.json.",2026-09-20
MV-000209,slave-narratives-a-folk-history-of-slavery-in-the,Slave Narratives: A Folk History of Slavery in the United States,Slave Narrative Collection,United States,US,Americas,Northern America,38.9015,-77.0114,English,,oral tradition; history; community memory; folklife,History & politics; Memory & community; Oral tradition & folklore,1936,,"A collection of oral histories and photographs from formerly enslaved people gathered by the Federal Writers' Project across seventeen states from 1936 to 1939. The collection contains more than 10,000 typed pages representing more than 2,000 interviews, now in the public domain and digitized. The Library of Congress holds digitized audio recordings from the project.",https://www.loc.gov/collections/slave-narratives-from-the-federal-writers-project-1936-to-1938/articles-and-essays/introduction-to-the-wpa-slave-narratives/wpa-and-the-slave-narrative-collection/,Slave Narrative Collection. Slave Narratives: A Folk History of Slavery in the United States. Retrieved from https://www.loc.gov/collections/slave-narratives-from-the-federal-writers-project-1936-to-1938/articles-and-essays/introduction-to-the-wpa-slave-narratives/wpa-and-the-slave-narrative-collection/.,,ralph-rinzler-folklife-archives; association-cultural-equity-lomax; nmai-archive-center,,partially_verified,Languages inferred from country and subject; not stated by the source.,"Wikipedia/Wikidata harvest, September 2026 audit (Wikidata Q7539156; URL from wikipedia:infobox). See data/new-entries-provenance.json.",2026-09-20
MV-000210,swaziland-oral-history-project,Swaziland Oral History Project,University of Cape Town Libraries (Emandulo digital collections),Eswatini,SZ,Africa,Sub-Saharan Africa,-26.4667,31.2,Swazi; English,Interviews mainly in siSwati; a selection transcribed and translated into English.,oral tradition; history; indigenous history,Colonialism & Indigenous histories; History & politics; Oral tradition & folklore,1985,,"The Swaziland Oral History Project is a research and archival initiative that collects, preserves, transcribes and translates oral histories, clan genealogies and testimonies of Swazi elders, with particular attention to precolonial history of the Swazi kingdom. Materials were developed through cooperation between Swazi archivists, elders and professional historians, and were also transferred to the Historical Papers Research Archive at the University of the Witwatersrand in South Africa.",https://emandulo.apc.uct.ac.za/metadata/SWOHP/index.html,University of Cape Town Libraries (Emandulo digital collections). Swaziland Oral History Project. Retrieved from https://emandulo.apc.uct.ac.za/metadata/SWOHP/index.html.,,,,partially_verified,,"Wikipedia/Wikidata harvest, September 2026 audit (Wikidata Q137572000; URL from wikipedia:infobox). See data/new-entries-provenance.json.",2026-09-20
